Date,Route,Rating,Notes,URL,Pitches,Location,"Avg Stars","Your Stars",Style,"Lead Style","Route Type","Your Rating",Length,"Rating Code"
2026-08-08,"The Disclaimer",5.11b/c,,https://www.mountainproject.com/route/105949170/the-disclaimer,1,"Colorado > Colorado Springs > North Cheyenne Canyon > The Amphitheater",3.6,-1,Lead,Redpoint,Sport,,80,5100
2026-08-08,"Crickets in the Cabbage",5.10d,,https://www.mountainproject.com/route/105949167/crickets-in-the-cabbage,1,"Colorado > Colorado Springs > North Cheyenne Canyon > The Amphitheater",2.9,-1,Lead,Redpoint,Sport,,80,3500
2026-08-08,"The Full Male Deal",5.10c,,https://www.mountainproject.com/route/105760512/the-full-male-deal,2,"Colorado > Colorado Springs > North Cheyenne Canyon > The Amphitheater",2.7,-1,Lead,Redpoint,Sport,,190,3200
2026-08-02,Firearms,5.12a,,https://www.mountainproject.com/route/105753760/firearms,1,"Colorado > Rifle > Rifle Mountain Park > Ruckman Cave",3.0,-1,Lead,Fell/Hung,Sport,,,6600
2026-08-02,"Rigor Mortis",5.12,3rd,https://www.mountainproject.com/route/110973342/rigor-mortis,1,"Colorado > Rifle > Rifle Mountain Park > Lower Tier > West Facing",3.5,-1,TR,,Sport,,60,7000
2026-08-02,"Rigor Mortis",5.12,2nd,https://www.mountainproject.com/route/110973342/rigor-mortis,1,"Colorado > Rifle > Rifle Mountain Park > Lower Tier > West Facing",3.5,-1,TR,,Sport,,60,7000
2026-08-02,"Rigor Mortis",5.12,1st,https://www.mountainproject.com/route/110973342/rigor-mortis,1,"Colorado > Rifle > Rifle Mountain Park > Lower Tier > West Facing",3.5,-1,Lead,Fell/Hung,Sport,,60,7000
2026-08-02,"The Other Side",5.12c,,https://www.mountainproject.com/route/110747396/the-other-side,1,"Colorado > Rifle > Rifle Mountain Park > Lower Tier > West Facing",2.9,-1,Lead,Fell/Hung,Sport,,60,7200
2026-08-02,Requiem,5.11b,,https://www.mountainproject.com/route/111016186/requiem,1,"Colorado > Rifle > Rifle Mountain Park > Lower Tier > South Facing",3.5,-1,Lead,Onsight,Sport,,70,4900
2026-08-01,Deity,5.13a,,https://www.mountainproject.com/route/111132218/deity,1,"Colorado > Rifle > Rifle Mountain Park > The Wicked Cave",2.8,-1,Lead,Fell/Hung,Sport,,40,8600
2026-08-01,"Blocky Horror Picture Show",5.12d,,https://www.mountainproject.com/route/106131312/blocky-horror-picture-show,1,"Colorado > Rifle > Rifle Mountain Park > Meat Wall",3.6,-1,Lead,Fell/Hung,Sport,,80,7500
2026-08-01,"Lost and Found",5.12b,"High point, tough finish right at last bolt, slightly slopey with right knee bar for reach",https://www.mountainproject.com/route/106002073/lost-and-found,1,"Colorado > Rifle > Rifle Mountain Park > Meat Wall",3.6,-1,Lead,Fell/Hung,Sport,,,6900
2026-08-01,"Lost and Found",5.12b,,https://www.mountainproject.com/route/106002073/lost-and-found,1,"Colorado > Rifle > Rifle Mountain Park > Meat Wall",3.6,-1,Lead,Fell/Hung,Sport,,,6900
2026-08-01,"Rubble Vision",5.11b,,https://www.mountainproject.com/route/203042092/rubble-vision,1,"Colorado > Rifle > Rifle Mountain Park > Meat Wall",2.9,-1,Lead,Onsight,Sport,,60,4900
2026-07-26,"Bush Administration",5.10b/c,,https://www.mountainproject.com/route/105762957/bush-administration,1,"Colorado > Golden > Clear Creek Canyon > Little Eiger",3.0,-1,Lead,Redpoint,Sport,,110,3100
2026-07-26,Conehead,5.11b,,https://www.mountainproject.com/route/105752596/conehead,1,"Colorado > Golden > Clear Creek Canyon > Little Eiger",2.4,-1,Lead,Redpoint,Sport,,,4900
2026-07-26,"Tierra Del Fuego (extension)",5.12a,,https://www.mountainproject.com/route/113073894/tierra-del-fuego-extension,1,"Colorado > Golden > Clear Creek Canyon > Little Eiger",2.5,-1,Lead,Fell/Hung,Sport,,105,6600
2026-07-26,"Tierra Del Fuego",5.11b,,https://www.mountainproject.com/route/105763815/tierra-del-fuego,1,"Colorado > Golden > Clear Creek Canyon > Little Eiger",2.6,-1,Lead,Redpoint,Sport,,100,4900
2026-07-26,"Persistent Vegetative State",5.10a/b,,https://www.mountainproject.com/route/105764160/persistent-vegetative-state,1,"Colorado > Golden > Clear Creek Canyon > Little Eiger",3.1,-1,Lead,Redpoint,Sport,,115,2800
2026-07-26,Headline,5.10a,,https://www.mountainproject.com/route/105757051/headline,1,"Colorado > Golden > Clear Creek Canyon > Little Eiger",2.8,-1,Lead,Onsight,"Trad, Sport",,80,2600
2026-07-19,"The Martyr",5.9+,,https://www.mountainproject.com/route/105756922/the-martyr,2,"Colorado > Colorado Springs > Old Stage Road > Saint Peter's Overlook",3.8,4,Lead,Redpoint,Trad,,300,2500
2026-07-18,"Gold Finch",5.12a,,https://www.mountainproject.com/route/203295588/gold-finch,1,"Colorado > South Platte > Staunton State Park > The Raven",2.0,-1,Lead,Fell/Hung,Sport,,45,6600
2026-07-18,"Welcome to Baltimore",5.12b,,https://www.mountainproject.com/route/123873349/welcome-to-baltimore,1,"Colorado > South Platte > Staunton State Park > The Raven",1.5,-1,Lead,Fell/Hung,Sport,,25,6900
2026-07-12,Consternation,5.8-,,https://www.mountainproject.com/route/106654602/consternation,1,"Colorado > South Platte > Turkey Rocks > Turkey Tail",1.9,-1,TR,,"Trad, TR",,50,2000
2026-07-12,Consternation,5.8-,,https://www.mountainproject.com/route/106654602/consternation,1,"Colorado > South Platte > Turkey Rocks > Turkey Tail",1.9,-1,Lead,Onsight,"Trad, TR",,50,2000
2026-07-12,Termination,5.8,,https://www.mountainproject.com/route/105764718/termination,1,"Colorado > South Platte > Turkey Rocks > Turkey Tail",2.4,-1,TR,,Trad,,100,2100
2026-07-12,Eclipse,5.9-,,https://www.mountainproject.com/route/105762225/eclipse,1,"Colorado > South Platte > Turkey Rocks > Turkey Tail",3.1,-1,Lead,Onsight,Trad,,90,2300
2026-07-04,"Workingman Blues",5.11b,,https://www.mountainproject.com/route/119260626/workingman-blues,1,"Wyoming > Ten Sleep Canyon > Old Road Crags > Honky Tonk",2.4,-1,Lead,Redpoint,Sport,,50,4900
2026-07-04,"Honky Tonk Hero",5.10d,,https://www.mountainproject.com/route/119260676/honky-tonk-hero,1,"Wyoming > Ten Sleep Canyon > Old Road Crags > Honky Tonk",3.1,-1,Lead,Onsight,Sport,,90,3500
2026-07-04,"El Rey del Jaripeo",5.12a,,https://www.mountainproject.com/route/117597618/el-rey-del-jaripeo,1,"Wyoming > Ten Sleep Canyon > Old Road Crags > Honky Tonk",3.3,-1,Lead,Onsight,Sport,,100,6600
2026-06-29,Stigmata,5.12b,,https://www.mountainproject.com/route/112198803/stigmata,1,"Wyoming > Ten Sleep Canyon > Valhalla > J. Ministry Wall",3.4,-1,Lead,Redpoint,Sport,,85,6900
2026-06-29,Stigmata,5.12b,,https://www.mountainproject.com/route/112198803/stigmata,1,"Wyoming > Ten Sleep Canyon > Valhalla > J. Ministry Wall",3.4,-1,Lead,Fell/Hung,Sport,,85,6900
2026-06-29,"Jesus Built My Hotrod",5.11d,,https://www.mountainproject.com/route/113266164/jesus-built-my-hotrod,1,"Wyoming > Ten Sleep Canyon > Valhalla > J. Ministry Wall",2.3,-1,Lead,Onsight,Sport,,60,5500
2026-06-29,"Knee High Bear",5.11d,,https://www.mountainproject.com/route/117126051/knee-high-bear,1,"Wyoming > Ten Sleep Canyon > Valhalla > J. Ministry Wall",2.7,-1,Lead,Onsight,Sport,,60,5500
2026-06-29,"Burning Inside",5.11b/c,,https://www.mountainproject.com/route/113053173/burning-inside,1,"Wyoming > Ten Sleep Canyon > Valhalla > J. Ministry Wall",3.3,-1,Lead,Onsight,Sport,,60,5100
2026-06-29,"They Can't See Us, We're in the Spirit World",5.11b,,https://www.mountainproject.com/route/108192488/they-cant-see-us-were-in-the-spirit-world,1,"Wyoming > Ten Sleep Canyon > Valhalla > J. Ministry Wall",1.8,-1,Lead,Onsight,Sport,,70,4900
2026-06-29,"Home Sweet Home",5.11a,,https://www.mountainproject.com/route/114981831/home-sweet-home,1,"Wyoming > Ten Sleep Canyon > Valhalla > 9. California Corner",2.8,-1,Lead,Onsight,Sport,,50,4600
2026-06-29,"Big For My Britches",5.11c,,https://www.mountainproject.com/route/201506298/big-for-my-britches,1,"Wyoming > Ten Sleep Canyon > Valhalla > 7. Firm Wall",3.0,-1,Lead,Onsight,Sport,,80,5200
2026-06-26,"Born Again",5.11c,,https://www.mountainproject.com/route/106232740/born-again,1,"Wyoming > Ten Sleep Canyon > Mecca > The Ark",3.0,-1,Lead,Fell/Hung,Sport,,100,5200
2026-06-26,"Atheist Childhood",5.11a,,https://www.mountainproject.com/route/106232722/atheist-childhood,1,"Wyoming > Ten Sleep Canyon > Mecca > The Ark",3.3,-1,Lead,Onsight,Sport,,85,4600
2026-06-26,"Unsubstantiated Propaganda",5.12a,,https://www.mountainproject.com/route/106537636/unsubstantiated-propaganda,1,"Wyoming > Ten Sleep Canyon > Mecca > The Ark",3.3,-1,Lead,Onsight,Sport,,80,6600
2026-06-26,"July Jihad",5.12b,,https://www.mountainproject.com/route/106537649/july-jihad,1,"Wyoming > Ten Sleep Canyon > Mecca > The Ark",3.5,-1,Lead,Onsight,Sport,,80,6900
2026-06-26,"The Last Starfighter",5.12a/b,,https://www.mountainproject.com/route/106537719/the-last-starfighter,1,"Wyoming > Ten Sleep Canyon > Mecca > The Ark",3.5,-1,Lead,Onsight,Sport,,80,6800
2026-06-26,"Ocean of Terror",5.12a/b,,https://www.mountainproject.com/route/107223349/ocean-of-terror,1,"Wyoming > Ten Sleep Canyon > Mecca > The Ark",3.0,4,Lead,Onsight,Sport,5.12a,90,6800
2026-06-26,"All God's Creatures",5.11+,,https://www.mountainproject.com/route/124495516/all-gods-creatures,1,"Wyoming > Ten Sleep Canyon > Mecca > The Ark",2.8,4,Lead,Onsight,Sport,5.12a,90,5300
2026-06-26,"Ignorant Bliss",5.11b,,https://www.mountainproject.com/route/113664798/ignorant-bliss,1,"Wyoming > Ten Sleep Canyon > Mecca > The Ark",3.3,-1,Lead,Onsight,Sport,,100,4900
2026-06-24,Tenacious,5.11a,,https://www.mountainproject.com/route/115135933/tenacious,1,"Wyoming > Ten Sleep Canyon > Valhalla > 6. Babareena Area",3.1,-1,Lead,Redpoint,Sport,,85,4600
2026-06-24,"Vitamin K",5.12b,,https://www.mountainproject.com/route/107755077/vitamin-k,1,"Wyoming > Ten Sleep Canyon > Valhalla > 5. Drugs and Sex",3.5,-1,Lead,Fell/Hung,Sport,,80,6900
2026-06-24,Ecstasy,5.10d,,https://www.mountainproject.com/route/117126100/ecstasy,1,"Wyoming > Ten Sleep Canyon > Valhalla > 5. Drugs and Sex",2.5,-1,Lead,Redpoint,Sport,,60,3500
2026-06-24,"Full House",5.10c,,https://www.mountainproject.com/route/119682050/full-house,1,"Wyoming > Ten Sleep Canyon > Valhalla > 4. House Wall",2.6,-1,Lead,Redpoint,Sport,,,3200
2026-06-24,"Halfway House",5.10b,,https://www.mountainproject.com/route/117685505/halfway-house,1,"Wyoming > Ten Sleep Canyon > Valhalla > 4. House Wall",2.7,-1,Lead,Redpoint,Sport,,,2900
2026-06-24,"House of Cards",5.10a,,https://www.mountainproject.com/route/117685486/house-of-cards,1,"Wyoming > Ten Sleep Canyon > Valhalla > 4. House Wall",2.3,-1,Lead,Redpoint,Sport,,,2600
2026-06-21,"Don't Tell Nancy (in memory of Dave Turner)",5.11b,,https://www.mountainproject.com/route/126647058/dont-tell-nancy-in-memory-of-dave-turner,1,"Colorado > Boulder > Boulder Canyon > Mountain Rose",2.9,3,Lead,Redpoint,Sport,5.11a,55,4900
2026-06-21,"Big Tuna",5.11a,,https://www.mountainproject.com/route/107681602/big-tuna,1,"Colorado > Boulder > Boulder Canyon > Mountain Rose",2.4,-1,Lead,Redpoint,Sport,,,4600
2026-06-21,Axed,5.10b,,https://www.mountainproject.com/route/112776688/axed,1,"Colorado > Boulder > Boulder Canyon > Mountain Rose",2.2,-1,Lead,Onsight,Sport,,60,2900
2026-06-19,Outlander,5.10c,"Hung out of pod on p2",https://www.mountainproject.com/route/105750445/outlander,2,"Colorado > Estes Park Valley > Lumpy Ridge > The Book > The Pages Wall Area",3.4,-1,Lead,Fell/Hung,Trad,,,3200
2026-06-19,"Fat City Crack",5.10c,"Pulled on gear at p2 roof",https://www.mountainproject.com/route/105748954/fat-city-crack,3,"Colorado > Estes Park Valley > Lumpy Ridge > The Book > The Pages Wall Area",3.6,-1,Lead,Fell/Hung,Trad,,,3200
2026-06-13,"The 37th Cog in Melvin's Wheel aka Melvin's Wheel",5.8,,https://www.mountainproject.com/route/105756799/the-37th-cog-in-melvins-wheel-aka-melvins-wheel,3,"Colorado > Estes Park Valley > Lumpy Ridge > The Bookmark",3.4,-1,Lead,Onsight,Trad,,,2100
2026-06-12,Mainliner,5.9,,https://www.mountainproject.com/route/105749065/mainliner,5,"Colorado > Estes Park Valley > Lumpy Ridge > Sundance Buttress",3.6,-1,Lead,Onsight,Trad,,700,2400
2026-06-09,"The Oldtimey Eleven",5.11c,,https://www.mountainproject.com/route/105757666/the-oldtimey-eleven,1,"Colorado > South Platte > Devil's Head > The Hangdog Cafe",3.6,-1,Lead,Fell/Hung,Sport,,90,5200
2026-06-09,"Blood Monkey",5.12b,,https://www.mountainproject.com/route/105757627/blood-monkey,1,"Colorado > South Platte > Devil's Head > The Hangdog Cafe",3.1,-1,Lead,Fell/Hung,Sport,,50,6900
2026-06-09,C++,5.11d,,https://www.mountainproject.com/route/105753655/c,1,"Colorado > South Platte > Devil's Head > Digital Tower",3.9,-1,Lead,Redpoint,"Trad, Sport",,,5500
2026-06-09,C++,5.11d,,https://www.mountainproject.com/route/105753655/c,1,"Colorado > South Platte > Devil's Head > Digital Tower",3.9,-1,Lead,Fell/Hung,"Trad, Sport",,,5500
2026-06-07,"Curving Crack Variation","5.9+ PG13",,https://www.mountainproject.com/route/112280684/curving-crack-variation,1,"Colorado > South Platte > Turkey Rocks > Turkey Rock",2.0,-1,TR,,Trad,,90,2500
2026-06-07,"Finger Crack",5.8,,https://www.mountainproject.com/route/115377814/finger-crack,2,"Colorado > South Platte > Turkey Rocks > Turkey Rock",1.2,1,Lead,Onsight,Trad,,150,2100
2026-06-06,"Devil on Horseback",5.7,"Soloed p2 & p3",https://www.mountainproject.com/route/126562860/devil-on-horseback,3,"Colorado > Colorado Springs > Old Stage Road > Devil's Slide",2.9,-1,Lead,Onsight,Sport,,400,1800
2026-06-06,"Mallory's Malice","5.7 PG13",,https://www.mountainproject.com/route/105763572/mallorys-malice,3,"Colorado > Colorado Springs > Old Stage Road > Devil's Slide",2.1,-1,Lead,Onsight,Trad,,400,1800
2026-06-06,"Friend of the Devil",5.5,,https://www.mountainproject.com/route/126566960/friend-of-the-devil,2,"Colorado > Colorado Springs > Old Stage Road > Devil's Slide",2.3,-1,Solo,,Trad,,450,1500
2026-05-31,Redlined,5.11c,"Cheater stick to hang 6th draw helpfull",https://www.mountainproject.com/route/106004001/redlined,1,"Colorado > Canon City > Shelf Road > The Dark Side",2.4,-1,Lead,Fell/Hung,Sport,,80,5200
2026-05-31,"I Scare Myself","5.11b R","Left at 3rd bolt felt offline to stay in the pockets",https://www.mountainproject.com/route/106453350/i-scare-myself,1,"Colorado > Canon City > Shelf Road > The Dark Side",2.8,-1,Lead,Fell/Hung,"Trad, Sport",,50,4900
2026-05-31,"Crown of Thorns  aka Box Lunch aka Lou Raven's Rest",5.11a,,https://www.mountainproject.com/route/105758461/crown-of-thorns-aka-box-lunch-aka-lou-ravens-rest,1,"Colorado > Canon City > Shelf Road > The Dark Side",3.4,-1,Lead,Onsight,Sport,,80,4600
2026-05-31,"Trolling For Holds",5.10c/d,,https://www.mountainproject.com/route/105752725/trolling-for-holds,1,"Colorado > Canon City > Shelf Road > The Dark Side",2.5,-1,Lead,Onsight,Sport,,,3400
2026-05-31,"Teenage Wristband",5.10-,,https://www.mountainproject.com/route/105762054/teenage-wristband,1,"Colorado > Canon City > Shelf Road > The Dark Side",2.8,-1,Lead,Onsight,Sport,,80,2700
2026-05-31,"Fight or Flight",5.9+,,https://www.mountainproject.com/route/105863118/fight-or-flight,1,"Colorado > Canon City > Shelf Road > The Dark Side",2.7,-1,Lead,Onsight,Sport,,60,2500
2026-05-25,"Family Man",5.12a,,https://www.mountainproject.com/route/106775947/family-man,1,"New Mexico > Taos Area > Comales Canyon > Upper Level Walls > Tim's Thumb",3.4,-1,Lead,Redpoint,Sport,,40,6600
2026-05-25,"Family Man",5.12a,,https://www.mountainproject.com/route/106775947/family-man,1,"New Mexico > Taos Area > Comales Canyon > Upper Level Walls > Tim's Thumb",3.4,-1,Lead,Fell/Hung,Sport,,40,6600
2026-05-25,"Fiddler on the Roof",5.10c,,https://www.mountainproject.com/route/114809847/fiddler-on-the-roof,1,"New Mexico > Taos Area > Comales Canyon > Upper Level Walls > Air Wall",3.6,-1,Lead,Onsight,Sport,,80,3200
2026-05-25,"Fire Walker",5.11a,,https://www.mountainproject.com/route/107747240/fire-walker,1,"New Mexico > Taos Area > Comales Canyon > Upper Level Walls > Fire Wall",3.2,-1,Lead,Onsight,Sport,,50,4600
2026-05-25,"Prescribed Burn",5.10b,,https://www.mountainproject.com/route/107746569/prescribed-burn,1,"New Mexico > Taos Area > Comales Canyon > Upper Level Walls > Fire Wall",3.1,-1,Lead,Onsight,Sport,,50,2900
2026-05-24,"Hammer Time",5.12a,,https://www.mountainproject.com/route/112086385/hammer-time,1,"New Mexico > Taos Area > Comales Canyon > Upper Level Walls > Fire Wall",2.9,-1,Lead,Fell/Hung,Sport,,50,6600
2026-05-24,Toast,5.11d,,https://www.mountainproject.com/route/107747253/toast,1,"New Mexico > Taos Area > Comales Canyon > Upper Level Walls > Fire Wall",3.4,-1,Lead,Onsight,Sport,,50,5500
2026-05-24,Reignite,5.11+,,https://www.mountainproject.com/route/107747276/reignite,1,"New Mexico > Taos Area > Comales Canyon > Upper Level Walls > Fire Wall",3.5,-1,Lead,Onsight,Sport,,50,5300
2026-05-24,Burnt,5.11c,,https://www.mountainproject.com/route/106487583/burnt,1,"New Mexico > Taos Area > Comales Canyon > Upper Level Walls > Fire Wall",3.5,-1,Lead,Onsight,Sport,,60,5200
2026-05-24,"The Egg",5.11a,,https://www.mountainproject.com/route/107746557/the-egg,1,"New Mexico > Taos Area > Comales Canyon > Upper Level Walls > Fire Wall",3.2,-1,Lead,Onsight,Sport,,50,4600
2026-05-24,"Shadow Caster",5.10b/c,,https://www.mountainproject.com/route/107751443/shadow-caster,1,"New Mexico > Taos Area > Comales Canyon > Upper Level Walls > The Block",2.6,-1,Lead,Onsight,Sport,,,3100
2026-05-24,"Nicole's Corner",5.9+,,https://www.mountainproject.com/route/107751434/nicoles-corner,1,"New Mexico > Taos Area > Comales Canyon > Upper Level Walls > The Block",3.0,-1,Lead,Onsight,Sport,,,2500
2026-05-23,"Still Smokin",5.10d,,https://www.mountainproject.com/route/107747285/still-smokin,1,"New Mexico > Taos Area > Comales Canyon > Upper Level Walls > Fire Wall",2.6,-1,Lead,Onsight,Sport,,50,3500
2026-05-23,"Skewed Right Up",5.10b,,https://www.mountainproject.com/route/106524957/skewed-right-up,1,"New Mexico > Taos Area > Comales Canyon > Lower/Creek Level Walls > Water Wall",2.4,-1,Lead,Onsight,Trad,,60,2900
2026-05-23,"Black and Tan",5.10c,,https://www.mountainproject.com/route/106524972/black-and-tan,1,"New Mexico > Taos Area > Comales Canyon > Lower/Creek Level Walls > Water Wall",2.4,-1,Lead,Onsight,Trad,,60,3200
2026-05-23,"Comales Tamale",5.10a,,https://www.mountainproject.com/route/106526077/comales-tamale,1,"New Mexico > Taos Area > Comales Canyon > Lower/Creek Level Walls > Water Wall",2.7,-1,Lead,Onsight,Trad,,100,2600
2026-05-23,"Take the Plunge",5.8,,https://www.mountainproject.com/route/106526082/take-the-plunge,1,"New Mexico > Taos Area > Comales Canyon > Lower/Creek Level Walls > Water Wall",2.4,-1,Lead,Onsight,Trad,,70,2100
2026-05-17,Brautigan,5.9-,,https://www.mountainproject.com/route/117829044/brautigan,1,"Colorado > Buena Vista > Trout Climbing in America",2.0,-1,Lead,Onsight,Sport,,60,2300
2026-05-17,Steelhead,5.10d,,https://www.mountainproject.com/route/124436691/steelhead,1,"Colorado > Buena Vista > Trout Climbing in America",2.0,-1,Lead,Onsight,Sport,,70,3500
2026-05-17,Golden,5.11-,,https://www.mountainproject.com/route/123102509/golden,1,"Colorado > Buena Vista > Trout Climbing in America",2.5,1,Lead,Onsight,Sport,,60,4700
2026-05-17,Palomino,5.11a,,https://www.mountainproject.com/route/123146337/palomino,1,"Colorado > Buena Vista > Trout Climbing in America",2.4,-1,Lead,Onsight,Sport,,50,4600
2026-05-17,"Tiger Trout",5.8+,,https://www.mountainproject.com/route/123078530/tiger-trout,1,"Colorado > Buena Vista > Trout Climbing in America",2.6,-1,Lead,Onsight,Sport,,80,2200
2026-05-17,"Fish Fry",5.9-,,https://www.mountainproject.com/route/124495113/fish-fry,1,"Colorado > Buena Vista > Trout Climbing in America",1.0,1,Lead,Onsight,Sport,5.8,50,2300
2026-05-17,"Fish Stick",5.8,,https://www.mountainproject.com/route/124479772/fish-stick,1,"Colorado > Buena Vista > Trout Climbing in America",2.0,-1,Lead,Onsight,Sport,,50,2100
2026-05-16,"The Howling",5.12a,,https://www.mountainproject.com/route/122228373/the-howling,1,"Colorado > South Platte > Staunton State Park > Old Mill Area > Black Creek Wall > B. Howling Buttress",2.3,3,Lead,Onsight,Sport,5.11c,80,6600
2026-05-16,"Shrouded Face",5.11b,,https://www.mountainproject.com/route/122156143/shrouded-face,1,"Colorado > South Platte > Staunton State Park > Old Mill Area > Black Creek Wall > B. Howling Buttress",3.0,-1,Lead,Onsight,Sport,,60,4900
2026-05-16,"Get Tested",5.10d,,https://www.mountainproject.com/route/122110711/get-tested,1,"Colorado > South Platte > Staunton State Park > Old Mill Area > Black Creek Wall > F. The C Wall",2.4,-1,Lead,Onsight,Sport,,60,3500
2026-05-16,"Mask Required",5.10c,,https://www.mountainproject.com/route/122110628/mask-required,1,"Colorado > South Platte > Staunton State Park > Old Mill Area > Black Creek Wall > F. The C Wall",2.5,-1,Lead,Onsight,Sport,,65,3200
2026-05-16,"Cat Dancer","5.11a PG13",,https://www.mountainproject.com/route/122429786/cat-dancer,2,"Colorado > South Platte > Staunton State Park > Old Mill Area > Black Creek Wall > D. The Badlands",3.0,-1,Lead,Onsight,Sport,,160,4600
2026-05-16,"Black Hole Sun",5.10a/b,,https://www.mountainproject.com/route/122429804/black-hole-sun,2,"Colorado > South Platte > Staunton State Park > Old Mill Area > Black Creek Wall > D. The Badlands",3.1,4,Lead,Onsight,Sport,5.10a,,2800
2026-05-16,Onyx,5.10a/b,,https://www.mountainproject.com/route/125025883/onyx,1,"Colorado > South Platte > Staunton State Park > Old Mill Area > Black Creek Wall > D. The Badlands",2.4,-1,Lead,Onsight,Sport,,90,2800
2026-05-10,"Northwest Face",5.8,,https://www.mountainproject.com/route/105748199/northwest-face,1,"Colorado > Boulder > Boulder Canyon > Elephant Buttresses > Fourth Buttress",2.9,-1,Lead,Onsight,Trad,,,2100
2026-05-10,Flake,"5.10c R",,https://www.mountainproject.com/route/105748187/flake,1,"Colorado > Boulder > Boulder Canyon > Elephant Buttresses > Fourth Buttress",2.3,-1,TR,,"Trad, TR",,,3200
2026-05-10,"Classic Finger Crack",5.9,,https://www.mountainproject.com/route/105748169/classic-finger-crack,1,"Colorado > Boulder > Boulder Canyon > Elephant Buttresses > Second Buttress",2.7,-1,Lead,Onsight,Trad,,,2400
2026-05-10,"Standard Route",5.7+,,https://www.mountainproject.com/route/105748175/standard-route,2,"Colorado > Boulder > Boulder Canyon > Elephant Buttresses > Third Buttress",2.6,-1,Lead,Onsight,Trad,,,1900
2026-05-09,"The Clipboard",5.11a/b,,https://www.mountainproject.com/route/105758257/the-clipboard,1,"Colorado > Boulder > Boulder Canyon > Avalon > Second Tier > Clipboard Area",2.7,-1,Lead,Onsight,Sport,,50,4800
2026-05-09,Supernatural,5.10d,,https://www.mountainproject.com/route/105761349/supernatural,1,"Colorado > Boulder > Boulder Canyon > Avalon > Second Tier > Middle Wall",2.7,-1,Lead,Onsight,Sport,,85,3500
2026-05-09,"Strange Science",5.11c,,https://www.mountainproject.com/route/105754129/strange-science,1,"Colorado > Boulder > Boulder Canyon > Avalon > Second Tier > Middle Wall",3.4,-1,Lead,Onsight,"Sport, TR",,50,5200
2026-05-09,Lust,5.10c,,https://www.mountainproject.com/route/105761271/lust,1,"Colorado > Boulder > Boulder Canyon > Avalon > Second Tier > Tarot Wall",3.4,-1,Lead,Onsight,Sport,,90,3200
2026-05-09,"The Fool",5.10c,,https://www.mountainproject.com/route/105761343/the-fool,1,"Colorado > Boulder > Boulder Canyon > Avalon > Second Tier > Tarot Wall",1.9,-1,Lead,Onsight,Sport,,60,3200
2026-05-09,"The Tower",5.10a,,https://www.mountainproject.com/route/105761340/the-tower,1,"Colorado > Boulder > Boulder Canyon > Avalon > Second Tier > Tarot Wall",2.9,-1,Lead,Onsight,Sport,,100,2600
2026-05-03,Twofers,5.8,,https://www.mountainproject.com/route/105748385/twofers,1,"Colorado > Boulder > Boulder Canyon > Happy Hour Crag",2.5,-1,Lead,Onsight,"Trad, TR",,,2100
2026-05-03,Grins,5.8,,https://www.mountainproject.com/route/105748418/grins,1,"Colorado > Boulder > Boulder Canyon > Happy Hour Crag",2.8,-1,Lead,Onsight,"Trad, TR",,,2100
2026-05-03,Nightcap,5.9,,https://www.mountainproject.com/route/105750520/nightcap,1,"Colorado > Boulder > Boulder Canyon > Happy Hour Crag",2.8,3,Lead,Onsight,"Trad, TR",,100,2400
2026-05-02,"West Chimney",5.6,"1st pitch (second anchors)",https://www.mountainproject.com/route/105822133/west-chimney,1,"Colorado > Boulder > Eldorado Canyon State Park > Redgarden Wall > Redgarden - Lumpe to the top",1.9,-1,Lead,Onsight,Trad,,150,1600
2026-05-02,"Swanson Arete",5.5,,https://www.mountainproject.com/route/105748651/swanson-arete,4,"Colorado > Boulder > Eldorado Canyon State Park > Redgarden Wall > Redgarden - Lumpe to the top",3.1,-1,Lead,Onsight,Trad,,,1500
2026-04-26,"Back to the Future",5.11b/c,,https://www.mountainproject.com/route/105750058/back-to-the-future,1,"Colorado > Canon City > Shelf Road > The Bank > 07. Back To The Future",3.6,4,Lead,Redpoint,Sport,5.11b,,5100
2026-04-26,"Back to the Future",5.11b/c,,https://www.mountainproject.com/route/105750058/back-to-the-future,1,"Colorado > Canon City > Shelf Road > The Bank > 07. Back To The Future",3.6,4,Lead,Onsight,Sport,5.11b,,5100
2026-04-26,"Machine Gun Kelly",5.11c,,https://www.mountainproject.com/route/108290662/machine-gun-kelly,1,"Colorado > Canon City > Shelf Road > The Bank > 03. Machine Gun Kelly",2.9,-1,Lead,Fell/Hung,Sport,,40,5200
2026-04-26,"03. Machine Gun Kelly | 3063",5.10d,,https://www.mountainproject.com/route/107403063/03-machine-gun-kelly-3063,1,"Colorado > Canon City > Shelf Road > The Bank > 03. Machine Gun Kelly",2.8,-1,Lead,Redpoint,Sport,,50,3500
2026-04-26,R.A.M.M.,5.10+,"Left at top is for the rating",https://www.mountainproject.com/route/105867674/ramm,1,"Colorado > Canon City > Shelf Road > The Bank > 02. Bank Rob",2.5,2,Lead,Redpoint,Sport,,80,3300
2026-04-26,Shelfish,5.9+,,https://www.mountainproject.com/route/106276346/shelfish,1,"Colorado > Canon City > Shelf Road > The Bank > 02. Bank Rob",2.4,2,Lead,Redpoint,Sport,,65,2500
2026-04-25,"Lats Don't Have Feelings",5.11d,,https://www.mountainproject.com/route/105752329/lats-dont-have-feelings,1,"Colorado > Canon City > Shelf Road > Cactus Cliff > B. Cactus Cliff Left (Muscle Beach & right)",3.6,-1,Lead,Redpoint,Sport,,75,5500
2026-04-25,"Leisure Class",5.11b/c,,https://www.mountainproject.com/route/105754108/leisure-class,1,"Colorado > Canon City > Shelf Road > Cactus Cliff > A. Cactus Cliff Far Left (left of Muscle Beach)",2.9,-1,Lead,Redpoint,Sport,,80,5100
2026-04-25,Fantasia,5.11c,,https://www.mountainproject.com/route/105753880/fantasia,1,"Colorado > Canon City > Shelf Road > Cactus Cliff > A. Cactus Cliff Far Left (left of Muscle Beach)",3.2,-1,Lead,Redpoint,Sport,,80,5200
2026-04-25,"Illegal Smile",5.11b,,https://www.mountainproject.com/route/105929386/illegal-smile,1,"Colorado > Canon City > Shelf Road > Cactus Cliff > A. Cactus Cliff Far Left (left of Muscle Beach)",3.6,-1,Lead,Redpoint,Sport,,80,4900
2026-04-25,"The Alignment",5.10c/d,,https://www.mountainproject.com/route/105759021/the-alignment,1,"Colorado > Canon City > Shelf Road > Cactus Cliff > A. Cactus Cliff Far Left (left of Muscle Beach)",2.5,-1,Lead,Redpoint,Sport,,60,3400
2026-04-25,"The Killer Toupee",5.10,,https://www.mountainproject.com/route/106097030/the-killer-toupee,1,"Colorado > Canon City > Shelf Road > Cactus Cliff > A. Cactus Cliff Far Left (left of Muscle Beach)",2.2,-1,Lead,Redpoint,Trad,,80,3000
2026-04-19,"End of the Tunnel",5.8+,,https://www.mountainproject.com/route/202578209/end-of-the-tunnel,1,"Colorado > South Platte > Wonderland > Wonderland (Roped) > Castle View Crags (Roped) > Puff's Lair",3.0,-1,TR,,"Trad, TR",,55,2200
2026-04-19,"Jackie Paper",5.9-,"Roped solo",https://www.mountainproject.com/route/108065817/jackie-paper,1,"Colorado > South Platte > Wonderland > Wonderland (Roped) > Castle View Crags (Roped) > Puff's Lair",2.2,-1,Lead,Onsight,"Sport, TR",,40,2300
2026-04-19,"Three Little Pigs",5.10+,,https://www.mountainproject.com/route/202333961/three-little-pigs,1,"Colorado > South Platte > Wonderland > Wonderland (Roped) > Castle View Crags (Roped) > Puff's Lair",1.6,-1,Lead,Redpoint,"Sport, TR",,35,3300
2026-04-19,"Three Little Pigs",5.10+,,https://www.mountainproject.com/route/202333961/three-little-pigs,1,"Colorado > South Platte > Wonderland > Wonderland (Roped) > Castle View Crags (Roped) > Puff's Lair",1.6,-1,Lead,Fell/Hung,"Sport, TR",,35,3300
2026-04-19,"Boating School",5.5,,https://www.mountainproject.com/route/202348525/boating-school,1,"Colorado > South Platte > Wonderland > Wonderland (Roped) > Castle View Crags (Roped) > Puff's Lair",1.8,-1,TR,,"Trad, TR",,35,1500
2026-04-19,"Whuffing Wolf",5.8+,,https://www.mountainproject.com/route/202466403/whuffing-wolf,1,"Colorado > South Platte > Wonderland > Wonderland (Roped) > Castle View Crags (Roped) > Puff's Lair",2.1,-1,Lead,Redpoint,"Sport, TR",,40,2200
2026-04-19,"Tree by the Sea",5.4,,https://www.mountainproject.com/route/202454175/tree-by-the-sea,1,"Colorado > South Platte > Wonderland > Wonderland (Roped) > Castle View Crags (Roped) > Puff's Lair",2.2,-1,TR,,"Trad, TR",,50,1400
2026-04-19,"Firkin' Fintastic",5.6,,https://www.mountainproject.com/route/202457764/firkin-fintastic,1,"Colorado > South Platte > Wonderland > Wonderland (Roped) > Castle View Crags (Roped) > Puff's Lair",2.3,-1,Lead,Onsight,"Sport, TR",,50,1600
2026-04-18,"Unusual Weather",5.11c,,https://www.mountainproject.com/route/105753076/unusual-weather,1,"Colorado > Canon City > Shelf Road > The Bank > 06. Surreal Estate",3.8,-1,Lead,Onsight,Sport,,,5200
2026-04-18,"Ice Cream Hangover",5.11b,,https://www.mountainproject.com/route/105753082/ice-cream-hangover,1,"Colorado > Canon City > Shelf Road > The Bank > 06. Surreal Estate",2.2,2,Lead,Onsight,Sport,,,4900
2026-04-18,"Staying Power",5.11c,,https://www.mountainproject.com/route/105759516/staying-power,1,"Colorado > Canon City > Shelf Road > The Bank > 06. Surreal Estate",3.3,-1,Lead,Redpoint,Sport,,70,5200
2026-04-18,"Hostile Crankover",5.11b,"Bolt 5 in the middle of the bulge is missing.  Bailed right.",https://www.mountainproject.com/route/105753865/hostile-crankover,1,"Colorado > Canon City > Shelf Road > The Bank > 05. Thunder Tactics",2.6,-1,Lead,Fell/Hung,Sport,,,4900
2026-04-18,Soprano,5.10d,,https://www.mountainproject.com/route/108538316/soprano,1,"Colorado > Canon City > Shelf Road > The Bank > 02. Bank Rob",2.7,-1,Lead,Redpoint,Sport,5.10b/c,70,3500
2026-04-18,"Richter Scale",5.10c,,https://www.mountainproject.com/route/105750016/richter-scale,1,"Colorado > Canon City > Shelf Road > The Bank > 02. Bank Rob",2.5,4,Lead,Redpoint,Sport,,,3200
2026-04-18,"New Comer (aka New Corner)",5.10a,,https://www.mountainproject.com/route/107018131/new-comer-aka-new-corner,1,"Colorado > Canon City > Shelf Road > The Bank > 02. Bank Rob",2.5,-1,Lead,Redpoint,Sport,,60,2600
2026-04-12,"Corner Pockets",5.10c/d,,https://www.mountainproject.com/route/106904385/corner-pockets,1,"Colorado > Canon City > Shelf Road > The Dark Side",2.8,-1,Lead,Redpoint,Sport,,70,3400
2026-04-12,Animatronic,5.11b,,https://www.mountainproject.com/route/105762399/animatronic,1,"Colorado > Canon City > Shelf Road > The Dark Side",2.6,-1,Lead,Onsight,Sport,,80,4900
2026-04-12,"Crack Happens",5.11b,,https://www.mountainproject.com/route/108378209/crack-happens,1,"Colorado > Canon City > Shelf Road > The Dark Side",2.4,-1,Lead,Onsight,Sport,,70,4900
2026-04-12,"Edge Of Fright",5.10b/c,,https://www.mountainproject.com/route/105763092/edge-of-fright,1,"Colorado > Canon City > Shelf Road > The Dark Side",2.4,-1,Lead,Onsight,Sport,,60,3100
2026-04-12,"Everybody Was Here",5.10b,,https://www.mountainproject.com/route/123331612/everybody-was-here,1,"Colorado > Canon City > Shelf Road > The Dark Side",2.1,-1,Lead,Redpoint,Sport,,60,2900
2026-04-11,"Dust Lust",5.10d,,https://www.mountainproject.com/route/105748981/dust-lust,1,"Colorado > Canon City > Shelf Road > The Bank > Quarry Wall at the Bank",2.1,-1,TR,,Sport,,,3500
2026-04-11,"Alfalfa Omega",5.10b,,https://www.mountainproject.com/route/106161173/alfalfa-omega,1,"Colorado > Canon City > Shelf Road > The Bank > Quarry Wall at the Bank",2.3,3,Lead,Onsight,Sport,5.10b,79,2900
2026-04-11,"Master Sergeant Mac",5.10d,,https://www.mountainproject.com/route/116763389/master-sergeant-mac,1,"Colorado > Canon City > Shelf Road > The Bank > Quarry Wall at the Bank",2.8,-1,Lead,Onsight,Sport,,50,3500
2026-04-11,"The King’s Cup",5.10c,,https://www.mountainproject.com/route/116763409/the-kings-cup,1,"Colorado > Canon City > Shelf Road > The Bank > Quarry Wall at the Bank",2.7,-1,Lead,Onsight,Sport,,60,3200
2026-04-11,"Walking in L.A.",5.11a,,https://www.mountainproject.com/route/119155893/walking-in-la,1,"Colorado > Canon City > Shelf Road > The Bank > Quarry Wall at the Bank",2.8,-1,Lead,Onsight,Sport,,50,4600
2026-04-11,"Destination Unknown",5.11a,,https://www.mountainproject.com/route/118323166/destination-unknown,1,"Colorado > Canon City > Shelf Road > The Bank > Quarry Wall at the Bank",2.3,-1,Lead,Fell/Hung,Sport,,50,4600
2026-04-11,"Swing Out Sister",5.10,,https://www.mountainproject.com/route/116763753/swing-out-sister,1,"Colorado > Canon City > Shelf Road > The Bank > Quarry Wall at the Bank",2.6,-1,Lead,Onsight,Sport,,60,3000
2026-04-11,"Everything But The Girl",5.10a/b,,https://www.mountainproject.com/route/116763766/everything-but-the-girl,1,"Colorado > Canon City > Shelf Road > The Bank > Quarry Wall at the Bank",2.9,-1,Lead,Onsight,Sport,,60,2800
2026-04-11,"Saints are Sinners",5.9,,https://www.mountainproject.com/route/116763783/saints-are-sinners,1,"Colorado > Canon City > Shelf Road > The Bank > Quarry Wall at the Bank",2.4,-1,Lead,Onsight,Sport,,60,2400
2026-04-05,"Jabba the Hutt",5.11c,,https://www.mountainproject.com/route/105878590/jabba-the-hutt,1,"Colorado > San Luis Valley > Penitente Canyon > Penitente - Inner Canyon",3.4,-1,Lead,Redpoint,Sport,,50,5200
2026-04-05,"Jabba the Hutt",5.11c,,https://www.mountainproject.com/route/105878590/jabba-the-hutt,1,"Colorado > San Luis Valley > Penitente Canyon > Penitente - Inner Canyon",3.4,-1,Lead,Fell/Hung,Sport,,50,5200
2026-04-05,Lovesnake,5.10,,https://www.mountainproject.com/route/105757360/lovesnake,1,"Colorado > San Luis Valley > Penitente Canyon > Penitente - Entrance Area",2.4,-1,Lead,Onsight,Sport,,30,3000
2026-04-05,"The Nature Of The Beast","5.12a PG13",,https://www.mountainproject.com/route/106079531/the-nature-of-the-beast,1,"Colorado > San Luis Valley > Penitente Canyon > Penitente - Entrance Area",3.3,-1,Lead,Redpoint,Sport,,40,6600
2026-04-05,"Mysterious Redhead",5.11a,,https://www.mountainproject.com/route/105753385/mysterious-redhead,1,"Colorado > San Luis Valley > Penitente Canyon > Penitente - Entrance Area",2.5,-1,Lead,Redpoint,Sport,,,4600
2026-04-05,"Morning Glory",5.10d,,https://www.mountainproject.com/route/107271920/morning-glory,1,"Colorado > San Luis Valley > Penitente Canyon > Penitente - Entrance Area",1.9,-1,Lead,Redpoint,Sport,,25,3500
2026-04-04,"Wolf Nipple Chips",5.11a,,https://www.mountainproject.com/route/125498221/wolf-nipple-chips,1,"Colorado > San Luis Valley > Penitente Canyon > Penitente - Entrance Area",3.3,-1,Lead,Onsight,Sport,,60,4600
2026-04-04,"Twist of Feet",5.11+,,https://www.mountainproject.com/route/105765132/twist-of-feet,1,"Colorado > San Luis Valley > Penitente Canyon > Penitente - Entrance Area",2.4,-1,Lead,Onsight,Sport,,30,5300
2026-04-04,Yah-Ta-Hei,5.10c,,https://www.mountainproject.com/route/105760134/yah-ta-hei,1,"Colorado > San Luis Valley > Penitente Canyon > Penitente - Entrance Area",2.8,-1,Lead,Onsight,Sport,,60,3200
2026-04-04,"That's the Way",5.10b,,https://www.mountainproject.com/route/105760137/thats-the-way,1,"Colorado > San Luis Valley > Penitente Canyon > Penitente - Entrance Area",2.4,-1,Lead,Onsight,Sport,,60,2900
2026-04-02,"The Nature Of The Beast","5.12a PG13",,https://www.mountainproject.com/route/106079531/the-nature-of-the-beast,1,"Colorado > San Luis Valley > Penitente Canyon > Penitente - Entrance Area",3.3,-1,Lead,Fell/Hung,Sport,,40,6600
2026-04-02,"Forbidden Fruit",5.12a,,https://www.mountainproject.com/route/105757357/forbidden-fruit,1,"Colorado > San Luis Valley > Penitente Canyon > Penitente - Entrance Area",3.5,-1,Lead,Fell/Hung,Sport,,50,6600
2026-04-02,"Prick Pocket",5.12b/c,,https://www.mountainproject.com/route/105757363/prick-pocket,1,"Colorado > San Luis Valley > Penitente Canyon > Penitente - Entrance Area",2.9,-1,Lead,Fell/Hung,Sport,,30,7100
2026-04-02,Self-flagellation,5.11c,,https://www.mountainproject.com/route/105764931/self-flagellation,1,"Colorado > San Luis Valley > Penitente Canyon > Penitente - Entrance Area",3.5,-1,Lead,Onsight,Sport,,80,5200
2026-04-02,"Camino De La Sonia",5.12a,"Warm up",https://www.mountainproject.com/route/105878423/camino-de-la-sonia,1,"Colorado > San Luis Valley > Penitente Canyon > Penitente - Entrance Area",2.8,-1,Lead,Fell/Hung,"Trad, Sport",,40,6600
2026-03-31,"Camino De La Sonia",5.12a,"Double draw on bolt 3 was very helpful",https://www.mountainproject.com/route/105878423/camino-de-la-sonia,1,"Colorado > San Luis Valley > Penitente Canyon > Penitente - Entrance Area",2.8,-1,Lead,Redpoint,"Trad, Sport",,40,6600
2026-03-31,"Camino De La Sonia",5.12a,,https://www.mountainproject.com/route/105878423/camino-de-la-sonia,1,"Colorado > San Luis Valley > Penitente Canyon > Penitente - Entrance Area",2.8,-1,Lead,Fell/Hung,"Trad, Sport",,40,6600
2026-03-31,"French Lesson",5.11d,,https://www.mountainproject.com/route/105764925/french-lesson,1,"Colorado > San Luis Valley > Penitente Canyon > Penitente - Entrance Area",2.6,-1,Lead,Redpoint,Sport,,60,5500
2026-03-31,"French Lesson",5.11d,2nd,https://www.mountainproject.com/route/105764925/french-lesson,1,"Colorado > San Luis Valley > Penitente Canyon > Penitente - Entrance Area",2.6,-1,Lead,Fell/Hung,Sport,,60,5500
2026-03-31,"French Lesson",5.11d,1st,https://www.mountainproject.com/route/105764925/french-lesson,1,"Colorado > San Luis Valley > Penitente Canyon > Penitente - Entrance Area",2.6,-1,Lead,Fell/Hung,Sport,,60,5500
2026-03-31,"Black is Beautiful",5.11a,,https://www.mountainproject.com/route/105757354/black-is-beautiful,1,"Colorado > San Luis Valley > Penitente Canyon > Penitente - Entrance Area",3.5,-1,Lead,Redpoint,Sport,,50,4600
2026-03-29,"Vapor Trails",5.12b,2nd,https://www.mountainproject.com/route/105878623/vapor-trails,1,"Colorado > San Luis Valley > Penitente Canyon > Penitente - Inner Canyon",2.8,-1,Lead,Fell/Hung,Sport,,40,6900
2026-03-29,"Vapor Trails",5.12b,1st,https://www.mountainproject.com/route/105878623/vapor-trails,1,"Colorado > San Luis Valley > Penitente Canyon > Penitente - Inner Canyon",2.8,-1,Lead,Fell/Hung,Sport,,40,6900
2026-03-29,Josie's,5.12a,,https://www.mountainproject.com/route/108426183/josies,1,"Colorado > San Luis Valley > Penitente Canyon > Penitente - Inner Canyon",2.5,-1,Lead,Fell/Hung,Sport,,45,6600
2026-03-29,"Los Hermanos de la Penitente",5.12+,,https://www.mountainproject.com/route/105764937/los-hermanos-de-la-penitente,1,"Colorado > San Luis Valley > Penitente Canyon > Penitente - Inner Canyon",3.4,-1,Lead,Fell/Hung,Sport,,70,7300
2026-03-28,"Sister of Mercy",5.12b,"Right at 4th bolt 12a",https://www.mountainproject.com/route/105757369/sister-of-mercy,1,"Colorado > San Luis Valley > Penitente Canyon > Penitente - Inner Canyon",3.4,-1,Lead,Redpoint,Sport,,30,6900
2026-03-28,"Shear Strength",5.11b/c,,https://www.mountainproject.com/route/105756901/shear-strength,1,"Colorado > San Luis Valley > Penitente Canyon > Penitente - Inner Canyon",3.6,-1,Lead,Redpoint,Sport,,40,5100
2026-03-28,"Shear Strength",5.11b/c,,https://www.mountainproject.com/route/105756901/shear-strength,1,"Colorado > San Luis Valley > Penitente Canyon > Penitente - Inner Canyon",3.6,-1,Lead,Fell/Hung,Sport,,40,5100
2026-03-28,"Breakdown Dead Ahead",5.11a,,https://www.mountainproject.com/route/105759819/breakdown-dead-ahead,1,"Colorado > San Luis Valley > Penitente Canyon > Penitente - Inner Canyon",3.3,-1,Lead,Onsight,Sport,,70,4600
2026-03-22,"Glen's Pancake",5.8,,https://www.mountainproject.com/route/107352992/glens-pancake,1,"Colorado > South Platte > Turkey Rocks > Turkey Rock",2.4,-1,TR,Onsight,"Trad, TR",,80,2100
2026-03-22,"Gobbler's Grunt",5.9,,https://www.mountainproject.com/route/105752743/gobblers-grunt,3,"Colorado > South Platte > Turkey Rocks > Turkey Rock",3.7,-1,Lead,Redpoint,Trad,,,2400
2026-03-22,"Nightime Madness",5.7,,https://www.mountainproject.com/route/105748828/nightime-madness,1,"Colorado > South Platte > Turkey Rocks > Turkey Rock",2.5,-1,TR,,Trad,,,1800
2026-03-21,W.I.M.P.,5.11a,,https://www.mountainproject.com/route/114233632/wimp,1,"Colorado > South Platte > Staunton State Park > Staunton Rocks > The Pooka > 3. Astronomy Wall",2.4,1,TR,,TR,,60,4600
2026-03-21,"Footprints On The Moon",5.10b,,https://www.mountainproject.com/route/117762923/footprints-on-the-moon,1,"Colorado > South Platte > Staunton State Park > Staunton Rocks > The Pooka > 3. Astronomy Wall",3.0,-1,Lead,Onsight,Sport,,95,2900
2026-03-21,"Race Bannon",5.11+,,https://www.mountainproject.com/route/121209367/race-bannon,1,"Colorado > South Platte > Staunton State Park > Staunton Rocks > The Pooka > 2. Canyon Amphitheater",2.4,-1,Lead,Fell/Hung,Sport,,70,5300
2026-03-21,"Ricochet Rabbit",5.10c/d,,https://www.mountainproject.com/route/117129237/ricochet-rabbit,1,"Colorado > South Platte > Staunton State Park > Staunton Rocks > The Pooka > 2. Canyon Amphitheater",3.1,-1,Lead,Onsight,Sport,,100,3400
2026-03-21,"Squirrel Incursion",5.9-,,https://www.mountainproject.com/route/201880883/squirrel-incursion,1,"Colorado > South Platte > Staunton State Park > Staunton Rocks > The Pooka > 2. Canyon Amphitheater",2.8,-1,Solo,,Sport,,75,2300
2026-03-21,"Training Wheels","5.4 PG13",,https://www.mountainproject.com/route/113539023/training-wheels,1,"Colorado > South Platte > Staunton State Park > Staunton Rocks > The Pooka > 2. Canyon Amphitheater",2.3,-1,Solo,,Trad,,110,1400
2026-03-19,Thiefdom,5.12+,2st,https://www.mountainproject.com/route/127192600/thiefdom,1,"Colorado > Colorado Springs > Old Stage Road > Den of Thieves",2.8,-1,Lead,Fell/Hung,Sport,,35,7300
2026-03-19,Thiefdom,5.12+,1st,https://www.mountainproject.com/route/127192600/thiefdom,1,"Colorado > Colorado Springs > Old Stage Road > Den of Thieves",2.8,-1,Lead,Fell/Hung,Sport,,35,7300
2026-03-19,"No Honor Among Thieves",5.11a/b,,https://www.mountainproject.com/route/127192634/no-honor-among-thieves,1,"Colorado > Colorado Springs > Old Stage Road > Den of Thieves",2.9,-1,Lead,Fell/Hung,Trad,,70,4800
2026-03-19,"It Takes a Thief",5.10-,,https://www.mountainproject.com/route/127180134/it-takes-a-thief,2,"Colorado > Colorado Springs > Old Stage Road > Den of Thieves",3.1,-1,Lead,Onsight,"Trad, TR",,110,2700
2026-03-19,"Thick as Thieves",5.10c/d,,https://www.mountainproject.com/route/127179706/thick-as-thieves,1,"Colorado > Colorado Springs > Old Stage Road > Den of Thieves",3.2,-1,TR,,"Trad, TR",,70,3400
2026-03-14,"Piton Crack",5.10d,,https://www.mountainproject.com/route/106140992/piton-crack,1,"New Mexico > Taos Area > John Dunn Bridge Area > Old Stagecoach Road",2.9,-1,Lead,Onsight,Trad,,30,3500
2026-03-14,"Augustin's Flake",5.8,,https://www.mountainproject.com/route/106140997/augustins-flake,1,"New Mexico > Taos Area > John Dunn Bridge Area > Old Stagecoach Road",2.2,-1,Follow,,Trad,,30,2100
2026-03-14,"Forest's Face",5.6,,https://www.mountainproject.com/route/106141003/forests-face,1,"New Mexico > Taos Area > John Dunn Bridge Area > Old Stagecoach Road",1.9,-1,Follow,,Trad,,30,1600
2026-03-14,"The Face",5.11c,,https://www.mountainproject.com/route/120853269/the-face,1,"New Mexico > Taos Area > John Dunn Bridge Area > Old Stagecoach Road",2.3,-1,Lead,Onsight,Sport,,45,5200
2026-03-14,"The Prow",5.11b,,https://www.mountainproject.com/route/105897173/the-prow,1,"New Mexico > Taos Area > John Dunn Bridge Area > Old Stagecoach Road",2.9,-1,Lead,Onsight,Sport,,60,4900
2026-03-14,"Po'Pay's Revolt",5.10+,,https://www.mountainproject.com/route/105897251/popays-revolt,1,"New Mexico > Taos Area > John Dunn Bridge Area > Old Stagecoach Road",2.6,-1,Lead,Onsight,Sport,,40,3300
2026-03-14,"Monkeywrenchin' Momma",5.10b,,https://www.mountainproject.com/route/105897242/monkeywrenchin-momma,1,"New Mexico > Taos Area > John Dunn Bridge Area > Old Stagecoach Road",2.4,-1,Lead,Onsight,Sport,,45,2900
2026-03-14,Pockets,5.10-,,https://www.mountainproject.com/route/105897184/pockets,1,"New Mexico > Taos Area > John Dunn Bridge Area > Old Stagecoach Road",2.6,-1,Lead,Onsight,Sport,,60,2700
2026-03-14,Sunburned,5.9,,https://www.mountainproject.com/route/108129623/sunburned,1,"New Mexico > Taos Area > John Dunn Bridge Area > Old Stagecoach Road",2.4,-1,Lead,Onsight,"Sport, TR",,60,2400
2026-03-10,"Voice in the Deep",5.12a,,https://www.mountainproject.com/route/201675630/voice-in-the-deep,1,"Colorado > Colorado Springs > Old Stage Road > Hurricane Ridge > West Face of Hurricane Wall",3.6,3,Lead,Redpoint,Sport,,50,6600
2026-03-10,"Voice in the Deep",5.12a,,https://www.mountainproject.com/route/201675630/voice-in-the-deep,1,"Colorado > Colorado Springs > Old Stage Road > Hurricane Ridge > West Face of Hurricane Wall",3.6,3,Lead,Fell/Hung,Sport,,50,6600
2026-03-08,Calvin,5.8+,,https://www.mountainproject.com/route/109949364/calvin,1,"Colorado > Golden > Clear Creek Canyon > Other Critters",2.1,-1,Solo,,Sport,,90,2200
2026-03-08,Labby,5.9-,,https://www.mountainproject.com/route/109786996/labby,1,"Colorado > Golden > Clear Creek Canyon > Other Critters",2.3,-1,Solo,,Sport,,80,2300
2026-03-08,"Curious George Goes Climbing",5.11a,,https://www.mountainproject.com/route/109949573/curious-george-goes-climbing,1,"Colorado > Golden > Clear Creek Canyon > Other Critters",2.5,-1,Lead,Redpoint,Sport,,50,4600
2026-03-08,"Br'er Fox",5.7,,https://www.mountainproject.com/route/109949536/brer-fox,1,"Colorado > Golden > Clear Creek Canyon > Other Critters",2.3,-1,Solo,,Sport,,75,1800
2026-03-08,"First Armadillo",5.7,,https://www.mountainproject.com/route/109792919/first-armadillo,1,"Colorado > Golden > Clear Creek Canyon > Other Critters",2.2,-1,Solo,,Sport,,70,1800
2026-03-07,"The New Philanthropists",5.11b/c,,https://www.mountainproject.com/route/105763323/the-new-philanthropists,1,"Colorado > Canon City > Shelf Road > Spiney Ridge",2.7,-1,Lead,Onsight,Sport,,70,5100
2026-03-07,"Purple Toe Nails",5.11c,,https://www.mountainproject.com/route/105763212/purple-toe-nails,1,"Colorado > Canon City > Shelf Road > Spiney Ridge",3.6,-1,Lead,Redpoint,Sport,,80,5200
2026-03-07,"Return of the Headhunters",5.11b,,https://www.mountainproject.com/route/106036922/return-of-the-headhunters,1,"Colorado > Canon City > Shelf Road > Spiney Ridge",2.4,-1,Lead,Redpoint,Sport,,60,4900
2026-03-07,"Are You Experiential?",5.10d,,https://www.mountainproject.com/route/105753547/are-you-experiential,1,"Colorado > Canon City > Shelf Road > Cactus Cliff > E. Cactus Cliff Far Right (Funkdemental and right)",2.2,-1,Lead,Redpoint,Sport,,70,3500
2026-03-07,"Early Bird",5.10b,,https://www.mountainproject.com/route/105802985/early-bird,1,"Colorado > Canon City > Shelf Road > Cactus Cliff > E. Cactus Cliff Far Right (Funkdemental and right)",2.5,-1,Lead,Redpoint,Sport,,80,2900
2026-03-07,"Kipu Pawkets",5.10b,,https://www.mountainproject.com/route/113338370/kipu-pawkets,1,"Colorado > Canon City > Shelf Road > Cactus Cliff > D. Cactus Cliff Right (left of Funkdemental)",1.6,-1,Lead,Redpoint,Sport,,75,2900
2026-03-05,"Voice in the Deep",5.12a,"First crux dyno to great hold / second crux go right hand, pinch loaf left, heal locked, skip crimp.",https://www.mountainproject.com/route/201675630/voice-in-the-deep,1,"Colorado > Colorado Springs > Old Stage Road > Hurricane Ridge > West Face of Hurricane Wall",3.6,3,Lead,Fell/Hung,Sport,,50,6600
2026-03-05,"Voice in the Deep",5.12a,,https://www.mountainproject.com/route/201675630/voice-in-the-deep,1,"Colorado > Colorado Springs > Old Stage Road > Hurricane Ridge > West Face of Hurricane Wall",3.6,3,Lead,Fell/Hung,Sport,,50,6600
2026-03-01,Mogwai,5.11b,,https://www.mountainproject.com/route/108290695/mogwai,1,"Colorado > Canon City > Shelf Road > The Gallery > Mural Wall",2.8,-1,Lead,Onsight,Sport,,50,4900
2026-03-01,"Catching Fred",5.10b,,https://www.mountainproject.com/route/119607475/catching-fred,1,"Colorado > Canon City > Shelf Road > The Gallery > Mural Wall",2.6,2,TR,,Trad,,75,2900
2026-03-01,"Stalking Fred",5.10b,,https://www.mountainproject.com/route/105755644/stalking-fred,1,"Colorado > Canon City > Shelf Road > The Gallery > Mural Wall",1.1,2,Lead,Onsight,Sport,,75,2900
2026-03-01,Morpheus,5.11a,,https://www.mountainproject.com/route/105969725/morpheus,1,"Colorado > Canon City > Shelf Road > The Gallery > Mural Wall",2.8,-1,Lead,Redpoint,Sport,,55,4600
2026-03-01,"Ludlow Massacre",5.11a/b,,https://www.mountainproject.com/route/107072848/ludlow-massacre,1,"Colorado > Canon City > Shelf Road > The Gallery > Mural Wall",3.1,-1,Lead,Redpoint,Sport,,68,4800
2026-03-01,"Mother of Invention",5.10c,,https://www.mountainproject.com/route/105761049/mother-of-invention,1,"Colorado > Canon City > Shelf Road > The Gallery > Mural Wall",2.5,2,Lead,Redpoint,Sport,,70,3200
2026-03-01,"Soldier Without Faith",5.10b,,https://www.mountainproject.com/route/106349236/soldier-without-faith,1,"Colorado > Canon City > Shelf Road > The Gallery > Mural Wall",2.5,-1,Lead,Redpoint,Sport,,50,2900
2026-03-01,"Anguish and Fear",5.10a,,https://www.mountainproject.com/route/106126236/anguish-and-fear,1,"Colorado > Canon City > Shelf Road > The Gallery > Mural Wall",2.8,-1,Lead,Redpoint,Sport,,45,2600
2026-02-28,"Blodgett’s Last Stand",5.12c,"Possible SA?",https://www.mountainproject.com/route/200611864/blodgetts-last-stand,1,"Colorado > Colorado Springs > Blodgett Peak > Skyline Crag",4.0,4,Lead,Redpoint,Sport,5.12c,70,7200
2026-02-28,"Blodgett’s Last Stand",5.12c,"Possible FA?",https://www.mountainproject.com/route/200611864/blodgetts-last-stand,1,"Colorado > Colorado Springs > Blodgett Peak > Skyline Crag",4.0,4,Lead,Redpoint,Sport,5.12c,70,7200
2026-02-28,"Blodgett’s Last Stand",5.12c,,https://www.mountainproject.com/route/200611864/blodgetts-last-stand,1,"Colorado > Colorado Springs > Blodgett Peak > Skyline Crag",4.0,4,Lead,Fell/Hung,Sport,5.12c,70,7200
2026-02-14,"Muscle Beach",5.11a,,https://www.mountainproject.com/route/105758910/muscle-beach,1,"Colorado > Canon City > Shelf Road > Cactus Cliff > B. Cactus Cliff Left (Muscle Beach & right)",3.5,-1,Lead,Redpoint,Sport,5.10c/d,80,4600
2026-02-14,Gravitations,5.11d,,https://www.mountainproject.com/route/105752389/gravitations,1,"Colorado > Canon City > Shelf Road > Cactus Cliff > B. Cactus Cliff Left (Muscle Beach & right)",3.8,-1,Lead,Redpoint,Sport,,70,5500
2026-02-14,"The Reach Around",5.11c,,https://www.mountainproject.com/route/106157768/the-reach-around,1,"Colorado > Canon City > Shelf Road > Cactus Cliff > D. Cactus Cliff Right (left of Funkdemental)",2.5,-1,Lead,Redpoint,Sport,,70,5200
2026-02-14,Escalando,5.11b,,https://www.mountainproject.com/route/105754840/escalando,1,"Colorado > Canon City > Shelf Road > Cactus Cliff > E. Cactus Cliff Far Right (Funkdemental and right)",2.5,3,Lead,Redpoint,Sport,5.11a,80,4900
2026-02-14,"The Book of Dude-Aronomy",5.10c,,https://www.mountainproject.com/route/105759024/the-book-of-dude-aronomy,1,"Colorado > Canon City > Shelf Road > Cactus Cliff > E. Cactus Cliff Far Right (Funkdemental and right)",2.0,-1,Lead,Redpoint,Sport,,40,3200
2026-02-14,"Cactus Cliff Addict",5.10b,,https://www.mountainproject.com/route/105862584/cactus-cliff-addict,1,"Colorado > Canon City > Shelf Road > Cactus Cliff > E. Cactus Cliff Far Right (Funkdemental and right)",2.4,-1,Lead,Redpoint,Sport,,60,2900
2026-02-14,"Totally Blonde",5.10a,,https://www.mountainproject.com/route/106142945/totally-blonde,1,"Colorado > Canon City > Shelf Road > Cactus Cliff > D. Cactus Cliff Right (left of Funkdemental)",2.2,-1,Lead,Redpoint,Sport,,,2600
2026-02-08,"Village Idiot",5.11b,,https://www.mountainproject.com/route/105753565/village-idiot,1,"Colorado > Canon City > Shelf Road > Sand Gulch > Free Form Wall",2.6,-1,Lead,Redpoint,Sport,,30,4900
2026-02-08,Castrator,5.10b,,https://www.mountainproject.com/route/105753556/castrator,1,"Colorado > Canon City > Shelf Road > Sand Gulch > Free Form Wall",2.5,-1,Lead,Redpoint,"Trad, Sport",,,2900
2026-02-08,Supermax,5.11d,,https://www.mountainproject.com/route/106634104/supermax,1,"Colorado > Canon City > Shelf Road > Sand Gulch > Free Form Wall",3.7,-1,Lead,Onsight,Sport,,80,5500
2026-02-08,"Pedestrian Gene Pool",5.11a/b,,https://www.mountainproject.com/route/105753562/pedestrian-gene-pool,1,"Colorado > Canon City > Shelf Road > Sand Gulch > Free Form Wall",3.0,-1,Lead,Redpoint,Sport,,,4800
2026-02-08,Unknown,5.10c/d,,https://www.mountainproject.com/route/108695777/unknown,1,"Colorado > Canon City > Shelf Road > Sand Gulch > Free Form Wall",2.7,-1,Lead,Redpoint,Sport,,70,3400
2026-02-08,"Karma Mechanic",5.10b,,https://www.mountainproject.com/route/105749923/karma-mechanic,1,"Colorado > Canon City > Shelf Road > Sand Gulch > Free Form Wall",2.3,-1,Lead,Redpoint,Sport,,60,2900
2026-02-07,"Lime and Punishment",5.11b/c,,https://www.mountainproject.com/route/106141568/lime-and-punishment,1,"Colorado > Canon City > Shelf Road > Sand Gulch > Contest Wall",2.7,-1,Lead,Onsight,Sport,,,5100
2026-02-07,"You Snooze, You Lose",5.11d,,https://www.mountainproject.com/route/105748984/you-snooze-you-lose,1,"Colorado > Canon City > Shelf Road > Sand Gulch > Contest Wall",3.1,-1,Lead,Redpoint,Sport,,,5500
2026-02-07,Aretissima,5.11b,,https://www.mountainproject.com/route/111686611/aretissima,1,"Colorado > Canon City > Shelf Road > Sand Gulch > Contest Wall",2.7,-1,Lead,Redpoint,Sport,,80,4900
2026-02-07,Regroovable,5.11b,,https://www.mountainproject.com/route/105748690/regroovable,1,"Colorado > Canon City > Shelf Road > Sand Gulch > Contest Wall",3.5,-1,Lead,Redpoint,Sport,,,4900
2026-02-07,"River of Rabbits",5.11a/b,,https://www.mountainproject.com/route/105761895/river-of-rabbits,1,"Colorado > Canon City > Shelf Road > Sand Gulch > Contest Wall",2.5,-1,Lead,Redpoint,Sport,,60,4800
2026-02-07,"Hide and Watch",5.10b,,https://www.mountainproject.com/route/200562589/hide-and-watch,1,"Colorado > Canon City > Shelf Road > Sand Gulch > Contest Wall",2.9,-1,Lead,Onsight,Sport,,95,2900
2026-02-07,Zia,5.10a,,https://www.mountainproject.com/route/107072897/zia,1,"Colorado > Canon City > Shelf Road > Sand Gulch > Contest Wall",2.3,-1,Lead,Redpoint,Sport,,50,2600
2026-02-01,"Berlin Wall","5.11a PG13",,https://www.mountainproject.com/route/108316947/berlin-wall,1,"Colorado > Canon City > Shelf Road > Sand Gulch > Free Form Wall",2.3,-1,Lead,Onsight,Sport,,82,4600
2026-02-01,"Minimum Security",5.11c,,https://www.mountainproject.com/route/105749983/minimum-security,1,"Colorado > Canon City > Shelf Road > Sand Gulch > Free Form Wall",3.6,-1,Lead,Onsight,Sport,,,5200
2026-02-01,Cyborg,5.11b,,https://www.mountainproject.com/route/105749980/cyborg,1,"Colorado > Canon City > Shelf Road > Sand Gulch > Free Form Wall",2.5,-1,Lead,Onsight,Sport,,,4900
2026-02-01,"Sticks And Stones",5.11-,,https://www.mountainproject.com/route/114059942/sticks-and-stones,1,"Colorado > Canon City > Shelf Road > Sand Gulch > Contest Wall",2.8,4,Lead,Onsight,Sport,5.10d,75,4700
2026-02-01,Splintered,5.10c,,https://www.mountainproject.com/route/126114993/splintered,1,"Colorado > Canon City > Shelf Road > Sand Gulch > Contest Wall",2.9,-1,Lead,Onsight,Sport,,65,3200
2026-02-01,"Spiney Dan (aka Spinney Dan, incorrectly)",5.10c,,https://www.mountainproject.com/route/105748702/spiney-dan-aka-spinney-dan-incorrectly,1,"Colorado > Canon City > Shelf Road > Sand Gulch > Contest Wall",3.3,-1,Lead,Redpoint,Sport,,,3200
2026-02-01,"Slamdance Cosmopolis (aka It Takes a Village)",5.10a,,https://www.mountainproject.com/route/107227969/slamdance-cosmopolis-aka-it-takes-a-village,1,"Colorado > Canon City > Shelf Road > Sand Gulch > Contest Wall",2.3,-1,Lead,Redpoint,Sport,,50,2600
2026-01-31,"Bud Ruble",5.10a,,https://www.mountainproject.com/route/111766307/bud-ruble,2,"Colorado > Canon City > Phantom Canyon > Tall Green Wall",1.9,1,Lead,Onsight,Sport,,120,2600
2026-01-31,"Kahonna Earl",5.11c,,https://www.mountainproject.com/route/111770336/kahonna-earl,2,"Colorado > Canon City > Phantom Canyon > Tall Green Wall",2.7,2,Lead,Onsight,Sport,5.11a/b,150,5200
2026-01-31,III,5.10a,,https://www.mountainproject.com/route/111770369/iii,1,"Colorado > Canon City > Phantom Canyon > Tall Green Wall",2.4,-1,Lead,Onsight,Sport,,90,2600
2026-01-31,Ghost,5.10a,,https://www.mountainproject.com/route/111773861/ghost,1,"Colorado > Canon City > Phantom Canyon > Bud Wall",2.0,2,Lead,Onsight,Sport,5.9,55,2600
2026-01-31,"Carrie's Protest",5.9,,https://www.mountainproject.com/route/111773030/carries-protest,1,"Colorado > Canon City > Phantom Canyon > Bud Wall",1.8,2,Solo,,Sport,5.7+,50,2400
2026-01-31,Kicker,5.7,,https://www.mountainproject.com/route/111773050/kicker,1,"Colorado > Canon City > Phantom Canyon > Bud Wall",1.8,2,Solo,,Sport,5.5,55,1800
2026-01-11,"Blodgett’s Last Stand",5.12c,"One short hang",https://www.mountainproject.com/route/200611864/blodgetts-last-stand,1,"Colorado > Colorado Springs > Blodgett Peak > Skyline Crag",4.0,4,Lead,Fell/Hung,Sport,5.12c,70,7200
2026-01-11,"Blodgett’s Last Stand",5.12c,"One long hang",https://www.mountainproject.com/route/200611864/blodgetts-last-stand,1,"Colorado > Colorado Springs > Blodgett Peak > Skyline Crag",4.0,4,Lead,Fell/Hung,Sport,5.12c,70,7200
2026-01-11,"Blodgett’s Last Stand",5.12c,,https://www.mountainproject.com/route/200611864/blodgetts-last-stand,1,"Colorado > Colorado Springs > Blodgett Peak > Skyline Crag",4.0,4,TR,,Sport,5.12c,70,7200
2026-01-04,Steppenwolf,5.9,,https://www.mountainproject.com/route/105749686/steppenwolf,1,"Colorado > South Platte > Turkey Rocks > Turkey Perch",3.2,-1,TR,,Trad,,,2400
2026-01-04,"Gobble Up",5.8,,https://www.mountainproject.com/route/105750370/gobble-up,1,"Colorado > South Platte > Turkey Rocks > Turkey Perch",3.0,-1,TR,,Trad,,,2100
2026-01-04,"Ragger Bagger",5.8+,,https://www.mountainproject.com/route/105749689/ragger-bagger,1,"Colorado > South Platte > Turkey Rocks > Turkey Perch",3.0,-1,TR,,Trad,,,2200
2026-01-04,"Reefer Madness",5.8,,https://www.mountainproject.com/route/105748822/reefer-madness,1,"Colorado > South Platte > Turkey Rocks > Turkey Perch",2.9,-1,TR,,Trad,,,2100
2026-01-04,"Gobbler's Grunt",5.9,"Chimney not worth doing.  Suck it up and do the 9 hand jam variation for the first pitch.",https://www.mountainproject.com/route/105752743/gobblers-grunt,1,"Colorado > South Platte > Turkey Rocks > Turkey Rock",3.7,-1,Lead,Onsight,Trad,,,2400
2026-01-03,"Hanging Judge",5.9,,https://www.mountainproject.com/route/107339692/hanging-judge,1,"Colorado > The Wet Mountains > Oak Creek Canyon > Tanner Dome",3.0,-1,Lead,Onsight,Sport,5.5,100,2400
2026-01-01,"Reach for the Sky",5.10b,,https://www.mountainproject.com/route/126882204/reach-for-the-sky,1,"Colorado > Colorado Springs > Blodgett Peak > Skyline Crag",3.0,2,Lead,Onsight,Sport,,90,2900
2026-01-01,"Blodgett’s Last Stand",5.12c,,https://www.mountainproject.com/route/200611864/blodgetts-last-stand,1,"Colorado > Colorado Springs > Blodgett Peak > Skyline Crag",4.0,4,TR,,Sport,5.12c,70,7200
2025-12-26,"The Killer Toupee",5.10,,https://www.mountainproject.com/route/106097030/the-killer-toupee,1,"Colorado > Canon City > Shelf Road > Cactus Cliff > A. Cactus Cliff Far Left (left of Muscle Beach)",2.2,-1,Lead,Redpoint,Trad,,80,3000
2025-12-26,"Super Suka",5.12a/b,,https://www.mountainproject.com/route/105765036/super-suka,1,"Colorado > Canon City > Shelf Road > Cactus Cliff > A. Cactus Cliff Far Left (left of Muscle Beach)",3.0,-1,Lead,Fell/Hung,Sport,,85,6800
2025-12-26,"Kalahari Sidewinder",5.8,,https://www.mountainproject.com/route/105758988/kalahari-sidewinder,1,"Colorado > Canon City > Shelf Road > Cactus Cliff > B. Cactus Cliff Left (Muscle Beach & right)",1.7,-1,Lead,Redpoint,Sport,,40,2100
2025-12-26,"Muscle Beach",5.11a,,https://www.mountainproject.com/route/105758910/muscle-beach,1,"Colorado > Canon City > Shelf Road > Cactus Cliff > B. Cactus Cliff Left (Muscle Beach & right)",3.5,-1,Lead,Redpoint,Sport,5.10c/d,80,4600
2025-12-25,"Midget Toss",5.11b/c,,https://www.mountainproject.com/route/105754696/midget-toss,1,"Colorado > Canon City > Shelf Road > Cactus Cliff > B. Cactus Cliff Left (Muscle Beach & right)",2.5,-1,Lead,Redpoint,Sport,,65,5100
2025-12-25,"Just Thesenga It",5.11a/b,,https://www.mountainproject.com/route/105759750/just-thesenga-it,1,"Colorado > Canon City > Shelf Road > Cactus Cliff > B. Cactus Cliff Left (Muscle Beach & right)",2.4,-1,Lead,Onsight,Sport,,70,4800
2025-12-25,"Glass Babies",5.10c,,https://www.mountainproject.com/route/106107557/glass-babies,1,"Colorado > Canon City > Shelf Road > Cactus Cliff > A. Cactus Cliff Far Left (left of Muscle Beach)",2.2,-1,Lead,Redpoint,Sport,,90,3200
2025-12-25,"Glass Babies",5.10c,,https://www.mountainproject.com/route/106107557/glass-babies,1,"Colorado > Canon City > Shelf Road > Cactus Cliff > A. Cactus Cliff Far Left (left of Muscle Beach)",2.2,-1,Lead,Onsight,Sport,,90,3200
2025-12-25,"Deconstructing Harry",5.9+,,https://www.mountainproject.com/route/108844974/deconstructing-harry,1,"Colorado > Canon City > Shelf Road > The Bank > 10. 2150 Wall",2.4,-1,Lead,Redpoint,Sport,,80,2500
2025-12-25,"Unknown 5.10",5.10b,,https://www.mountainproject.com/route/125913365/unknown-510,1,"Colorado > Canon City > Shelf Road > The Bank > 12. Beijing aka Beyond the 2150 Wall",2.3,-1,Lead,Redpoint,Sport,,45,2900
2025-12-24,"No Passion for Fashion",5.11b/c,,https://www.mountainproject.com/route/105748990/no-passion-for-fashion,1,"Colorado > Canon City > Shelf Road > The Gallery > Menses Prow",3.7,4,Lead,Redpoint,Sport,,,5100
2025-12-24,"Liquid Affair",5.11b,,https://www.mountainproject.com/route/105752902/liquid-affair,1,"Colorado > Canon City > Shelf Road > The Gallery > Menses Prow",1.9,-1,Lead,Redpoint,Sport,,,4900
2025-12-24,"Flashback To Acid Beach",5.10d,,https://www.mountainproject.com/route/105752899/flashback-to-acid-beach,1,"Colorado > Canon City > Shelf Road > The Gallery > Menses Prow",2.6,-1,Lead,Onsight,Sport,,,3500
2025-12-23,"The Don Show",5.9,"Roped solo",https://www.mountainproject.com/route/106990696/the-don-show,1,"Colorado > Canon City > Shelf Road > The Bank > 01. Piggy Bank",1.9,-1,Lead,Onsight,Sport,,70,2400
2025-12-23,"Abu Simbel",5.10b,"Roped solo",https://www.mountainproject.com/route/107161340/abu-simbel,1,"Colorado > Canon City > Shelf Road > The Bank > 01. Piggy Bank",2.1,-1,Lead,Onsight,Sport,,40,2900
2025-12-23,2010A,5.10a,"Roped solo",https://www.mountainproject.com/route/107019385/2010a,1,"Colorado > Canon City > Shelf Road > The Bank > 01. Piggy Bank",1.8,-1,Lead,Onsight,Sport,,80,2600
2025-12-23,Gambino,5.9+,"Roped solo ",https://www.mountainproject.com/route/107018884/gambino,1,"Colorado > Canon City > Shelf Road > The Bank > 01. Piggy Bank",2.2,-1,Lead,Onsight,Sport,,70,2500
2025-12-23,"The Sweepings",5.10b,"Roped solo ",https://www.mountainproject.com/route/106956830/the-sweepings,1,"Colorado > Canon City > Shelf Road > The Bank > 01. Piggy Bank",1.2,-1,Lead,Onsight,Sport,,65,2900
2025-12-23,Misery,5.10a,"Roped solo",https://www.mountainproject.com/route/107161309/misery,1,"Colorado > Canon City > Shelf Road > The Bank > 01. Piggy Bank",1.8,-1,Lead,Onsight,Sport,,40,2600
2025-12-21,"Illegal Smile",5.11b,,https://www.mountainproject.com/route/105929386/illegal-smile,1,"Colorado > Canon City > Shelf Road > Cactus Cliff > A. Cactus Cliff Far Left (left of Muscle Beach)",3.6,-1,Lead,Redpoint,Sport,,80,4900
2025-12-21,Misalignment,5.11a,,https://www.mountainproject.com/route/106140506/misalignment,1,"Colorado > Canon City > Shelf Road > Cactus Cliff > A. Cactus Cliff Far Left (left of Muscle Beach)",2.3,-1,Lead,Redpoint,Sport,,50,4600
2025-12-21,Bran-Dan,5.10c,"Stay right, on the arete for the end.",https://www.mountainproject.com/route/124778703/bran-dan,1,"Colorado > Canon City > Shelf Road > Cactus Cliff > A. Cactus Cliff Far Left (left of Muscle Beach)",2.6,-1,Lead,Redpoint,Sport,,68,3200
2025-12-21,"Tryptophan 2002",5.10b/c,,https://www.mountainproject.com/route/106317977/tryptophan-2002,1,"Colorado > Canon City > Shelf Road > The Vault",2.7,-1,Lead,Redpoint,Sport,,70,3100
2025-12-20,"Dancin`  Shoes",5.11a,"Roped solo.  Between 3 and 4 hard to see high right side pull.in a shallow dish",https://www.mountainproject.com/route/106029842/dancin-shoes,1,"Colorado > Canon City > Shelf Road > The Bank > 09. Ethics? What Ethics?",2.2,-1,Lead,Fell/Hung,Sport,,25,4600
2025-12-20,"Deconstructing Harry",5.9+,"Roped solo",https://www.mountainproject.com/route/108844974/deconstructing-harry,1,"Colorado > Canon City > Shelf Road > The Bank > 10. 2150 Wall",2.4,-1,Lead,Redpoint,Sport,,80,2500
2025-12-20,"Primal Scream",5.9+,"Roped solo",https://www.mountainproject.com/route/105752626/primal-scream,1,"Colorado > Canon City > Shelf Road > The Bank > 10. 2150 Wall",1.8,-1,Lead,Onsight,Sport,,50,2500
2025-12-20,"Lime Street",5.11b,"Roped solo",https://www.mountainproject.com/route/105752587/lime-street,1,"Colorado > Canon City > Shelf Road > The Bank > 10. 2150 Wall",3.6,-1,Lead,Redpoint,Sport,,,4900
2025-12-20,"Move Night",5.7+,,https://www.mountainproject.com/route/121757995/move-night,1,"Colorado > Canon City > Shelf Road > The Bank > 10. 2150 Wall",1.7,-1,Solo,,Sport,,70,1900
2025-12-20,"Battering RAMM",5.10+,"Roped solo",https://www.mountainproject.com/route/121822726/battering-ramm,1,"Colorado > Canon City > Shelf Road > The Bank > 10. 2150 Wall",2.1,-1,Lead,Onsight,Sport,,70,3300
2025-12-14,"Lime Street",5.11b,,https://www.mountainproject.com/route/105752587/lime-street,1,"Colorado > Canon City > Shelf Road > The Bank > 10. 2150 Wall",3.6,-1,Lead,Redpoint,Sport,,,4900
2025-12-14,Shout,5.11a,,https://www.mountainproject.com/route/112325038/shout,1,"Colorado > Canon City > Shelf Road > The Bank > 10. 2150 Wall",2.5,-1,Lead,Redpoint,Sport,,60,4600
2025-12-14,"Tribal Boundary",5.11b,,https://www.mountainproject.com/route/105752629/tribal-boundary,1,"Colorado > Canon City > Shelf Road > The Bank > 10. 2150 Wall",2.5,-1,Lead,Fell/Hung,Sport,,,4900
2025-12-14,Ripped,5.10b,,https://www.mountainproject.com/route/106363085/ripped,1,"Colorado > Canon City > Shelf Road > The Bank > 10. 2150 Wall",2.7,-1,Lead,Redpoint,Sport,,75,2900
2025-12-14,Ripped,5.10b,"Roped aolo",https://www.mountainproject.com/route/106363085/ripped,1,"Colorado > Canon City > Shelf Road > The Bank > 10. 2150 Wall",2.7,-1,Lead,Fell/Hung,Sport,,75,2900
2025-12-14,"Mighty Aphrodite",5.10a,,https://www.mountainproject.com/route/109679786/mighty-aphrodite,1,"Colorado > Canon City > Shelf Road > The Bank > 10. 2150 Wall",2.8,-1,Lead,Redpoint,Sport,,80,2600
2025-12-14,2112,5.9+,,https://www.mountainproject.com/route/109676270/2112,1,"Colorado > Canon City > Shelf Road > The Bank > 10. 2150 Wall",2.5,-1,Lead,Redpoint,Sport,,60,2500
2025-12-13,"Show Stopper",5.11b/c,,https://www.mountainproject.com/route/116763377/show-stopper,1,"Colorado > Canon City > Shelf Road > The Bank > Quarry Wall at the Bank",1.9,-1,Lead,Fell/Hung,Sport,,50,5100
2025-12-13,"Under Lock & Key",5.11a,,https://www.mountainproject.com/route/119155732/under-lock-key,1,"Colorado > Canon City > Shelf Road > The Bank > Quarry Wall at the Bank",2.3,-1,Lead,Onsight,Sport,,40,4600
2025-12-13,"Heart & Soul",5.7,,https://www.mountainproject.com/route/116762918/heart-soul,1,"Colorado > Canon City > Shelf Road > The Bank > Quarry Wall at the Bank",2.1,-1,Solo,,Sport,,40,1800
2025-12-13,"Impending Doom",5.10c,,https://www.mountainproject.com/route/118282607/impending-doom,1,"Colorado > Canon City > Shelf Road > The Bank > Quarry Wall at the Bank",2.1,-1,Lead,Onsight,Sport,,45,3200
2025-12-13,"Unknown 10",5.11a,,https://www.mountainproject.com/route/118282699/unknown-10,1,"Colorado > Canon City > Shelf Road > The Bank > Quarry Wall at the Bank",2.0,-1,Lead,Onsight,Sport,,40,4600
2025-12-13,"She Used to be My Girl",5.10b,,https://www.mountainproject.com/route/119156243/she-used-to-be-my-girl,1,"Colorado > Canon City > Shelf Road > The Bank > Quarry Wall at the Bank",1.7,-1,Lead,Onsight,Sport,,50,2900
2025-12-13,"Crack Nite",5.11b/c,,https://www.mountainproject.com/route/118282665/crack-nite,1,"Colorado > Canon City > Shelf Road > The Bank > Quarry Wall at the Bank",2.0,2,Lead,Onsight,Sport,5.10c/d,40,5100
2025-12-13,"Love at First Sting",5.10c,,https://www.mountainproject.com/route/119156397/love-at-first-sting,1,"Colorado > Canon City > Shelf Road > The Bank > Quarry Wall at the Bank",2.1,-1,Lead,Onsight,Sport,,50,3200
2025-12-13,"Putain de Critiques",5.7,,https://www.mountainproject.com/route/116763173/putain-de-critiques,1,"Colorado > Canon City > Shelf Road > The Bank > Quarry Wall at the Bank",2.6,-1,Solo,,Sport,,40,1800
2025-12-07,70/30,5.10-,,https://www.mountainproject.com/route/200502400/7030,1,"Colorado > The Wet Mountains > Oak Creek Canyon > Tanner Dome",2.0,-1,TR,,Sport,,60,2700
2025-12-07,"Bob Robertson Memorial Climb",5.12-,,https://www.mountainproject.com/route/200502348/bob-robertson-memorial-climb,1,"Colorado > The Wet Mountains > Oak Creek Canyon > Tanner Dome",2.0,-1,Lead,Fell/Hung,Sport,,60,6700
2025-11-28,"Kennesaw Mountain",5.9+,,https://www.mountainproject.com/route/107510768/kennesaw-mountain,1,"Colorado > The Wet Mountains > Oak Creek Canyon > Tanner Dome",2.5,-1,Lead,Onsight,Sport,,70,2500
2025-11-28,"The Merrimac",5.9+,,https://www.mountainproject.com/route/107521285/the-merrimac,1,"Colorado > The Wet Mountains > Oak Creek Canyon > Tanner Dome",2.7,-1,Lead,Onsight,Sport,,80,2500
2025-11-22,Crossover,5.10a,,https://www.mountainproject.com/route/124470046/crossover,1,"Colorado > Canon City > Shelf Road > The Bank > 12. Beijing aka Beyond the 2150 Wall",2.4,2,Lead,Redpoint,Sport,,55,2600
2025-11-22,"Feeling Stronger Everyday",5.11c/d,,https://www.mountainproject.com/route/200481502/feeling-stronger-everyday,1,"Colorado > Canon City > Shelf Road > The Bank > 12. Beijing aka Beyond the 2150 Wall",2.5,-1,Lead,Redpoint,Sport,,50,5400
2025-11-22,"Feeling Stronger Everyday",5.11c/d,,https://www.mountainproject.com/route/200481502/feeling-stronger-everyday,1,"Colorado > Canon City > Shelf Road > The Bank > 12. Beijing aka Beyond the 2150 Wall",2.5,-1,Lead,Fell/Hung,Sport,,50,5400
2025-11-22,T.B.,5.11a,"Lead on bolts",https://www.mountainproject.com/route/200421718/tb,1,"Colorado > Canon City > Shelf Road > The Bank > 12. Beijing aka Beyond the 2150 Wall",2.5,-1,Lead,Onsight,Trad,,50,4600
2025-11-22,Beijing,5.11c/d,,https://www.mountainproject.com/route/200421698/beijing,1,"Colorado > Canon City > Shelf Road > The Bank > 12. Beijing aka Beyond the 2150 Wall",3.3,2,Lead,Onsight,Sport,5.11b,50,5400
2025-11-22,"Harness Your Hopes",5.8+,,https://www.mountainproject.com/route/125913398/harness-your-hopes,1,"Colorado > Canon City > Shelf Road > The Bank > 12. Beijing aka Beyond the 2150 Wall",1.6,-1,Solo,,Sport,,35,2200
2025-11-22,Peking,5.7,,https://www.mountainproject.com/route/105761727/peking,1,"Colorado > Canon City > Shelf Road > The Bank > 12. Beijing aka Beyond the 2150 Wall",1.6,-1,Solo,,Sport,,60,1800
2025-11-15,Renaissance,5.11a,,https://www.mountainproject.com/route/105812408/renaissance,1,"Colorado > Canon City > Shelf Road > Sand Gulch > Contest Wall",2.5,-1,TR,,Sport,,80,4600
2025-11-15,Silverado,5.11b,,https://www.mountainproject.com/route/105755704/silverado,1,"Colorado > Canon City > Shelf Road > Sand Gulch > Contest Wall",3.7,-1,Lead,Onsight,Sport,,,4900
2025-11-15,"Little Red Badge of Courage",5.11c,,https://www.mountainproject.com/route/105755707/little-red-badge-of-courage,1,"Colorado > Canon City > Shelf Road > Sand Gulch > Contest Wall",2.8,2,Lead,Onsight,Sport,,,5200
2025-11-15,Regroovable,5.11b,,https://www.mountainproject.com/route/105748690/regroovable,1,"Colorado > Canon City > Shelf Road > Sand Gulch > Contest Wall",3.5,-1,Lead,Onsight,Sport,,,4900
2025-11-15,"Cactus Drop",5.10d,,https://www.mountainproject.com/route/105761046/cactus-drop,1,"Colorado > Canon City > Shelf Road > Sand Gulch > Contest Wall",3.1,-1,Lead,Onsight,Sport,,70,3500
2025-11-15,"Taos Hum",5.10b,,https://www.mountainproject.com/route/106976790/taos-hum,1,"Colorado > Canon City > Shelf Road > Sand Gulch > Contest Wall",2.5,-1,Lead,Onsight,Sport,,90,2900
2025-11-15,"Black Rib",5.10a/b,,https://www.mountainproject.com/route/106976845/black-rib,1,"Colorado > Canon City > Shelf Road > Sand Gulch > Contest Wall",2.1,-1,Lead,Redpoint,Sport,,85,2800
2025-11-08,"Dental Floss Tycoon",5.10,,https://www.mountainproject.com/route/105823668/dental-floss-tycoon,1,"Utah > Southeast Utah > San Juan County > Indian Creek > Broken Tooth",3.2,-1,TR,,Trad,,150,3000
2025-11-08,"unnamed classic hand crack aka Gold Crown",5.11-,,https://www.mountainproject.com/route/105718114/unnamed-classic-hand-crack-aka-gold-crown,1,"Utah > Southeast Utah > San Juan County > Indian Creek > Broken Tooth",3.7,-1,TR,,Trad,,120,4700
2025-11-08,"Rock Lobster",5.11b,"Hung once",https://www.mountainproject.com/route/105718087/rock-lobster,1,"Utah > Southeast Utah > San Juan County > Indian Creek > Broken Tooth",3.8,-1,TR,,Trad,,115,4900
2025-11-06,"Soylent Green",5.11,"Hung 4 times ",https://www.mountainproject.com/route/112188459/soylent-green,1,"Utah > Southeast Utah > San Juan County > Indian Creek > 2nd Meat Wall",2.9,-1,TR,,Trad,,115,5000
2025-11-06,"At Your Cervix",5.11-,"Hung once",https://www.mountainproject.com/route/105718813/at-your-cervix,1,"Utah > Southeast Utah > San Juan County > Indian Creek > 2nd Meat Wall",3.3,-1,TR,,Trad,,120,4700
2025-11-06,"T-Bones Tonight",5.12-,"Hung all over",https://www.mountainproject.com/route/105718810/t-bones-tonight,1,"Utah > Southeast Utah > San Juan County > Indian Creek > 2nd Meat Wall",3.8,-1,TR,,Trad,,100,6700
2025-11-06,"Tube Steaks Tomorrow",5.10+,,https://www.mountainproject.com/route/105718534/tube-steaks-tomorrow,1,"Utah > Southeast Utah > San Juan County > Indian Creek > 2nd Meat Wall",2.8,-1,TR,,Trad,,90,3300
2025-11-05,"Sea of Heartbreak",5.12-,"Hung all over",https://www.mountainproject.com/route/119607263/sea-of-heartbreak,1,"Utah > Southeast Utah > San Juan County > Indian Creek > Reservoir Wall",3.7,-1,TR,,Trad,,95,6700
2025-11-05,"Skank on the Hanglow",5.10b,,https://www.mountainproject.com/route/105718684/skank-on-the-hanglow,1,"Utah > Southeast Utah > San Juan County > Indian Creek > Reservoir Wall",2.5,-1,TR,,Trad,,60,2900
2025-11-05,"No Excuse",5.11-,,https://www.mountainproject.com/route/105717694/no-excuse,1,"Utah > Southeast Utah > San Juan County > Indian Creek > Reservoir Wall",2.9,-1,TR,,Trad,,,4700
2025-11-05,"Excuse Station",5.11,"Hung 5-6 times",https://www.mountainproject.com/route/105717409/excuse-station,1,"Utah > Southeast Utah > San Juan County > Indian Creek > Reservoir Wall",3.9,-1,TR,,Trad,,105,5000
2025-11-03,"Haley’s Head",5.10,,https://www.mountainproject.com/route/121606175/haleys-head,1,"Utah > Southeast Utah > San Juan County > Indian Creek > Public Service Wall",2.6,-1,TR,,Trad,,45,3000
2025-11-03,"Hands Up",5.10,,https://www.mountainproject.com/route/111852682/hands-up,1,"Utah > Southeast Utah > San Juan County > Indian Creek > Public Service Wall",2.7,-1,TR,,Trad,,120,3000
2025-11-03,"Out On A Whim",5.10,,https://www.mountainproject.com/route/108400719/out-on-a-whim,1,"Utah > Southeast Utah > San Juan County > Indian Creek > Public Service Wall",3.1,-1,TR,,Trad,,115,3000
2025-11-03,"1 to 4 crack",5.10,,https://www.mountainproject.com/route/107856802/1-to-4-crack,1,"Utah > Southeast Utah > San Juan County > Indian Creek > Public Service Wall",3.0,-1,TR,,Trad,,70,3000
2025-11-02,Gurka,5.12-,"Hung everywhere",https://www.mountainproject.com/route/105718090/gurka,1,"Utah > Southeast Utah > San Juan County > Indian Creek > Reservoir Wall",3.1,-1,TR,,Trad,,60,6700
2025-11-02,"Three Fools aka Kelley Route 32",5.10,,https://www.mountainproject.com/route/106954657/three-fools-aka-kelley-route-32,1,"Utah > Southeast Utah > San Juan County > Indian Creek > Reservoir Wall",2.5,-1,Lead,Fell/Hung,Trad,,60,3000
2025-11-02,"Finger Food",5.11+,"3 hung",https://www.mountainproject.com/route/106058515/finger-food,1,"Utah > Southeast Utah > San Juan County > Indian Creek > Reservoir Wall",3.6,-1,TR,,Trad,,80,5300
2025-11-02,"Dr. Carl",5.10-,,https://www.mountainproject.com/route/105717649/dr-carl,1,"Utah > Southeast Utah > San Juan County > Indian Creek > Reservoir Wall",2.7,-1,Lead,Onsight,Trad,,,2700
2025-11-02,"Wigglin' Worm",5.11,"1 hung",https://www.mountainproject.com/route/105717415/wigglin-worm,1,"Utah > Southeast Utah > San Juan County > Indian Creek > Reservoir Wall",3.3,-1,TR,,Trad,,,5000
2025-10-26,Tractatus,5.11a,2,https://www.mountainproject.com/route/105759081/tractatus,1,"Colorado > Canon City > Shelf Road > Spiney Ridge",2.6,-1,Lead,Redpoint,Sport,,50,4600
2025-10-26,Tractatus,5.11a,1,https://www.mountainproject.com/route/105759081/tractatus,1,"Colorado > Canon City > Shelf Road > Spiney Ridge",2.6,-1,Lead,Redpoint,Sport,,50,4600
2025-10-26,"Paleolithic Tool Traditions",5.11d,"Go way left to the flake",https://www.mountainproject.com/route/105754831/paleolithic-tool-traditions,1,"Colorado > Canon City > Shelf Road > Cactus Cliff > E. Cactus Cliff Far Right (Funkdemental and right)",2.7,3,Lead,Redpoint,Sport,,70,5500
2025-10-26,"Paleolithic Tool Traditions",5.11d,,https://www.mountainproject.com/route/105754831/paleolithic-tool-traditions,1,"Colorado > Canon City > Shelf Road > Cactus Cliff > E. Cactus Cliff Far Right (Funkdemental and right)",2.7,3,Lead,Fell/Hung,Sport,,70,5500
2025-10-26,"E. Cactus Cliff Far Right (Funkdemental and right) | 5668",5.11c,,https://www.mountainproject.com/route/105755668/e-cactus-cliff-far-right-funkdemental-and-right-5668,1,"Colorado > Canon City > Shelf Road > Cactus Cliff > E. Cactus Cliff Far Right (Funkdemental and right)",2.9,-1,Lead,Redpoint,Sport,,70,5200
2025-10-26,"I Lean",5.11a,,https://www.mountainproject.com/route/105830383/i-lean,1,"Colorado > Canon City > Shelf Road > Cactus Cliff > E. Cactus Cliff Far Right (Funkdemental and right)",3.2,-1,Lead,Redpoint,Sport,,80,4600
2025-10-26,"Politically Incorrect",5.10c,,https://www.mountainproject.com/route/105754477/politically-incorrect,1,"Colorado > Canon City > Shelf Road > Cactus Cliff > E. Cactus Cliff Far Right (Funkdemental and right)",3.1,-1,Lead,Redpoint,Sport,,80,3200
2025-10-26,"D. Cactus Cliff Right (left of Funkdemental) | 5078",5.10a,,https://www.mountainproject.com/route/105865078/d-cactus-cliff-right-left-of-funkdemental-5078,1,"Colorado > Canon City > Shelf Road > Cactus Cliff > D. Cactus Cliff Right (left of Funkdemental)",2.5,-1,Lead,Redpoint,Sport,,85,2600
2025-10-26,"Risky Business",5.9,,https://www.mountainproject.com/route/105759405/risky-business,1,"Colorado > Canon City > Shelf Road > Cactus Cliff > D. Cactus Cliff Right (left of Funkdemental)",2.1,-1,Lead,Onsight,Sport,,75,2400
2025-10-25,"Emperor's Robe",5.11d,,https://www.mountainproject.com/route/105752584/emperors-robe,1,"Colorado > Canon City > Shelf Road > The Bank > 10. 2150 Wall",3.4,-1,Lead,Onsight,Sport,,,5500
2025-10-25,"Living in America",5.12a,"Clean except for the traverse in.",https://www.mountainproject.com/route/105750046/living-in-america,1,"Colorado > Canon City > Shelf Road > The Bank > 10. 2150 Wall",2.9,-1,Lead,Fell/Hung,Sport,,,6600
2025-10-25,"Living in America",5.12a,,https://www.mountainproject.com/route/105750046/living-in-america,1,"Colorado > Canon City > Shelf Road > The Bank > 10. 2150 Wall",2.9,-1,Lead,Fell/Hung,Sport,,,6600
2025-10-25,2112,5.9+,"Clipped one bolt on solo attempt",https://www.mountainproject.com/route/109676270/2112,1,"Colorado > Canon City > Shelf Road > The Bank > 10. 2150 Wall",2.5,-1,Lead,Redpoint,Sport,,60,2500
2025-10-25,2112,5.9+,,https://www.mountainproject.com/route/109676270/2112,1,"Colorado > Canon City > Shelf Road > The Bank > 10. 2150 Wall",2.5,-1,Lead,Redpoint,Sport,,60,2500
2025-10-25,"Lost Planet Airman",5.11c,,https://www.mountainproject.com/route/105750052/lost-planet-airman,1,"Colorado > Canon City > Shelf Road > The Bank > 10. 2150 Wall",3.3,-1,Lead,Redpoint,Sport,,70,5200
2025-10-25,"Taping Tendons",5.11c/d,,https://www.mountainproject.com/route/105750049/taping-tendons,1,"Colorado > Canon City > Shelf Road > The Bank > 10. 2150 Wall",3.5,-1,Lead,Redpoint,Sport,,,5400
2025-10-25,Shout,5.11a,,https://www.mountainproject.com/route/112325038/shout,1,"Colorado > Canon City > Shelf Road > The Bank > 10. 2150 Wall",2.5,-1,Lead,Onsight,Sport,,60,4600
2025-10-19,"What The Hey",5.9+,,https://www.mountainproject.com/route/105763161/what-the-hey,1,"Colorado > San Luis Valley > Penitente Canyon > Penitente - Entrance Area",2.1,-1,Lead,Onsight,Sport,,80,2500
2025-10-19,"Dos Hombres",5.11c,,https://www.mountainproject.com/route/105763002/dos-hombres,1,"Colorado > San Luis Valley > Penitente Canyon > Penitente - Entrance Area",3.0,-1,Lead,Redpoint,Sport,,40,5200
2025-10-19,"Dos Hombres",5.11c,,https://www.mountainproject.com/route/105763002/dos-hombres,1,"Colorado > San Luis Valley > Penitente Canyon > Penitente - Entrance Area",3.0,-1,Lead,Fell/Hung,Sport,,40,5200
2025-10-19,"Queso Cabeza",5.11d,,https://www.mountainproject.com/route/105753970/queso-cabeza,1,"Colorado > San Luis Valley > Penitente Canyon > Penitente - Entrance Area",2.3,-1,Lead,Redpoint,Sport,,,5500
2025-10-19,"Queso Cabeza",5.11d,,https://www.mountainproject.com/route/105753970/queso-cabeza,1,"Colorado > San Luis Valley > Penitente Canyon > Penitente - Entrance Area",2.3,-1,Lead,Fell/Hung,Sport,,,5500
2025-10-19,"Wages of Sin",5.10,"First photo is Persephone, second photo is correct.",https://www.mountainproject.com/route/105878502/wages-of-sin,1,"Colorado > San Luis Valley > Penitente Canyon > Penitente - Entrance Area",2.6,-1,Lead,Onsight,"Trad, Sport",,60,3000
2025-10-18,"No Intent",5.12a,,https://www.mountainproject.com/route/105878547/no-intent,1,"Colorado > San Luis Valley > Penitente Canyon > Penitente - Inner Canyon",2.2,-1,Lead,Fell/Hung,Sport,,,6600
2025-10-18,"Not My Cross To Bear",5.11b,,https://www.mountainproject.com/route/105753910/not-my-cross-to-bear,1,"Colorado > San Luis Valley > Penitente Canyon > Penitente - Inner Canyon",3.8,-1,Lead,Onsight,Sport,,,4900
2025-10-18,"How The West Was Won",5.9,,https://www.mountainproject.com/route/105753904/how-the-west-was-won,1,"Colorado > San Luis Valley > Penitente Canyon > Penitente - Inner Canyon",2.8,-1,Lead,Onsight,Sport,,,2400
2025-10-18,"Mysterious Redhead",5.11a,,https://www.mountainproject.com/route/105753385/mysterious-redhead,1,"Colorado > San Luis Valley > Penitente Canyon > Penitente - Entrance Area",2.5,-1,Lead,Fell/Hung,Sport,,,4600
2025-10-17,"Jabba the Hutt",5.11c,1st,https://www.mountainproject.com/route/105878590/jabba-the-hutt,1,"Colorado > San Luis Valley > Penitente Canyon > Penitente - Inner Canyon",3.4,-1,Lead,Fell/Hung,Sport,,50,5200
2025-10-17,"Los Hermanos de la Penitente",5.12+,1st,https://www.mountainproject.com/route/105764937/los-hermanos-de-la-penitente,1,"Colorado > San Luis Valley > Penitente Canyon > Penitente - Inner Canyon",3.4,-1,Lead,Fell/Hung,Sport,,70,7300
2025-10-17,"Jewel of the Mild",5.10c,,https://www.mountainproject.com/route/105753844/jewel-of-the-mild,1,"Colorado > San Luis Valley > Penitente Canyon > Penitente - Inner Canyon",3.1,-1,Lead,Onsight,Sport,,60,3200
2025-10-12,"Last Call",5.9+,,https://www.mountainproject.com/route/105748636/last-call,1,"Colorado > Boulder > Boulder Canyon > Happy Hour Crag",2.8,-1,TR,,"Trad, TR",,,2500
2025-10-12,"The Big Spit",5.9,,https://www.mountainproject.com/route/105756553/the-big-spit,1,"Colorado > Boulder > Boulder Canyon > Happy Hour Crag",1.9,-1,TR,,Trad,,,2400
2025-10-12,"Rush Hour",5.12a,,https://www.mountainproject.com/route/105748633/rush-hour,1,"Colorado > Boulder > Boulder Canyon > Happy Hour Crag",2.2,-1,TR,,"Trad, TR",,,6600
2025-10-11,Paper,5.10b,,https://www.mountainproject.com/route/107706099/paper,1,"Colorado > South Platte > Devil's Head > Wipeyur Buttress",2.9,-1,Lead,Onsight,Sport,,100,2900
2025-10-11,"Snapping Station",5.12a,,https://www.mountainproject.com/route/107208554/snapping-station,1,"Colorado > South Platte > Devil's Head > Wipeyur Buttress",3.0,-1,Lead,Redpoint,Sport,,110,6600
2025-10-11,"Can You Spare a Square? (18)",5.10c,,https://www.mountainproject.com/route/111916452/can-you-spare-a-square-18,1,"Colorado > South Platte > Devil's Head > Wipeyur Buttress",2.9,-1,Lead,Redpoint,Sport,,80,3200
2025-10-11,"Turd Burglar",5.10a/b,,https://www.mountainproject.com/route/107335718/turd-burglar,1,"Colorado > South Platte > Devil's Head > Wipeyur Buttress",2.3,-1,Lead,Redpoint,Sport,,80,2800
2025-10-05,"Welcome to the Jungle",5.8+,,https://www.mountainproject.com/route/106850966/welcome-to-the-jungle,1,"Colorado > South Platte > Devil's Head > The Jungle",2.4,-1,Lead,Redpoint,Sport,,,2200
2025-10-05,"Jungle Mountaineering",5.10a,,https://www.mountainproject.com/route/106858608/jungle-mountaineering,3,"Colorado > South Platte > Devil's Head > The Jungle",2.6,-1,Lead,Redpoint,Sport,,,2600
2025-10-04,"I Tawt I Taw A Puddy Tat",5.10a,,https://www.mountainproject.com/route/108766058/i-tawt-i-taw-a-puddy-tat,1,"Colorado > Golden > Clear Creek Canyon > East Colfax",2.1,-1,Lead,Redpoint,Sport,,65,2600
2025-10-04,"Just A Smidgen Harder",5.10,"Roped solo ",https://www.mountainproject.com/route/109289996/just-a-smidgen-harder,2,"Colorado > Golden > Clear Creek Canyon > East Colfax",2.5,3,Lead,Redpoint,Sport,5.9+,100,3000
2025-10-04,"Fill In The Blanks",5.9,,https://www.mountainproject.com/route/109028752/fill-in-the-blanks,1,"Colorado > Golden > Clear Creek Canyon > East Colfax",2.8,-1,Lead,Redpoint,Sport,,70,2400
2025-10-04,"Another Earth",5.10d,"Roped solo",https://www.mountainproject.com/route/109164582/another-earth,1,"Colorado > Golden > Clear Creek Canyon > East Colfax",2.0,-1,Lead,Onsight,Sport,,50,3500
2025-10-04,"Planet Earth",5.10d,"Roped solo ",https://www.mountainproject.com/route/109164554/planet-earth,1,"Colorado > Golden > Clear Creek Canyon > East Colfax",2.4,-1,Lead,Onsight,Sport,,60,3500
2025-10-04,"When I'm 64",5.6,,https://www.mountainproject.com/route/108551823/when-im-64,1,"Colorado > Golden > Clear Creek Canyon > East Colfax",2.1,-1,Solo,,Sport,,60,1600
2025-09-27,"Left El Shinto",5.12b,,https://www.mountainproject.com/route/107290020/left-el-shinto,1,"Wyoming > Ten Sleep Canyon > French Cattle Ranch > Sector Shinto",3.8,-1,Lead,,Sport,,,6900
2025-09-27,"Center El Shinto",5.12b,,https://www.mountainproject.com/route/105856684/center-el-shinto,1,"Wyoming > Ten Sleep Canyon > French Cattle Ranch > Sector Shinto",3.7,-1,Lead,Redpoint,Sport,,70,6900
2025-09-27,"Tangerine Fat Explosion",5.12c,,https://www.mountainproject.com/route/107755911/tangerine-fat-explosion,1,"Wyoming > Ten Sleep Canyon > French Cattle Ranch > Whiny Baby Wall",3.9,-1,Lead,Fell/Hung,Sport,5.12b,65,7200
2025-09-27,"High Water aka FPF",5.10c,,https://www.mountainproject.com/route/107652681/high-water-aka-fpf,1,"Wyoming > Ten Sleep Canyon > Downtown > The Cigar",2.6,-1,Lead,Onsight,Sport,,70,3200
2025-09-27,"The Name of the Game",5.13a,,https://www.mountainproject.com/route/107059757/the-name-of-the-game,1,"Wyoming > Ten Sleep Canyon > Downtown > The Cigar",3.8,-1,Lead,Fell/Hung,Sport,,60,8600
2025-09-27,"Racing Babies / Lounging Like a Roman",5.10b/c,,https://www.mountainproject.com/route/105856788/racing-babies-lounging-like-a-roman,1,"Wyoming > Ten Sleep Canyon > French Cattle Ranch > Big Kahuna Pillar",2.8,-1,Lead,Redpoint,Sport,,75,3100
2025-09-25,"House of Cards",5.10a,,https://www.mountainproject.com/route/117685486/house-of-cards,1,"Wyoming > Ten Sleep Canyon > Valhalla > 4. House Wall",2.3,-1,Lead,Redpoint,Sport,,,2600
2025-09-25,"Heroin Hoedown",5.11a,,https://www.mountainproject.com/route/113266302/heroin-hoedown,1,"Wyoming > Ten Sleep Canyon > Valhalla > 5. Drugs and Sex",3.2,-1,Lead,Redpoint,Sport,,,4600
2025-09-25,"Drug of Choice",5.12a,,https://www.mountainproject.com/route/114957261/drug-of-choice,1,"Wyoming > Ten Sleep Canyon > Valhalla > 5. Drugs and Sex",3.6,-1,Lead,Redpoint,Sport,,100,6600
2025-09-25,"Cocaine Rodeo",5.12a,,https://www.mountainproject.com/route/106818981/cocaine-rodeo,1,"Wyoming > Ten Sleep Canyon > Valhalla > 5. Drugs and Sex",3.8,-1,Lead,Redpoint,Sport,,105,6600
2025-09-25,"Vitamin K",5.12b,2nd,https://www.mountainproject.com/route/107755077/vitamin-k,1,"Wyoming > Ten Sleep Canyon > Valhalla > 5. Drugs and Sex",3.5,-1,Lead,,Sport,,80,6900
2025-09-25,"Vitamin K",5.12b,1st,https://www.mountainproject.com/route/107755077/vitamin-k,1,"Wyoming > Ten Sleep Canyon > Valhalla > 5. Drugs and Sex",3.5,-1,Lead,Fell/Hung,Sport,,80,6900
2025-09-24,"Tangerine Fat Explosion",5.12c,,https://www.mountainproject.com/route/107755911/tangerine-fat-explosion,1,"Wyoming > Ten Sleep Canyon > French Cattle Ranch > Whiny Baby Wall",3.9,-1,Lead,Redpoint,Sport,5.12b,65,7200
2025-09-24,"Tangerine Fat Explosion",5.12c,,https://www.mountainproject.com/route/107755911/tangerine-fat-explosion,1,"Wyoming > Ten Sleep Canyon > French Cattle Ranch > Whiny Baby Wall",3.9,-1,Lead,Fell/Hung,Sport,5.12b,65,7200
2025-09-24,"Crossbow Chaos Theory",5.11a,,https://www.mountainproject.com/route/107199345/crossbow-chaos-theory,1,"Wyoming > Ten Sleep Canyon > French Cattle Ranch > Big Kahuna Pillar",3.4,-1,Lead,Redpoint,Sport,,90,4600
2025-09-24,"Euro Trash",5.10b,,https://www.mountainproject.com/route/106002969/euro-trash,1,"Wyoming > Ten Sleep Canyon > French Cattle Ranch > Sector Shinto",2.9,-1,Lead,Redpoint,Sport,,80,2900
2025-09-21,"The Thunderbolt Three Slapper",5.11d,"Roped solo",https://www.mountainproject.com/route/121261136/the-thunderbolt-three-slapper,1,"Wyoming > Ten Sleep Canyon > French Cattle Ranch > Sector Shinto",2.1,2,Lead,Onsight,Sport,5.11b,80,5500
2025-09-21,"Bovine Blitz",5.11c,"Roped solo",https://www.mountainproject.com/route/107882702/bovine-blitz,1,"Wyoming > Ten Sleep Canyon > French Cattle Ranch > Sector Shinto",2.3,-1,Lead,Onsight,Sport,,,5200
2025-09-21,"PBR Celebration",5.10d,"Roped solo",https://www.mountainproject.com/route/107774561/pbr-celebration,1,"Wyoming > Ten Sleep Canyon > French Cattle Ranch > The Back Forty",1.7,-1,Lead,Onsight,Sport,,70,3500
2025-09-21,"Psychedelic Milk Painter",5.11a,"Roped solo",https://www.mountainproject.com/route/106254320/psychedelic-milk-painter,1,"Wyoming > Ten Sleep Canyon > French Cattle Ranch > The Back Forty",2.9,-1,Lead,Onsight,Sport,,80,4600
2025-09-21,"Crazy Wynona",5.11d,"Roped solo",https://www.mountainproject.com/route/106231339/crazy-wynona,1,"Wyoming > Ten Sleep Canyon > French Cattle Ranch > The Back Forty",3.7,-1,Lead,Onsight,Sport,,90,5500
2025-09-21,"Werewolves in London",5.10d,"Roped solo",https://www.mountainproject.com/route/106200458/werewolves-in-london,1,"Wyoming > Ten Sleep Canyon > French Cattle Ranch > Sector Shinto",2.8,-1,Lead,Onsight,Sport,,90,3500
2025-09-21,"Euro Trash",5.10b,"Roped solo",https://www.mountainproject.com/route/106002969/euro-trash,1,"Wyoming > Ten Sleep Canyon > French Cattle Ranch > Sector Shinto",2.9,-1,Lead,Onsight,Sport,,80,2900
2025-09-20,"Home Alone",5.8,"Roped solo",https://www.mountainproject.com/route/106480421/home-alone,1,"Wyoming > Ten Sleep Canyon > Home Alone",2.8,-1,Lead,Onsight,Sport,,100,2100
2025-09-20,"Always Keep it Loaded",5.12a,Clean,https://www.mountainproject.com/route/105956236/always-keep-it-loaded,1,"Wyoming > Ten Sleep Canyon > Home Alone",2.9,-1,TR,,Sport,,45,6600
2025-09-20,"Always Keep it Loaded",5.12a,Hung,https://www.mountainproject.com/route/105956236/always-keep-it-loaded,1,"Wyoming > Ten Sleep Canyon > Home Alone",2.9,-1,TR,,Sport,,45,6600
2025-09-20,Sexorcisto,5.10c,"Roped solo",https://www.mountainproject.com/route/105856762/sexorcisto,1,"Wyoming > Ten Sleep Canyon > Home Alone",2.8,-1,Lead,Onsight,Sport,,45,3200
2025-09-20,"Plea Bargain",5.10a,"Roped solo",https://www.mountainproject.com/route/105853386/plea-bargain,1,"Wyoming > Ten Sleep Canyon > Home Alone",2.6,-1,Lead,Onsight,Sport,,60,2600
2025-09-20,"Character Witness",5.11a,"Roped solo",https://www.mountainproject.com/route/105853365/character-witness,1,"Wyoming > Ten Sleep Canyon > Home Alone",3.0,-1,Lead,Onsight,Sport,,70,4600
2025-09-20,"Not Quite Stan",5.10c,"Roped solo",https://www.mountainproject.com/route/105853360/not-quite-stan,1,"Wyoming > Ten Sleep Canyon > Home Alone",2.1,-1,Lead,Onsight,Sport,,85,3200
2025-09-20,Limestoned,5.11a,"Roped solo",https://www.mountainproject.com/route/105853353/limestoned,1,"Wyoming > Ten Sleep Canyon > Home Alone",3.2,-1,Lead,Onsight,Sport,,60,4600
2025-09-19,"Dr. Jeckyl",5.11c,,https://www.mountainproject.com/route/114805061/dr-jeckyl,1,"Wyoming > Ten Sleep Canyon > Crag 6 > Twizzlers Corner",3.1,-1,Lead,Redpoint,Sport,,100,5200
2025-09-19,Ultramarine,5.12a,,https://www.mountainproject.com/route/111984518/ultramarine,1,"Wyoming > Ten Sleep Canyon > Crag 6 > The Living Room",3.0,-1,Lead,Onsight,Sport,,45,6600
2025-09-19,Thugaggra,5.13a,,https://www.mountainproject.com/route/114805013/thugaggra,1,"Wyoming > Ten Sleep Canyon > Crag 6 > Rap Stars Wall",3.9,-1,Lead,Fell/Hung,Sport,,95,8600
2025-09-19,"Kaleidoscope Eyes",5.10c,,https://www.mountainproject.com/route/117402922/kaleidoscope-eyes,1,"Wyoming > Ten Sleep Canyon > Crag 6 > Rap Stars Wall",2.6,-1,Lead,Onsight,Sport,,80,3200
2025-09-18,"Tangerine Fat Explosion",5.12c,"Missed the intermediate at the crux or would have flashed",https://www.mountainproject.com/route/107755911/tangerine-fat-explosion,1,"Wyoming > Ten Sleep Canyon > French Cattle Ranch > Whiny Baby Wall",3.9,-1,Lead,Fell/Hung,Sport,5.12b,65,7200
2025-09-18,"Santa's Little Prowler",5.11c,,https://www.mountainproject.com/route/110630039/santas-little-prowler,1,"Wyoming > Ten Sleep Canyon > French Cattle Ranch > Whiny Baby Wall",2.7,-1,Lead,Onsight,Sport,,60,5200
2025-09-18,"The Cloud Peak Vista Traverse Company",5.11c,,https://www.mountainproject.com/route/106820240/the-cloud-peak-vista-traverse-company,1,"Wyoming > Ten Sleep Canyon > French Cattle Ranch > Whiny Baby Wall",3.0,-1,Lead,Onsight,Sport,,,5200
2025-09-18,"Slightly Toasted Cracker",5.11c,,https://www.mountainproject.com/route/107199371/slightly-toasted-cracker,1,"Wyoming > Ten Sleep Canyon > French Cattle Ranch > The Back Forty",3.5,-1,Lead,Redpoint,Sport,,80,5200
2025-09-18,"Hell Yes I want Cheesy Poofs",5.11c,,https://www.mountainproject.com/route/106537679/hell-yes-i-want-cheesy-poofs,1,"Wyoming > Ten Sleep Canyon > French Cattle Ranch > The Back Forty",3.5,-1,Lead,Redpoint,Sport,,90,5200
2025-09-18,"There Is No Spoon",5.10c,,https://www.mountainproject.com/route/107200557/there-is-no-spoon,1,"Wyoming > Ten Sleep Canyon > French Cattle Ranch > Matrix Pillar",2.5,-1,Lead,Redpoint,Sport,,70,3200
2025-09-18,"Racing Babies / Lounging Like a Roman",5.10b/c,,https://www.mountainproject.com/route/105856788/racing-babies-lounging-like-a-roman,1,"Wyoming > Ten Sleep Canyon > French Cattle Ranch > Big Kahuna Pillar",2.8,-1,Lead,Redpoint,Sport,,75,3100
2025-09-14,"Shotgun Rider",5.11b/c,,https://www.mountainproject.com/route/121272754/shotgun-rider,1,"Wyoming > Ten Sleep Canyon > Old Road Crags > Honky Tonk",3.3,-1,Lead,Onsight,Sport,,65,5100
2025-09-14,"Honky Tonk Badonkadonk",5.11d,,https://www.mountainproject.com/route/119261056/honky-tonk-badonkadonk,1,"Wyoming > Ten Sleep Canyon > Old Road Crags > Honky Tonk",3.5,3,Lead,Onsight,Sport,5.11c,80,5500
2025-09-14,"Fat Bastard",5.11d,,https://www.mountainproject.com/route/119142714/fat-bastard,1,"Wyoming > Ten Sleep Canyon > Old Road Crags > Powers Wall",3.3,-1,Lead,Onsight,Sport,,60,5500
2025-09-14,"Swedish Penis Enlarger",5.12a,,https://www.mountainproject.com/route/111973716/swedish-penis-enlarger,1,"Wyoming > Ten Sleep Canyon > Old Road Crags > Powers Wall",3.3,-1,Lead,Redpoint,Sport,,75,6600
2025-09-14,"Swedish Penis Enlarger",5.12a,,https://www.mountainproject.com/route/111973716/swedish-penis-enlarger,1,"Wyoming > Ten Sleep Canyon > Old Road Crags > Powers Wall",3.3,-1,Lead,Fell/Hung,Sport,,75,6600
2025-09-14,Shmoke,5.11a,,https://www.mountainproject.com/route/119175942/shmoke,1,"Wyoming > Ten Sleep Canyon > Old Road Crags > Powers Wall",2.7,-1,Lead,Onsight,Sport,,65,4600
2025-09-13,Emancipation,5.12a,,https://www.mountainproject.com/route/119571560/emancipation,1,"Wyoming > Ten Sleep Canyon > Mondo Beyondo > Downpour Wall",3.2,-1,Lead,Onsight,Sport,,100,6600
2025-09-13,"Weight Of The World",5.12a,,https://www.mountainproject.com/route/107859007/weight-of-the-world,1,"Wyoming > Ten Sleep Canyon > Mondo Beyondo > World Domination",3.3,-1,Lead,Onsight,Sport,,95,6600
2025-09-13,"Sofa King",5.12a,,https://www.mountainproject.com/route/106159292/sofa-king,1,"Wyoming > Ten Sleep Canyon > Mondo Beyondo > World Domination",3.6,-1,Lead,Onsight,Sport,,100,6600
2025-09-13,"Captain Insano",5.11d,,https://www.mountainproject.com/route/106159245/captain-insano,1,"Wyoming > Ten Sleep Canyon > Mondo Beyondo > World Domination",3.7,2,Lead,Onsight,Sport,,100,5500
2025-09-13,"School's Out",5.10d,,https://www.mountainproject.com/route/105846613/schools-out,1,"Wyoming > Ten Sleep Canyon > Mondo Beyondo > Downpour Wall",3.3,-1,Lead,Redpoint,Sport,,75,3500
2025-09-12,"Slightly Toasted Cracker",5.11c,,https://www.mountainproject.com/route/107199371/slightly-toasted-cracker,1,"Wyoming > Ten Sleep Canyon > French Cattle Ranch > The Back Forty",3.5,-1,Lead,Onsight,Sport,,80,5200
2025-09-12,"I Just Do Eyes",5.11b,,https://www.mountainproject.com/route/105855562/i-just-do-eyes,1,"Wyoming > Ten Sleep Canyon > French Cattle Ranch > The Back Forty",3.6,-1,Lead,Redpoint,Sport,,90,4900
2025-09-12,Coppertop,5.11b,,https://www.mountainproject.com/route/109277646/coppertop,1,"Wyoming > Ten Sleep Canyon > French Cattle Ranch > Matrix Pillar",2.3,-1,Lead,Onsight,Sport,,50,4900
2025-09-12,"Crossbow Chaos Theory",5.11a,,https://www.mountainproject.com/route/107199345/crossbow-chaos-theory,1,"Wyoming > Ten Sleep Canyon > French Cattle Ranch > Big Kahuna Pillar",3.4,-1,Lead,Onsight,Sport,,90,4600
2025-09-12,"Racing Babies / Lounging Like a Roman",5.10b/c,,https://www.mountainproject.com/route/105856788/racing-babies-lounging-like-a-roman,1,"Wyoming > Ten Sleep Canyon > French Cattle Ranch > Big Kahuna Pillar",2.8,-1,Lead,Onsight,Sport,,75,3100
2025-09-11,"Stick It Into Coolsville",5.11a,,https://www.mountainproject.com/route/107714315/stick-it-into-coolsville,1,"Wyoming > Ten Sleep Canyon > Downtown > Coolsville",3.2,-1,Lead,Onsight,Sport,,90,4600
2025-09-11,"Have You Heard About the Sellout",5.11a,,https://www.mountainproject.com/route/107707306/have-you-heard-about-the-sellout,1,"Wyoming > Ten Sleep Canyon > Downtown > The Cigar",2.3,-1,Lead,Onsight,Sport,,55,4600
2025-09-11,"Could Be Made Into A Monster",5.11c,,https://www.mountainproject.com/route/107707310/could-be-made-into-a-monster,1,"Wyoming > Ten Sleep Canyon > Downtown > The Cigar",2.6,-1,Lead,Onsight,Sport,,60,5200
2025-09-09,"The Name of the Game",5.13a,"2nd try, new top beta, three hangs again",https://www.mountainproject.com/route/107059757/the-name-of-the-game,1,"Wyoming > Ten Sleep Canyon > Downtown > The Cigar",3.8,-1,TR,,Sport,,60,8600
2025-09-09,"The Name of the Game",5.13a,"1st try three hangs",https://www.mountainproject.com/route/107059757/the-name-of-the-game,1,"Wyoming > Ten Sleep Canyon > Downtown > The Cigar",3.8,-1,TR,,Sport,,60,8600
2025-09-06,"Comb Over",5.12b,"Short beta, at the third bolt cross right hand into an undercling in the jug and go high with the left hand.  This skips the right pocket after the jug and is easier if you're short.",https://www.mountainproject.com/route/201533834/comb-over,1,"Wyoming > Ten Sleep Canyon > Old Road Crags > Trump Tower",2.0,-1,Lead,Redpoint,Sport,,,6900
2025-09-06,"Comb Over",5.12b,2nd,https://www.mountainproject.com/route/201533834/comb-over,1,"Wyoming > Ten Sleep Canyon > Old Road Crags > Trump Tower",2.0,-1,Lead,Fell/Hung,Sport,,,6900
2025-09-06,"Comb Over",5.12b,1st,https://www.mountainproject.com/route/201533834/comb-over,1,"Wyoming > Ten Sleep Canyon > Old Road Crags > Trump Tower",2.0,-1,Lead,Fell/Hung,Sport,,,6900
2025-09-06,"Fake News",5.10d,,https://www.mountainproject.com/route/201293173/fake-news,1,"Wyoming > Ten Sleep Canyon > Old Road Crags > Trump Tower",2.0,-1,Lead,Onsight,Sport,,70,3500
2025-09-05,"Hooray for Boobies",5.10b,,https://www.mountainproject.com/route/105856733/hooray-for-boobies,1,"Wyoming > Ten Sleep Canyon > Mondo Beyondo > Dream Land",2.8,-1,Lead,Onsight,Sport,,60,2900
2025-09-05,"Beer Bong",5.10b,,https://www.mountainproject.com/route/105846621/beer-bong,1,"Wyoming > Ten Sleep Canyon > Mondo Beyondo > Dream Land",3.3,-1,Lead,Onsight,Sport,,80,2900
2025-09-05,"Douggie and Jimmy's Excellent Adventure",5.8,,https://www.mountainproject.com/route/106229924/douggie-and-jimmys-excellent-adventure,1,"Wyoming > Ten Sleep Canyon > Mondo Beyondo > Dream Land",2.1,-1,Lead,Onsight,Sport,,50,2100
2025-09-01,"Heroin Hoedown",5.11a,,https://www.mountainproject.com/route/113266302/heroin-hoedown,1,"Wyoming > Ten Sleep Canyon > Valhalla > 5. Drugs and Sex",3.2,-1,Lead,Redpoint,Sport,,,4600
2025-09-01,"Reverse Cowgirl",5.12a,,https://www.mountainproject.com/route/114597778/reverse-cowgirl,1,"Wyoming > Ten Sleep Canyon > Valhalla > 5. Drugs and Sex",3.6,-1,Lead,Onsight,Sport,,90,6600
2025-09-01,"Dickin's Cider",5.12c,"Made the move and almost sent",https://www.mountainproject.com/route/107213959/dickins-cider,1,"Wyoming > Ten Sleep Canyon > Valhalla > 5. Drugs and Sex",3.6,-1,Lead,Fell/Hung,Sport,,65,7200
2025-08-24,"Dammit Samet",5.12b/c,2nd,https://www.mountainproject.com/route/111083666/dammit-samet,1,"Colorado > South Platte > Devil's Head > Devil's Gate Sector > Devil's Gate",3.8,4,Lead,Redpoint,Sport,5.12b,90,7100
2025-08-24,"Dammit Samet",5.12b/c,1st,https://www.mountainproject.com/route/111083666/dammit-samet,1,"Colorado > South Platte > Devil's Head > Devil's Gate Sector > Devil's Gate",3.8,4,Lead,Fell/Hung,Sport,5.12b,90,7100
2025-08-24,"Devil's Vista",5.11c,,https://www.mountainproject.com/route/110345416/devils-vista,1,"Colorado > South Platte > Devil's Head > Devil's Gate Sector > Devil's Gate",3.5,-1,Lead,Redpoint,Sport,,60,5200
2025-08-23,"Box Jellyfish",5.10d,"Can't reach the first hold :(",https://www.mountainproject.com/route/114949441/box-jellyfish,1,"Colorado > Golden > Clear Creek Canyon > Oz",1.5,-1,Lead,Fell/Hung,Sport,,55,3500
2025-08-23,Wes,5.12a,1st,https://www.mountainproject.com/route/115155005/wes,1,"Colorado > Golden > Clear Creek Canyon > Oz",1.3,-1,Lead,Fell/Hung,Sport,,70,6600
2025-08-23,Wes,5.12a,2nd,https://www.mountainproject.com/route/115155005/wes,1,"Colorado > Golden > Clear Creek Canyon > Oz",1.3,-1,Lead,Redpoint,Sport,,70,6600
2025-08-23,"Steve Irwin Memorial Arete",5.11-,,https://www.mountainproject.com/route/115155043/steve-irwin-memorial-arete,1,"Colorado > Golden > Clear Creek Canyon > Oz",2.3,-1,Lead,Onsight,Sport,,50,4700
2025-08-23,"Finding Nemo",5.5,,https://www.mountainproject.com/route/114948847/finding-nemo,2,"Colorado > Golden > Clear Creek Canyon > Oz",1.8,-1,Solo,,Sport,,130,1500
2025-08-17,Weeds,5.7,,https://www.mountainproject.com/route/106565020/weeds,1,"Colorado > Boulder > Boulder Canyon > Across from The Bihedral aka Cascade Crag",1.6,-1,Solo,,Trad,,55,1800
2025-08-17,Dexter,5.3,,https://www.mountainproject.com/route/106565030/dexter,1,"Colorado > Boulder > Boulder Canyon > Across from The Bihedral aka Cascade Crag",1.1,-1,Solo,,Sport,,65,1300
2025-08-17,"Nurse Jackie",5.5,,https://www.mountainproject.com/route/106565026/nurse-jackie,1,"Colorado > Boulder > Boulder Canyon > Across from The Bihedral aka Cascade Crag",1.6,-1,Solo,,Sport,5.4,65,1500
2025-08-17,"Full Respect",5.11d,,https://www.mountainproject.com/route/106571834/full-respect,1,"Colorado > Boulder > Boulder Canyon > Across from The Bihedral aka Cascade Crag",2.4,-1,Lead,Redpoint,Sport,,90,5500
2025-08-17,"Full Respect",5.11d,1st,https://www.mountainproject.com/route/106571834/full-respect,1,"Colorado > Boulder > Boulder Canyon > Across from The Bihedral aka Cascade Crag",2.4,-1,Lead,Fell/Hung,Sport,,90,5500
2025-08-17,Loyalty,5.9-,,https://www.mountainproject.com/route/106571828/loyalty,1,"Colorado > Boulder > Boulder Canyon > Across from The Bihedral aka Cascade Crag",2.5,-1,Lead,Onsight,Trad,,90,2300
2025-08-09,"Demons & Wizards",5.12b,"2nd send, very painful",https://www.mountainproject.com/route/112120005/demons-wizards,1,"Colorado > South Platte > Devil's Head > Devil's Gate Sector > Devil's Gate",2.6,-1,Lead,Redpoint,Sport,,80,6900
2025-08-09,"Demons & Wizards",5.12b,"1st try",https://www.mountainproject.com/route/112120005/demons-wizards,1,"Colorado > South Platte > Devil's Head > Devil's Gate Sector > Devil's Gate",2.6,-1,Lead,Fell/Hung,Sport,,80,6900
2025-08-09,"Deviled Eggs",5.12b/c,"2nd can't make the reach at the second bolt :(",https://www.mountainproject.com/route/110558248/deviled-eggs,1,"Colorado > South Platte > Devil's Head > Devil's Gate Sector > Devil's Gate",3.6,-1,Lead,Fell/Hung,Sport,,70,7100
2025-08-09,"Deviled Eggs",5.12b/c,1st,https://www.mountainproject.com/route/110558248/deviled-eggs,1,"Colorado > South Platte > Devil's Head > Devil's Gate Sector > Devil's Gate",3.6,-1,Lead,Fell/Hung,Sport,,70,7100
2025-08-09,"The Burning Cauldon",5.12a,,https://www.mountainproject.com/route/110345409/the-burning-cauldon,1,"Colorado > South Platte > Devil's Head > Devil's Gate Sector > Devil's Gate",2.6,-1,Lead,Onsight,Sport,,60,6600
2025-08-09,"The Devil's Own Stone",5.11d,,https://www.mountainproject.com/route/110345389/the-devils-own-stone,1,"Colorado > South Platte > Devil's Head > Devil's Gate Sector > Devil's Gate",3.9,-1,Lead,Onsight,Sport,,70,5500
2025-08-03,"Arbitrary and Capricious",5.9-,,https://www.mountainproject.com/route/119366500/arbitrary-and-capricious,1,"Colorado > South Platte > Devil's Head > Devil's Head Rock",2.2,2,Lead,Onsight,Sport,5.8,70,2300
2025-08-03,"Hidden Agenda",5.8,Solo,https://www.mountainproject.com/route/119366421/hidden-agenda,3,"Colorado > South Platte > Devil's Head > Devil's Head Rock",1.7,3,,,Sport,5.7,250,2100
2025-07-26,"Cussin' Crack",5.7+,,https://www.mountainproject.com/route/105748705/cussin-crack,3,"Colorado > Boulder > Boulder Canyon > Castle Rock",2.6,-1,Lead,Redpoint,Trad,,,1900
2025-07-26,"Atlas Shrugged","5.11c/d R",,https://www.mountainproject.com/route/105749896/atlas-shrugged,1,"Colorado > Boulder > Boulder Canyon > Castle Rock",3.1,-1,TR,,Trad,,,5400
2025-07-26,Tongo,5.11a,,https://www.mountainproject.com/route/105749893/tongo,2,"Colorado > Boulder > Boulder Canyon > Castle Rock",2.8,-1,TR,,Trad,,,4600
2025-07-26,Tongo,5.11a,,https://www.mountainproject.com/route/105749893/tongo,2,"Colorado > Boulder > Boulder Canyon > Castle Rock",2.8,-1,Lead,Fell/Hung,Trad,,,4600
2025-07-13,Colliding,5.12b,4th,https://www.mountainproject.com/route/112566963/colliding,1,"Colorado > Golden > Clear Creek Canyon > The Fiscal Cliff",2.3,-1,Lead,Fell/Hung,Sport,,30,6900
2025-07-13,Colliding,5.12b,3rd,https://www.mountainproject.com/route/112566963/colliding,1,"Colorado > Golden > Clear Creek Canyon > The Fiscal Cliff",2.3,-1,Lead,Fell/Hung,Sport,,30,6900
2025-07-13,"Systemic Risk",5.11b,,https://www.mountainproject.com/route/107860363/systemic-risk,1,"Colorado > Golden > Clear Creek Canyon > The Fiscal Cliff",2.1,-1,Lead,Onsight,Sport,,50,4900
2025-07-13,Joyride,5.9,,https://www.mountainproject.com/route/112190381/joyride,1,"Colorado > Golden > Clear Creek Canyon > The Fiscal Cliff",2.4,-1,Lead,Onsight,Sport,,45,2400
2025-07-13,"The Iron Curtain",5.9-,,https://www.mountainproject.com/route/111850796/the-iron-curtain,1,"Colorado > Golden > Clear Creek Canyon > The Fiscal Cliff",1.5,-1,Lead,Onsight,Sport,,70,2300
2025-07-13,24,5.10a,,https://www.mountainproject.com/route/108995850/24,1,"Colorado > Golden > Clear Creek Canyon > The Fiscal Cliff",1.5,-1,Lead,Onsight,Sport,,80,2600
2025-07-12,"East Berlin",5.8,Chacos,https://www.mountainproject.com/route/111850850/east-berlin,1,"Colorado > Golden > Clear Creek Canyon > The Fiscal Cliff",1.9,-1,Lead,Onsight,Sport,,70,2100
2025-07-12,Colliding,5.12b,"2nd try",https://www.mountainproject.com/route/112566963/colliding,1,"Colorado > Golden > Clear Creek Canyon > The Fiscal Cliff",2.3,-1,Lead,Fell/Hung,Sport,,30,6900
2025-07-12,Colliding,5.12b,"1st try",https://www.mountainproject.com/route/112566963/colliding,1,"Colorado > Golden > Clear Creek Canyon > The Fiscal Cliff",2.3,-1,Lead,Fell/Hung,Sport,,30,6900
2025-07-12,"Large Marge",5.11d,,https://www.mountainproject.com/route/112190425/large-marge,1,"Colorado > Golden > Clear Creek Canyon > The Fiscal Cliff",2.5,-1,Lead,Redpoint,Sport,,40,5500
2025-07-12,"Large Marge",5.11d,,https://www.mountainproject.com/route/112190425/large-marge,1,"Colorado > Golden > Clear Creek Canyon > The Fiscal Cliff",2.5,-1,Lead,Fell/Hung,Sport,,40,5500
2025-07-12,"Joppa Road",5.11d,,https://www.mountainproject.com/route/112190418/joppa-road,1,"Colorado > Golden > Clear Creek Canyon > The Fiscal Cliff",2.3,-1,Lead,Onsight,Sport,,40,5500
2025-07-12,"Lot Lizards",5.11c,,https://www.mountainproject.com/route/112190397/lot-lizards,1,"Colorado > Golden > Clear Creek Canyon > The Fiscal Cliff",2.3,-1,Lead,Onsight,Sport,,45,5200
2025-07-12,"Recliner Time",5.9-,,https://www.mountainproject.com/route/124793955/recliner-time,1,"Colorado > Golden > Clear Creek Canyon > The Fiscal Cliff",2.4,-1,Lead,Onsight,Sport,,50,2300
2025-07-12,"Banana Bread at Work",5.6,,https://www.mountainproject.com/route/124644352/banana-bread-at-work,1,"Colorado > Golden > Clear Creek Canyon > The Fiscal Cliff",2.1,-1,Solo,,Sport,,50,1600
2025-07-06,"Reefer Madness",5.11a,,https://www.mountainproject.com/route/105748397/reefer-madness,1,"Colorado > Golden > Clear Creek Canyon > Wall of the '90s",3.1,-1,Lead,Redpoint,Sport,,60,4600
2025-07-06,"Ten-Digit Dialing",5.12c,,https://www.mountainproject.com/route/105748421/ten-digit-dialing,1,"Colorado > Golden > Clear Creek Canyon > Wall of the '90s",3.6,-1,Lead,Fell/Hung,Sport,,60,7200
2025-07-06,Y2K,5.12c,,https://www.mountainproject.com/route/105749797/y2k,1,"Colorado > Golden > Clear Creek Canyon > Wall of the '90s",3.1,-1,Lead,Fell/Hung,Sport,,,7200
2025-07-06,"Hot Stuff",5.10,,https://www.mountainproject.com/route/105749551/hot-stuff,1,"Colorado > Golden > Clear Creek Canyon > Wall of the '90s",3.0,-1,Lead,Redpoint,Sport,,135,3000
2025-07-06,"Leftover Stuff",5.10,,https://www.mountainproject.com/route/105762381/leftover-stuff,1,"Colorado > Golden > Clear Creek Canyon > Wall of the '90s",2.4,-1,Lead,Redpoint,Sport,,110,3000
2025-07-04,"Golden Rose",5.11d,,https://www.mountainproject.com/route/105762747/golden-rose,1,"Colorado > Boulder > Boulder Canyon > Mountain Rose",2.5,-1,Lead,Redpoint,Sport,5.11c,60,5500
2025-07-04,"Don't Tell Nancy (in memory of Dave Turner)",5.11b,,https://www.mountainproject.com/route/126647058/dont-tell-nancy-in-memory-of-dave-turner,1,"Colorado > Boulder > Boulder Canyon > Mountain Rose",2.9,3,Lead,Onsight,Sport,5.11a,55,4900
2025-07-04,"Code Red",5.12b,,https://www.mountainproject.com/route/117280991/code-red,1,"Colorado > Boulder > Boulder Canyon > Frisky Cliff",2.6,-1,Lead,Fell/Hung,Sport,,60,6900
2025-07-04,"Sin Gaz",5.12c/d,,https://www.mountainproject.com/route/108244424/sin-gaz,1,"Colorado > Boulder > Boulder Canyon > Frisky Cliff",2.4,-1,Lead,Fell/Hung,Sport,,60,7400
2025-07-04,Wahoo,5.11,,https://www.mountainproject.com/route/126809452/wahoo,1,"Colorado > Boulder > Boulder Canyon > Mountain Rose",2.4,-1,Lead,Onsight,Sport,,60,5000
2025-07-04,"Coming Up Roses",5.9,,https://www.mountainproject.com/route/112001348/coming-up-roses,1,"Colorado > Boulder > Boulder Canyon > Mountain Rose",1.8,-1,Lead,Redpoint,Sport,,70,2400
2025-07-04,"Big Tuna",5.11a,,https://www.mountainproject.com/route/107681602/big-tuna,1,"Colorado > Boulder > Boulder Canyon > Mountain Rose",2.4,-1,Lead,Redpoint,Sport,,,4600
2025-06-28,"The Name of the Game",5.13a,"Was really close to getting this.",https://www.mountainproject.com/route/107059757/the-name-of-the-game,1,"Wyoming > Ten Sleep Canyon > Downtown > The Cigar",3.8,-1,Lead,Fell/Hung,Sport,,60,8600
2025-06-28,"The Band is Just Fantastic",5.10a,,https://www.mountainproject.com/route/108266795/the-band-is-just-fantastic,1,"Wyoming > Ten Sleep Canyon > Downtown > The Cigar",2.3,-1,Lead,Onsight,Sport,,65,2600
2025-06-28,"Robin Swallows",5.12d,,https://www.mountainproject.com/route/119177432/robin-swallows,1,"Wyoming > Ten Sleep Canyon > Old Road Crags > Powers Wall",3.7,-1,Lead,Fell/Hung,Sport,,100,7500
2025-06-28,"Robin Spits",5.11c,,https://www.mountainproject.com/route/117597555/robin-spits,1,"Wyoming > Ten Sleep Canyon > Old Road Crags > Powers Wall",3.3,-1,Lead,Onsight,Sport,,75,5200
2025-06-28,"Dixie Normas",5.12+,,https://www.mountainproject.com/route/119786447/dixie-normas,1,"Wyoming > Ten Sleep Canyon > Old Road Crags > Powers Wall",3.3,-1,Lead,Fell/Hung,Sport,,90,7300
2025-06-28,Dixie,5.11b,,https://www.mountainproject.com/route/119175850/dixie,1,"Wyoming > Ten Sleep Canyon > Old Road Crags > Powers Wall",2.5,-1,Lead,Onsight,Sport,,65,4900
2025-06-28,"Achey breaky  heart",5.11a,,https://www.mountainproject.com/route/117597701/achey-breaky-heart,1,"Wyoming > Ten Sleep Canyon > Old Road Crags > Honky Tonk",3.6,-1,Lead,Onsight,Sport,5.10c,100,4600
2025-06-28,"Boot Scoot Boogie",5.10b,,https://www.mountainproject.com/route/117618293/boot-scoot-boogie,1,"Wyoming > Ten Sleep Canyon > Old Road Crags > Honky Tonk",3.4,-1,Lead,Redpoint,Sport,,100,2900
2025-06-28,"Wagon Wheel",5.10b,,https://www.mountainproject.com/route/117622507/wagon-wheel,1,"Wyoming > Ten Sleep Canyon > Old Road Crags > Honky Tonk",2.5,-1,Lead,Onsight,Sport,,60,2900
2025-06-28,"Cowboy Casanova",5.12a,,https://www.mountainproject.com/route/117622476/cowboy-casanova,1,"Wyoming > Ten Sleep Canyon > Old Road Crags > Honky Tonk",2.8,-1,Lead,Onsight,Sport,,100,6600
2025-06-28,"Honky Tonkin'",5.10a,,https://www.mountainproject.com/route/117622421/honky-tonkin,1,"Wyoming > Ten Sleep Canyon > Old Road Crags > Honky Tonk",3.1,-1,Lead,Onsight,Sport,,60,2600
2025-06-24,"Halfway House",5.10b,,https://www.mountainproject.com/route/117685505/halfway-house,1,"Wyoming > Ten Sleep Canyon > Valhalla > 4. House Wall",2.7,-1,Lead,Onsight,Sport,,,2900
2025-06-24,Persistance,5.11b,,https://www.mountainproject.com/route/115135907/persistance,1,"Wyoming > Ten Sleep Canyon > Valhalla > 6. Babareena Area",3.0,-1,Lead,Onsight,Sport,,95,4900
2025-06-24,Tenacious,5.11a,,https://www.mountainproject.com/route/115135933/tenacious,1,"Wyoming > Ten Sleep Canyon > Valhalla > 6. Babareena Area",3.1,-1,Lead,Onsight,Sport,,85,4600
2025-06-24,"Kama Sutra",5.12a,,https://www.mountainproject.com/route/114597744/kama-sutra,1,"Wyoming > Ten Sleep Canyon > Valhalla > 5. Drugs and Sex",3.5,-1,Lead,Onsight,Sport,,80,6600
2025-06-24,"Drug of Choice",5.12a,,https://www.mountainproject.com/route/114957261/drug-of-choice,1,"Wyoming > Ten Sleep Canyon > Valhalla > 5. Drugs and Sex",3.6,-1,Lead,Onsight,Sport,,100,6600
2025-06-23,"Hell Yes I want Cheesy Poofs",5.11c,,https://www.mountainproject.com/route/106537679/hell-yes-i-want-cheesy-poofs,1,"Wyoming > Ten Sleep Canyon > French Cattle Ranch > The Back Forty",3.5,-1,Lead,Onsight,Sport,,90,5200
2025-06-23,"I Just Do Eyes",5.11b,,https://www.mountainproject.com/route/105855562/i-just-do-eyes,1,"Wyoming > Ten Sleep Canyon > French Cattle Ranch > The Back Forty",3.6,-1,Lead,Onsight,Sport,,90,4900
2025-06-23,"The El Dorado Coral Club",5.10+,,https://www.mountainproject.com/route/106225449/the-el-dorado-coral-club,1,"Wyoming > Ten Sleep Canyon > French Cattle Ranch > Big Kahuna Pillar",3.4,-1,Lead,Onsight,Sport,,100,3300
2025-06-23,Telomian,5.12a,,https://www.mountainproject.com/route/120917496/telomian,1,"Wyoming > Ten Sleep Canyon > Hound Dog Crag",2.9,-1,Lead,Fell/Hung,Sport,,80,6600
2025-06-23,Stabyhound,5.9,"Roped solo ",https://www.mountainproject.com/route/116089602/stabyhound,1,"Wyoming > Ten Sleep Canyon > Hound Dog Crag",2.9,-1,Lead,Redpoint,Sport,,,2400
2025-06-23,Banga,5.11b/c,,https://www.mountainproject.com/route/107771954/banga,1,"Wyoming > Ten Sleep Canyon > Hound Dog Crag",3.5,-1,Lead,Redpoint,Sport,,90,5100
2025-06-21,"Workingman Blues",5.11b,,https://www.mountainproject.com/route/119260626/workingman-blues,1,"Wyoming > Ten Sleep Canyon > Old Road Crags > Honky Tonk",2.4,-1,Lead,Onsight,Sport,,50,4900
2025-06-21,"Country Cutie (With a Rock and Roll Booty)",5.10d,,https://www.mountainproject.com/route/117622546/country-cutie-with-a-rock-and-roll-booty,1,"Wyoming > Ten Sleep Canyon > Old Road Crags > Honky Tonk",2.9,-1,Lead,Onsight,Sport,,35,3500
2025-06-21,"Boot Scoot Boogie",5.10b,,https://www.mountainproject.com/route/117618293/boot-scoot-boogie,1,"Wyoming > Ten Sleep Canyon > Old Road Crags > Honky Tonk",3.4,-1,Lead,Onsight,Sport,,100,2900
2025-06-21,"Hillbilly Heaven",5.11a/b,,https://www.mountainproject.com/route/117597650/hillbilly-heaven,1,"Wyoming > Ten Sleep Canyon > Old Road Crags > Honky Tonk",2.9,-1,Lead,Onsight,Sport,,40,4800
2025-06-21,"Wine and Cheese",5.9,,https://www.mountainproject.com/route/110798669/wine-and-cheese,1,"Wyoming > Ten Sleep Canyon > Old Road Crags > The Waterfall Walls",2.6,-1,Lead,Onsight,Sport,,60,2400
2025-06-19,"Deez Nutz",5.12d,,https://www.mountainproject.com/route/114804995/deez-nutz,1,"Wyoming > Ten Sleep Canyon > Crag 6 > Rap Stars Wall",3.7,-1,Lead,Redpoint,Sport,,95,7500
2025-06-19,"Deez Nutz",5.12d,"1st try",https://www.mountainproject.com/route/114804995/deez-nutz,1,"Wyoming > Ten Sleep Canyon > Crag 6 > Rap Stars Wall",3.7,-1,Lead,Fell/Hung,Sport,,95,7500
2025-06-19,"The Jizzleberry Bush",5.12a/b,,https://www.mountainproject.com/route/114804735/the-jizzleberry-bush,1,"Wyoming > Ten Sleep Canyon > Crag 6 > Twizzlers Corner",3.4,-1,Lead,Redpoint,Sport,,90,6800
2025-06-19,"Dr. Jeckyl",5.11c,,https://www.mountainproject.com/route/114805061/dr-jeckyl,1,"Wyoming > Ten Sleep Canyon > Crag 6 > Twizzlers Corner",3.1,-1,Lead,Onsight,Sport,,100,5200
2025-06-17,"Wyoming Flower Child",5.11d,,https://www.mountainproject.com/route/105856800/wyoming-flower-child,1,"Wyoming > Ten Sleep Canyon > French Cattle Ranch > Sector Shinto",3.5,-1,Lead,Onsight,Sport,,70,5500
2025-06-17,"Left El Shinto",5.12b,,https://www.mountainproject.com/route/107290020/left-el-shinto,1,"Wyoming > Ten Sleep Canyon > French Cattle Ranch > Sector Shinto",3.8,-1,Lead,Onsight,Sport,,,6900
2025-06-17,"Wu-Tang's Wild Shinto Ride",5.12a,,https://www.mountainproject.com/route/108356118/wu-tangs-wild-shinto-ride,1,"Wyoming > Ten Sleep Canyon > French Cattle Ranch > Sector Shinto",3.5,-1,Lead,Onsight,Sport,,80,6600
2025-06-17,"Dope Shinto",5.12a,,https://www.mountainproject.com/route/105856679/dope-shinto,1,"Wyoming > Ten Sleep Canyon > French Cattle Ranch > Sector Shinto",3.5,-1,Lead,Onsight,Sport,,70,6600
2025-06-17,"Dickin's Cider",5.12c,"2nd try",https://www.mountainproject.com/route/107213959/dickins-cider,1,"Wyoming > Ten Sleep Canyon > Valhalla > 5. Drugs and Sex",3.6,-1,Lead,Fell/Hung,Sport,,65,7200
2025-06-17,"Dickin's Cider",5.12c,"1st try",https://www.mountainproject.com/route/107213959/dickins-cider,1,"Wyoming > Ten Sleep Canyon > Valhalla > 5. Drugs and Sex",3.6,-1,Lead,Fell/Hung,Sport,,65,7200
2025-06-17,"Heroin Hoedown",5.11a,,https://www.mountainproject.com/route/113266302/heroin-hoedown,1,"Wyoming > Ten Sleep Canyon > Valhalla > 5. Drugs and Sex",3.2,-1,Lead,Onsight,Sport,,,4600
2025-06-17,"Cocaine Rodeo",5.12a,,https://www.mountainproject.com/route/106818981/cocaine-rodeo,1,"Wyoming > Ten Sleep Canyon > Valhalla > 5. Drugs and Sex",3.8,-1,Lead,Onsight,Sport,,105,6600
2025-06-13,"Phillip McCrevice",5.12b,,https://www.mountainproject.com/route/115331301/phillip-mccrevice,1,"Wyoming > Ten Sleep Canyon > French Cattle Ranch > Sector D'or et Bleu",2.3,3,Lead,Fell/Hung,Sport,,100,6900
2025-06-13,"Out of Africa",5.12-,,https://www.mountainproject.com/route/106829439/out-of-africa,1,"Wyoming > Ten Sleep Canyon > Sphinx Sector > Madagascar",1.8,2,Lead,Onsight,Sport,,40,6700
2025-06-13,"Take the Red Pill",5.11b/c,,https://www.mountainproject.com/route/107773345/take-the-red-pill,1,"Wyoming > Ten Sleep Canyon > French Cattle Ranch > Matrix Pillar",2.0,-1,Lead,Onsight,Sport,,40,5100
2025-06-13,"I Know Kung Fu",5.12c/d,,https://www.mountainproject.com/route/107707268/i-know-kung-fu,1,"Wyoming > Ten Sleep Canyon > French Cattle Ranch > Matrix Pillar",2.8,-1,Lead,Fell/Hung,Sport,,50,7400
2025-06-13,"Center El Shinto",5.12b,,https://www.mountainproject.com/route/105856684/center-el-shinto,1,"Wyoming > Ten Sleep Canyon > French Cattle Ranch > Sector Shinto",3.7,-1,Lead,Onsight,Sport,,70,6900
2025-06-13,"100,000 Miles (Burnin' That Gasoline)",5.11a,,https://www.mountainproject.com/route/106492208/100000-miles-burnin-that-gasoline,1,"Wyoming > Ten Sleep Canyon > French Cattle Ranch > Sector Shinto",2.3,-1,Lead,Onsight,Sport,,80,4600
2025-06-12,"Strange Days",5.10a,,https://www.mountainproject.com/route/106242059/strange-days,1,"Wyoming > Ten Sleep Canyon > The Ice Plant",2.2,-1,Lead,Onsight,Sport,,60,2600
2025-06-12,Dragonfly,5.11d,,https://www.mountainproject.com/route/106784321/dragonfly,1,"Wyoming > Ten Sleep Canyon > The Ice Plant",3.4,-1,Lead,Onsight,Sport,,70,5500
2025-06-12,"Circus In My Pants",5.12d,,https://www.mountainproject.com/route/106159375/circus-in-my-pants,1,"Wyoming > Ten Sleep Canyon > Circus Wall",3.8,-1,Lead,Fell/Hung,Sport,,85,7500
2025-06-12,"Save The Best For Last",5.11b,,https://www.mountainproject.com/route/106198609/save-the-best-for-last,1,"Wyoming > Ten Sleep Canyon > Wall of Denial",3.3,-1,Lead,Redpoint,Sport,,90,4900
2025-06-12,"Zombie Leprachauns",5.11d,,https://www.mountainproject.com/route/107707326/zombie-leprachauns,1,"Wyoming > Ten Sleep Canyon > Wall of Denial",3.5,-1,Lead,Redpoint,Sport,,80,5500
2025-06-12,"Death Flake from HELL",5.10a,,https://www.mountainproject.com/route/106818379/death-flake-from-hell,1,"Wyoming > Ten Sleep Canyon > Wall of Denial",3.5,-1,Lead,Redpoint,Sport,,90,2600
2025-06-10,"Route 5.999",5.11a,,https://www.mountainproject.com/route/117329859/route-5999,1,"Wyoming > Ten Sleep Canyon > Crag 6 > Rap Stars Wall",2.1,-1,Lead,Onsight,Sport,,,4600
2025-06-10,"Swamp Thang",5.12b,,https://www.mountainproject.com/route/115164071/swamp-thang,1,"Wyoming > Ten Sleep Canyon > Crag 6 > Twizzlers Corner",3.2,-1,Lead,Onsight,Sport,,,6900
2025-06-10,"Mr. Hyde",5.11b,,https://www.mountainproject.com/route/114805074/mr-hyde,1,"Wyoming > Ten Sleep Canyon > Crag 6 > Twizzlers Corner",2.9,-1,Lead,Onsight,Sport,,100,4900
2025-06-10,"The Jizzleberry Bush",5.12a/b,,https://www.mountainproject.com/route/114804735/the-jizzleberry-bush,1,"Wyoming > Ten Sleep Canyon > Crag 6 > Twizzlers Corner",3.4,-1,Lead,Fell/Hung,Sport,,90,6800
2025-06-08,"Sort of Arete",5.11-,"Roped solo ",https://www.mountainproject.com/route/113776830/sort-of-arete,1,"Wyoming > Ten Sleep Canyon > Dry Wall > 06. Grand Parade",1.7,2,Lead,Onsight,Sport,5.10d,70,4700
2025-06-08,Pussilosis,5.10b,"Roped solo ",https://www.mountainproject.com/route/113456785/pussilosis,1,"Wyoming > Ten Sleep Canyon > Dry Wall > 06. Grand Parade",2.2,-1,Lead,Onsight,Sport,,60,2900
2025-06-08,"Smoky Treat",5.10c/d,"Roped solo ",https://www.mountainproject.com/route/112160433/smoky-treat,1,"Wyoming > Ten Sleep Canyon > Dry Wall > 06. Grand Parade",2.1,2,Lead,Onsight,Sport,5.10c,80,3400
2025-06-07,Twister,5.12a,,https://www.mountainproject.com/route/113776707/twister,1,"Wyoming > Ten Sleep Canyon > Dry Wall > 06. Grand Parade",2.2,-1,Lead,Onsight,Sport,,75,6600
2025-06-07,"Sleight of Hand",5.12a,,https://www.mountainproject.com/route/107223286/sleight-of-hand,1,"Wyoming > Ten Sleep Canyon > Dry Wall > 06. Grand Parade",3.6,-1,Lead,Onsight,Sport,,90,6600
2025-06-07,"Cheese Sauce",5.11a,,https://www.mountainproject.com/route/110876597/cheese-sauce,1,"Wyoming > Ten Sleep Canyon > Dry Wall > 03. Cheese Roof",3.1,-1,Lead,Redpoint,Sport,,80,4600
2025-06-07,"Street Fight",5.11c/d,"Finish left",https://www.mountainproject.com/route/121773888/street-fight,1,"Wyoming > Ten Sleep Canyon > Dry Wall > 01. DV Wall",1.7,-1,Lead,Fell/Hung,Sport,,50,5400
2025-06-04,"Mug Shot",5.11a,"Roped solo - soft",https://www.mountainproject.com/route/112979189/mug-shot,1,"Wyoming > Ten Sleep Canyon > Dry Wall > 02. Runaway Truck Ramp",2.4,-1,Lead,Onsight,Sport,,40,4600
2025-06-04,"Cheese Sauce",5.11a,"Roped solo",https://www.mountainproject.com/route/110876597/cheese-sauce,1,"Wyoming > Ten Sleep Canyon > Dry Wall > 03. Cheese Roof",3.1,-1,Lead,Onsight,Sport,,80,4600
2025-06-04,"Knuckle Basher",5.11b,"Roped solo ",https://www.mountainproject.com/route/109484396/knuckle-basher,1,"Wyoming > Ten Sleep Canyon > Dry Wall > 02. Runaway Truck Ramp",2.5,-1,Lead,Onsight,Sport,,35,4900
2025-06-04,"01. DV Wall | 2363",5.10c,"Roped solo ",https://www.mountainproject.com/route/108222363/01-dv-wall-2363,1,"Wyoming > Ten Sleep Canyon > Dry Wall > 01. DV Wall",2.2,-1,Lead,Onsight,Sport,,45,3200
2025-06-04,"Dry Wall 57",5.11a,"Roped solo",https://www.mountainproject.com/route/108068117/dry-wall-57,1,"Wyoming > Ten Sleep Canyon > Dry Wall > 02. Runaway Truck Ramp",1.5,1,Lead,Onsight,Sport,5.10c/d,90,4600
2025-06-04,"Last Exit to Cheyenne",5.10c/d,"Roped solo ",https://www.mountainproject.com/route/107771988/last-exit-to-cheyenne,1,"Wyoming > Ten Sleep Canyon > Dry Wall > 02. Runaway Truck Ramp",2.7,-1,Lead,Onsight,Sport,,70,3400
2025-06-02,"Middle Of The Road",5.11d,,https://www.mountainproject.com/route/108372282/middle-of-the-road,1,"Wyoming > Ten Sleep Canyon > Hound Dog Crag",3.4,-1,Lead,Onsight,Sport,,70,5500
2025-06-02,Mufassa,5.12a,,https://www.mountainproject.com/route/107771966/mufassa,1,"Wyoming > Ten Sleep Canyon > Hound Dog Crag",3.4,-1,Lead,Redpoint,Sport,,80,6600
2025-06-02,Mufassa,5.12a,,https://www.mountainproject.com/route/107771966/mufassa,1,"Wyoming > Ten Sleep Canyon > Hound Dog Crag",3.4,-1,Lead,Fell/Hung,Sport,,80,6600
2025-06-02,"Doberman Face",5.11a,,https://www.mountainproject.com/route/107216195/doberman-face,1,"Wyoming > Ten Sleep Canyon > Hound Dog Crag",2.7,-1,Lead,Onsight,Sport,,65,4600
2025-06-02,Munsterlander,5.11c,Soft,https://www.mountainproject.com/route/107216187/munsterlander,1,"Wyoming > Ten Sleep Canyon > Hound Dog Crag",3.9,4,Lead,Onsight,Sport,5.11b,85,5200
2025-05-26,Resurrection,5.10c,,https://www.mountainproject.com/route/105818760/resurrection,1,"New Mexico > El Rito > El Rito Sport Area > Rad Wall",2.2,-1,Lead,Redpoint,Sport,,,3200
2025-05-26,"Bolting Barbie",5.11c/d,,https://www.mountainproject.com/route/105818753/bolting-barbie,1,"New Mexico > El Rito > El Rito Sport Area > Rad Wall",3.7,-1,Lead,Onsight,Sport,,50,5400
2025-05-26,"Balls to the Wall",5.10b,,https://www.mountainproject.com/route/105980226/balls-to-the-wall,1,"New Mexico > El Rito > El Rito Sport Area > Gnar Wall and Route Canal",2.8,-1,Lead,Onsight,Sport,,50,2900
2025-05-26,Blackballed,5.10b,,https://www.mountainproject.com/route/105980222/blackballed,1,"New Mexico > El Rito > El Rito Sport Area > Gnar Wall and Route Canal",2.6,-1,Lead,Onsight,Sport,,50,2900
2025-05-25,"Whipper Wonderland",5.12a/b,,https://www.mountainproject.com/route/105817361/whipper-wonderland,1,"New Mexico > El Rito > El Rito Sport Area > Beer Block",2.4,-1,Lead,Fell/Hung,Sport,,40,6800
2025-05-25,"Village Cobbler",5.11b,,https://www.mountainproject.com/route/105819205/village-cobbler,1,"New Mexico > El Rito > El Rito Sport Area > Beer Block",3.0,-1,Lead,Onsight,Sport,,45,4900
2025-05-25,"Drive-By Herbicide",5.10c/d,,https://www.mountainproject.com/route/106150707/drive-by-herbicide,1,"New Mexico > El Rito > El Rito Sport Area > Walt's Wall (aka The Outsider Wall)",2.5,-1,Lead,Onsight,Sport,,55,3400
2025-05-25,"Number Two Red",5.10-,"Roped solo",https://www.mountainproject.com/route/106175496/number-two-red,1,"New Mexico > El Rito > El Rito Sport Area > Walt's Wall (aka The Outsider Wall)",1.9,-1,Lead,Onsight,Sport,,44,2700
2025-05-25,"Walt's Wall Waltz",5.8,,https://www.mountainproject.com/route/105839089/walts-wall-waltz,1,"New Mexico > El Rito > El Rito Sport Area > Walt's Wall (aka The Outsider Wall)",2.6,-1,Lead,Onsight,Sport,,70,2100
2025-05-24,"Walking the Plank (aka The Buzz)",5.11b/c,,https://www.mountainproject.com/route/105985350/walking-the-plank-aka-the-buzz,1,"New Mexico > El Rito > El Rito Sport Area > Pirate's Wall",3.6,-1,Lead,Onsight,Sport,,75,5100
2025-05-24,"Full Sail",5.10+,,https://www.mountainproject.com/route/105818715/full-sail,1,"New Mexico > El Rito > El Rito Sport Area > Super Slab",2.7,-1,Lead,Onsight,Sport,,90,3300
2025-05-24,"Nine Lives",5.11b,,https://www.mountainproject.com/route/107061553/nine-lives,1,"New Mexico > El Rito > El Rito Sport Area > The Balcony",2.7,-1,Lead,Redpoint,Sport,,50,4900
2025-05-24,"Rodent Outhouse",5.11a,,https://www.mountainproject.com/route/105957056/rodent-outhouse,1,"New Mexico > El Rito > El Rito Sport Area > The Balcony",2.6,-1,Lead,Redpoint,Sport,,35,4600
2025-05-24,Jug-or-Naut,5.11b,,https://www.mountainproject.com/route/105818733/jug-or-naut,1,"New Mexico > El Rito > El Rito Sport Area > The Balcony",3.2,-1,Lead,Redpoint,Sport,,40,4900
2025-05-24,Chupacobbler,5.10a,,https://www.mountainproject.com/route/106486718/chupacobbler,1,"New Mexico > El Rito > El Rito Sport Area > The Balcony",2.5,-1,Lead,Onsight,Sport,,40,2600
2025-05-18,"Kayak for Sale",5.10c,,https://www.mountainproject.com/route/106538524/kayak-for-sale,1,"Colorado > South Platte > Elevenmile Canyon > Pine Cone Dome",2.6,-1,Lead,Onsight,Sport,,75,3200
2025-05-18,"Ben Dover",5.10a,,https://www.mountainproject.com/route/105752020/ben-dover,1,"Colorado > South Platte > Elevenmile Canyon > Pine Cone Dome",2.6,-1,Lead,Redpoint,Sport,,,2600
2025-05-18,"Flatland Therapy",5.8+,,https://www.mountainproject.com/route/107754409/flatland-therapy,1,"Colorado > South Platte > Elevenmile Canyon > Pine Cone Dome",2.1,-1,Lead,Redpoint,Sport,,65,2200
2025-05-17,"Sobriety Check",5.11b,,https://www.mountainproject.com/route/105832643/sobriety-check,1,"Colorado > The Wet Mountains > Hardscrabble Pass > Titanic",3.2,2,Lead,Redpoint,Sport,5.11a,50,4900
2025-05-17,"Bumper to Bumper",5.11-,,https://www.mountainproject.com/route/105758215/bumper-to-bumper,1,"Colorado > The Wet Mountains > Hardscrabble Pass > Titanic",3.0,3,Lead,Redpoint,Sport,5.11a,90,4700
2025-05-17,"Torres de Fuegos",5.10,,https://www.mountainproject.com/route/105758008/torres-de-fuegos,1,"Colorado > The Wet Mountains > Hardscrabble Pass > Titanic",2.7,-1,Lead,Redpoint,Sport,,100,3000
2025-05-17,"Tuff Haven",5.10d,,https://www.mountainproject.com/route/105755332/tuff-haven,1,"Colorado > The Wet Mountains > Hardscrabble Pass > Titanic",2.8,-1,Lead,Redpoint,Sport,,,3500
2025-05-10,"Shadow of Death",5.10c,,https://www.mountainproject.com/route/114194877/shadow-of-death,1,"Colorado > Golden > Clear Creek Canyon > Death Valley",2.3,-1,Lead,Redpoint,Sport,5.10a/b,60,3200
2025-05-10,"Death of Yuppies",5.10b/c,,https://www.mountainproject.com/route/114195083/death-of-yuppies,1,"Colorado > Golden > Clear Creek Canyon > Death Valley",2.6,-1,Lead,Redpoint,Sport,5.10a/b,60,3100
2025-05-10,"No Special Talent",5.11a,,https://www.mountainproject.com/route/114195105/no-special-talent,1,"Colorado > Golden > Clear Creek Canyon > Death Valley",2.7,3,Lead,Redpoint,Sport,5.10d,85,4600
2025-05-10,"Molotov Cockfight",5.9,"Possible solo if I can figure out the second bolt",https://www.mountainproject.com/route/114195097/molotov-cockfight,1,"Colorado > Golden > Clear Creek Canyon > Death Valley",2.2,-1,Lead,Redpoint,Sport,,,2400
2025-05-10,"Reeper's BanDana",5.8,,https://www.mountainproject.com/route/114038504/reepers-bandana,1,"Colorado > Golden > Clear Creek Canyon > Death Valley",2.1,-1,Solo,,Sport,,50,2100
2025-05-10,"Walking on the Moon",5.7,,https://www.mountainproject.com/route/117766000/walking-on-the-moon,1,"Colorado > Golden > Clear Creek Canyon > Death Valley",2.0,-1,Solo,,Sport,,70,1800
2025-05-10,"Devil's Buttcrack",5.11,,https://www.mountainproject.com/route/120227322/devils-buttcrack,1,"Colorado > Golden > Clear Creek Canyon > Death Valley",2.6,-1,TR,,Trad,,90,5000
2025-05-10,"Devil's Molar",5.11,,https://www.mountainproject.com/route/118686376/devils-molar,1,"Colorado > Golden > Clear Creek Canyon > Death Valley",2.7,-1,TR,,Trad,,75,5000
2025-05-10,"Toward Death",5.10c,,https://www.mountainproject.com/route/114038530/toward-death,1,"Colorado > Golden > Clear Creek Canyon > Death Valley",2.3,3,Lead,Redpoint,Sport,5.10c/d,60,3200
2025-05-10,"Zika Virus",5.6,,https://www.mountainproject.com/route/114038437/zika-virus,1,"Colorado > Golden > Clear Creek Canyon > Death Valley",2.4,-1,Solo,,Sport,,100,1600
2025-04-27,"No Name Route",5.9+,,https://www.mountainproject.com/route/105756835/no-name-route,1,"Colorado > Grand Junction Area > Unaweep Canyon > Main Canyon: Unaweep Granite > Mother's Buttress > Lower Mother's Buttress",2.8,-1,TR,,Trad,,,2500
2025-04-27,"Mint Jam",5.8+,,https://www.mountainproject.com/route/105755035/mint-jam,1,"Colorado > Grand Junction Area > Unaweep Canyon > Main Canyon: Unaweep Granite > Mother's Buttress > Lower Mother's Buttress",2.8,-1,Lead,Redpoint,Trad,,,2200
2025-04-27,Cow-a-Bunga,5.8,,https://www.mountainproject.com/route/105949834/cow-a-bunga,1,"Colorado > Grand Junction Area > Unaweep Canyon > Main Canyon: Unaweep Granite > Mother's Buttress > Lower Mother's Buttress",2.5,-1,Lead,Redpoint,Trad,,150,2100
2025-04-27,"Alex's Tower",5.7,,https://www.mountainproject.com/route/105983631/alexs-tower,1,"Colorado > Grand Junction Area > Unaweep Canyon > Main Canyon: Unaweep Granite > Mother's Buttress > Lower Mother's Buttress",2.4,-1,Lead,Redpoint,Trad,,50,1800
2025-04-26,Acropolis,5.9+,"No gas",https://www.mountainproject.com/route/127382391/acropolis,2,"Colorado > Grand Junction Area > Unaweep Canyon > Main Canyon: Unaweep Granite > The Access Fund Trailhead > Hidden Valley Wall",3.0,-1,Lead,Fell/Hung,Trad,,200,2500
2025-04-26,"Black Beauty",5.10+,,https://www.mountainproject.com/route/105974310/black-beauty,1,"Colorado > Grand Junction Area > Unaweep Canyon > Main Canyon: Unaweep Granite > The Access Fund Trailhead > Hidden Valley Wall",2.6,3,Lead,Redpoint,Trad,"5.10+ PG13",100,3300
2025-04-26,"Obe Won Canobe",5.9+,"Pulled on the #4 and #5 in the off width.",https://www.mountainproject.com/route/105910296/obe-won-canobe,3,"Colorado > Grand Junction Area > Unaweep Canyon > Main Canyon: Unaweep Granite > The Access Fund Trailhead > Hidden Valley Wall",3.3,-1,Lead,Fell/Hung,Trad,,300,2500
2025-04-25,"Three's Company",5.8+,,https://www.mountainproject.com/route/105910510/threes-company,1,"Colorado > Grand Junction Area > Unaweep Canyon > Main Canyon: Unaweep Granite > The Access Fund Trailhead > Sunday Wall",2.4,-1,Lead,Onsight,Trad,,60,2200
2025-04-25,"Unknown Pillar",5.10-,,https://www.mountainproject.com/route/107485041/unknown-pillar,1,"Colorado > Grand Junction Area > Unaweep Canyon > Main Canyon: Unaweep Granite > The Access Fund Trailhead > Sunday Wall",3.7,-1,Lead,Redpoint,"Trad, Sport",,75,2700
2025-04-25,"Sun Dancer",5.8,,https://www.mountainproject.com/route/105757795/sun-dancer,3,"Colorado > Grand Junction Area > Unaweep Canyon > Main Canyon: Unaweep Granite > The Access Fund Trailhead > Sunday Wall",3.2,-1,Lead,Redpoint,Trad,,160,2100
2025-04-25,"Sweet Sunday Serenade",5.9,,https://www.mountainproject.com/route/105754675/sweet-sunday-serenade,3,"Colorado > Grand Junction Area > Unaweep Canyon > Main Canyon: Unaweep Granite > The Access Fund Trailhead > Sunday Wall",3.4,-1,Lead,Redpoint,Trad,,,2400
2025-04-13,Jackpot,5.11c/d,"Left to the flake at the crux",https://www.mountainproject.com/route/105758089/jackpot,1,"Colorado > Golden > Clear Creek Canyon > High Wire Crag",2.2,2,Lead,Redpoint,Sport,5.12b,,5400
2025-04-13,"Road Rash Roof",5.12a,"Match hands under the roof, right heel hook, match hands at the lip hang-free, switch to left heel hook, work up and right on the crimps",https://www.mountainproject.com/route/105750427/road-rash-roof,1,"Colorado > Golden > Clear Creek Canyon > High Wire Crag",2.8,-1,Lead,Redpoint,Sport,,100,6600
2025-04-13,"Passing Lane","5.9 PG13",,https://www.mountainproject.com/route/105755146/passing-lane,1,"Colorado > Golden > Clear Creek Canyon > High Wire Crag",1.9,2,Lead,Onsight,Sport,5.9,80,2400
2025-04-13,Overpass,5.11c,,https://www.mountainproject.com/route/105750574/overpass,1,"Colorado > Golden > Clear Creek Canyon > High Wire Crag",2.2,-1,Lead,Redpoint,"Sport, TR",,,5200
2025-04-13,"Cracker Jack",5.9,,https://www.mountainproject.com/route/105748286/cracker-jack,1,"Colorado > Golden > Clear Creek Canyon > High Wire Crag",2.1,-1,Solo,,Sport,,80,2400
2025-04-13,"Left Long Moderate Dihedral (originally submitted as Crack Swindler)",5.7,,https://www.mountainproject.com/route/107256918/left-long-moderate-dihedral-originally-submitted-as-crack-swindler,1,"Colorado > Golden > Clear Creek Canyon > High Wire Crag",2.0,-1,Solo,,Trad,,100,1800
2025-03-29,"Scavenger's Daughter",5.10c,,https://www.mountainproject.com/route/109683567/scavengers-daughter,1,"Colorado > Canon City > Shelf Road > The Bank > 08. Lesser Of Two Evils",2.4,-1,Lead,Redpoint,Sport,,60,3200
2025-03-29,"The Rack",5.11b,,https://www.mountainproject.com/route/109683492/the-rack,1,"Colorado > Canon City > Shelf Road > The Bank > 08. Lesser Of Two Evils",2.4,-1,Lead,Redpoint,Sport,,40,4900
2025-03-29,"Lime Street",5.11b,,https://www.mountainproject.com/route/105752587/lime-street,1,"Colorado > Canon City > Shelf Road > The Bank > 10. 2150 Wall",3.6,-1,Lead,Redpoint,Sport,,,4900
2025-03-29,"2150 A.D.",5.10d,,https://www.mountainproject.com/route/105750055/2150-ad,1,"Colorado > Canon City > Shelf Road > The Bank > 10. 2150 Wall",2.6,-1,Lead,Redpoint,Sport,,,3500
2025-03-29,"Thank You, Minneapolis!",5.10+,,https://www.mountainproject.com/route/109679883/thank-you-minneapolis,1,"Colorado > Canon City > Shelf Road > The Bank > 08. Lesser Of Two Evils",2.6,-1,Lead,Redpoint,Sport,,40,3300
2025-03-29,"Lesser of Two Evils",5.11b,,https://www.mountainproject.com/route/105760824/lesser-of-two-evils,1,"Colorado > Canon City > Shelf Road > The Bank > 08. Lesser Of Two Evils",2.2,-1,Lead,Redpoint,Sport,,60,4900
2025-03-29,"Under The Gun",5.11a,,https://www.mountainproject.com/route/112883126/under-the-gun,1,"Colorado > Canon City > Shelf Road > The Bank > 08. Lesser Of Two Evils",1.9,-1,Lead,Redpoint,Sport,,60,4600
2025-03-29,Trundle,"5.10a PG13",,https://www.mountainproject.com/route/107106829/trundle,1,"Colorado > Canon City > Shelf Road > The Bank > 06. Surreal Estate",1.1,2,Lead,Redpoint,Sport,5.10a,50,2600
2025-03-25,"Yikes Dikes",5.8,"Ran pitches together ",https://www.mountainproject.com/route/105993815/yikes-dikes,1,"New Mexico > Taos Area > Tres Piedras > South Rock",2.9,-1,Lead,Onsight,Trad,,200,2100
2025-03-25,"South Face Right",5.9-,,https://www.mountainproject.com/route/106135715/south-face-right,1,"New Mexico > Taos Area > Tres Piedras > South Rock",2.9,-1,Lead,Onsight,Trad,,80,2300
2025-03-24,"Mama Jugs","5.8 PG13",,https://www.mountainproject.com/route/106031065/mama-jugs,2,"New Mexico > Taos Area > Tres Piedras > Mosaic Rock",3.4,-1,Lead,Onsight,Trad,,190,2100
2025-03-23,"MSMACITU (Matt Samet, Most Awesome Climber In The Universe)",5.9+,,https://www.mountainproject.com/route/107229141/msmacitu-matt-samet-most-awesome-climber-in-the-universe,1,"New Mexico > Taos Area > Tres Piedras > Mosaic Rock",3.0,-1,Lead,Onsight,Trad,,57,2500
2025-03-23,"Clean Green Dream",5.9,,https://www.mountainproject.com/route/106009080/clean-green-dream,1,"New Mexico > Taos Area > Tres Piedras > Mosaic Rock",3.4,-1,Lead,Onsight,Trad,,140,2400
2025-03-23,"Baby Cakes",5.8,,https://www.mountainproject.com/route/106006533/baby-cakes,1,"New Mexico > Taos Area > Tres Piedras > Mosaic Rock",2.8,-1,Lead,Onsight,Trad,,90,2100
2025-03-22,"Sister Sue",5.10,,https://www.mountainproject.com/route/122807316/sister-sue,1,"New Mexico > Taos Area > Tres Piedras > West Rock",2.3,-1,Lead,Redpoint,Sport,,80,3000
2025-03-22,"Copper the Bopper",5.9-,,https://www.mountainproject.com/route/122807329/copper-the-bopper,1,"New Mexico > Taos Area > Tres Piedras > West Rock",2.5,-1,Lead,Redpoint,Sport,,80,2300
2025-03-22,"Zig Zig",5.8+,,https://www.mountainproject.com/route/122807284/zig-zig,1,"New Mexico > Taos Area > Tres Piedras > West Rock",2.5,-1,Lead,Redpoint,Sport,,80,2200
2025-03-16,"Turbo Road",5.11+,,https://www.mountainproject.com/route/105761934/turbo-road,1,"Colorado > Canon City > Shelf Road > Sand Gulch > Contest Wall",3.4,-1,Lead,Redpoint,Sport,,90,5300
2025-03-16,"Black Rib",5.10a/b,,https://www.mountainproject.com/route/106976845/black-rib,1,"Colorado > Canon City > Shelf Road > Sand Gulch > Contest Wall",2.1,-1,Lead,Redpoint,Sport,,85,2800
2025-03-16,"Tinsel Town aka BR 2?",5.9,"2 bolts ",https://www.mountainproject.com/route/106370830/tinsel-town-aka-br-2,1,"Colorado > Canon City > Shelf Road > Sand Gulch > Contest Wall",2.8,-1,Lead,Redpoint,Sport,,80,2400
2025-03-16,"The Opportunist",5.9,"2 bolts",https://www.mountainproject.com/route/105761226/the-opportunist,1,"Colorado > Canon City > Shelf Road > Sand Gulch > Contest Wall",2.4,-1,Lead,Redpoint,Sport,,70,2400
2025-03-16,"The Dune",5.10a,"Roped solo",https://www.mountainproject.com/route/105756946/the-dune,1,"Colorado > Canon City > Shelf Road > Sand Gulch > Contest Wall",2.0,-1,Lead,Redpoint,Sport,,70,2600
2025-03-09,"No Passion for Fashion",5.11b/c,,https://www.mountainproject.com/route/105748990/no-passion-for-fashion,1,"Colorado > Canon City > Shelf Road > The Gallery > Menses Prow",3.7,4,Lead,Redpoint,Sport,,,5100
2025-03-09,"Chiba Chiba",5.12a,,https://www.mountainproject.com/route/105754042/chiba-chiba,1,"Colorado > Canon City > Shelf Road > The Gallery > Menses Prow",2.4,-1,Lead,Fell/Hung,Sport,,,6600
2025-03-09,"First Strike",5.11b/c,,https://www.mountainproject.com/route/105754039/first-strike,1,"Colorado > Canon City > Shelf Road > The Gallery > Menses Prow",2.8,-1,Lead,Redpoint,Sport,,,5100
2025-03-09,Stratabulge,5.12b,,https://www.mountainproject.com/route/105763344/stratabulge,1,"Colorado > Canon City > Shelf Road > The Gallery > Menses Prow",2.3,-1,Lead,Fell/Hung,Sport,,40,6900
2025-03-09,Stratabulge,5.12b,"Fell / hung",https://www.mountainproject.com/route/105763344/stratabulge,1,"Colorado > Canon City > Shelf Road > The Gallery > Menses Prow",2.3,-1,TR,,Sport,,40,6900
2025-03-09,"Light Days",5.11a,,https://www.mountainproject.com/route/105755857/light-days,1,"Colorado > Canon City > Shelf Road > The Gallery > Menses Prow",2.6,-1,Lead,Redpoint,Sport,,,4600
2025-03-09,"I am a Viking",5.10a,,https://www.mountainproject.com/route/110108712/i-am-a-viking,1,"Colorado > Canon City > Shelf Road > The Gallery > Menses Prow",2.7,-1,Lead,Onsight,Sport,,70,2600
2025-03-02,"La Temperatura de Shelf",5.10b,,https://www.mountainproject.com/route/105759687/la-temperatura-de-shelf,1,"Colorado > Canon City > Shelf Road > Cactus Cliff > D. Cactus Cliff Right (left of Funkdemental)",2.8,-1,Lead,Redpoint,Sport,,75,2900
2025-03-02,"Dereliction Affliction",5.11b,"Thumb under cling crux",https://www.mountainproject.com/route/105754837/dereliction-affliction,1,"Colorado > Canon City > Shelf Road > Cactus Cliff > B. Cactus Cliff Left (Muscle Beach & right)",3.0,-1,Lead,Redpoint,Sport,,75,4900
2025-03-02,"Banana Split",5.10a,"Roped solo",https://www.mountainproject.com/route/105758982/banana-split,1,"Colorado > Canon City > Shelf Road > Cactus Cliff > A. Cactus Cliff Far Left (left of Muscle Beach)",1.8,-1,Lead,Redpoint,Sport,,75,2600
2025-03-02,"Blackman's Burden",5.10c,,https://www.mountainproject.com/route/105754201/blackmans-burden,1,"Colorado > Canon City > Shelf Road > Cactus Cliff > A. Cactus Cliff Far Left (left of Muscle Beach)",2.9,-1,Lead,Redpoint,Sport,,75,3200
2025-03-02,"Mighty Aphrodite",5.10a,,https://www.mountainproject.com/route/109679786/mighty-aphrodite,1,"Colorado > Canon City > Shelf Road > The Bank > 10. 2150 Wall",2.8,-1,Lead,Onsight,Sport,,80,2600
2025-03-02,"Tired Arms Recovery Program (T.A.R.P.)",5.9,"Roped solo w/extension",https://www.mountainproject.com/route/106362564/tired-arms-recovery-program-tarp,1,"Colorado > Canon City > Shelf Road > The Bank > 10. 2150 Wall",2.4,-1,Lead,Redpoint,Sport,,50,2400
2025-03-02,"Deconstructing Harry",5.9+,"Roped solo",https://www.mountainproject.com/route/108844974/deconstructing-harry,1,"Colorado > Canon City > Shelf Road > The Bank > 10. 2150 Wall",2.4,-1,Lead,Onsight,Sport,,80,2500
2025-03-01,"Slot Machine",5.10a,2nd,https://www.mountainproject.com/route/111676526/slot-machine,1,"Colorado > Canon City > Shelf Road > The Bank > 11. Toasty Corner",1.7,-1,Lead,Redpoint,Sport,,50,2600
2025-03-01,"White Dog",5.10a,,https://www.mountainproject.com/route/114089122/white-dog,1,"Colorado > Canon City > Shelf Road > The Bank > 11. Toasty Corner",2.3,-1,Lead,Onsight,Sport,,50,2600
2025-03-01,"Killer Chihuahua",5.10a,,https://www.mountainproject.com/route/111586562/killer-chihuahua,1,"Colorado > Canon City > Shelf Road > The Bank > 11. Toasty Corner",1.8,1,Lead,Onsight,Sport,,55,2600
2025-03-01,"Slot Machine",5.10a,,https://www.mountainproject.com/route/111676526/slot-machine,1,"Colorado > Canon City > Shelf Road > The Bank > 11. Toasty Corner",1.7,-1,Lead,Onsight,Sport,,50,2600
2025-03-01,"Three Old Dogs",5.9,,https://www.mountainproject.com/route/111580381/three-old-dogs,1,"Colorado > Canon City > Shelf Road > The Bank > 11. Toasty Corner",2.4,-1,Lead,Onsight,Sport,,45,2400
2025-03-01,Sparky,5.8,Chacos,https://www.mountainproject.com/route/111580359/sparky,1,"Colorado > Canon City > Shelf Road > The Bank > 11. Toasty Corner",2.1,-1,Solo,,Sport,,45,2100
2025-03-01,"Burnt Toast",5.7,,https://www.mountainproject.com/route/112417079/burnt-toast,1,"Colorado > Canon City > Shelf Road > The Bank > 11. Toasty Corner",2.3,-1,Solo,,Sport,,50,1800
2025-03-01,Sparky,5.8,,https://www.mountainproject.com/route/111580359/sparky,1,"Colorado > Canon City > Shelf Road > The Bank > 11. Toasty Corner",2.1,-1,Solo,,Sport,,45,2100
2025-02-23,"I Claudius",5.11a,,https://www.mountainproject.com/route/105757618/i-claudius,1,"Colorado > Canon City > Shelf Road > Cactus Cliff > E. Cactus Cliff Far Right (Funkdemental and right)",3.5,4,Lead,Redpoint,Sport,,75,4600
2025-02-23,"I Lean",5.11a,,https://www.mountainproject.com/route/105830383/i-lean,1,"Colorado > Canon City > Shelf Road > Cactus Cliff > E. Cactus Cliff Far Right (Funkdemental and right)",3.2,-1,Lead,Redpoint,Sport,,80,4600
2025-02-23,Funkdemental,5.11a,,https://www.mountainproject.com/route/105754546/funkdemental,1,"Colorado > Canon City > Shelf Road > Cactus Cliff > E. Cactus Cliff Far Right (Funkdemental and right)",3.4,-1,Lead,Redpoint,Sport,,85,4600
2025-02-23,"La Temperatura de Shelf",5.10b,,https://www.mountainproject.com/route/105759687/la-temperatura-de-shelf,1,"Colorado > Canon City > Shelf Road > Cactus Cliff > D. Cactus Cliff Right (left of Funkdemental)",2.8,-1,Lead,Onsight,Sport,,75,2900
2025-02-23,"D. Cactus Cliff Right (left of Funkdemental) | 5078",5.10a,,https://www.mountainproject.com/route/105865078/d-cactus-cliff-right-left-of-funkdemental-5078,1,"Colorado > Canon City > Shelf Road > Cactus Cliff > D. Cactus Cliff Right (left of Funkdemental)",2.5,-1,Lead,Onsight,Sport,,85,2600
2025-02-23,"Solar Eclipse",5.9,"Only clipped bolt three.  Solo next time.",https://www.mountainproject.com/route/106164020/solar-eclipse,1,"Colorado > Canon City > Shelf Road > Cactus Cliff > D. Cactus Cliff Right (left of Funkdemental)",2.1,-1,Lead,,Sport,,50,2400
2025-01-18,"World on Fire",5.12a,"12b move is to go for the loaf.  Has unusually good texture.  Two crimps above are better.",https://www.mountainproject.com/route/123627902/world-on-fire,8,"International > North America > Mexico > Nuevo Leon > El Potrero Chico > The Conundrums",3.3,-1,Lead,Fell/Hung,Sport,,,6600
2025-01-18,"Inglorious Bastards",5.12a,,https://www.mountainproject.com/route/107110717/inglorious-bastards,1,"International > North America > Mexico > Nuevo Leon > El Potrero Chico > TNT Wall",3.8,-1,Lead,Onsight,Sport,,100,6600
2025-01-18,"La Pasada",5.11c/d,,https://www.mountainproject.com/route/106180675/la-pasada,1,"International > North America > Mexico > Nuevo Leon > El Potrero Chico > La Ola (The Wave)",2.9,-1,Lead,Fell/Hung,Sport,,115,5400
2025-01-18,"Tufa the Price of One",5.11b/c,,https://www.mountainproject.com/route/106157497/tufa-the-price-of-one,1,"International > North America > Mexico > Nuevo Leon > El Potrero Chico > La Ola (The Wave)",3.1,-1,Lead,Fell/Hung,Sport,,135,5100
2025-01-17,"Pitch Black",5.10d,,https://www.mountainproject.com/route/108556929/pitch-black,6,"International > North America > Mexico > Nuevo Leon > El Potrero Chico > The Conundrums",3.7,4,Lead,Onsight,Sport,,800,3500
2025-01-17,"Curse Of The Furry Beast",5.12a,,https://www.mountainproject.com/route/106373476/curse-of-the-furry-beast,1,"International > North America > Mexico > Nuevo Leon > El Potrero Chico > Las Estrellas Canyon > Las Estrellas Main Wall",3.4,3,Lead,Onsight,Sport,5.11d,100,6600
2025-01-17,"Black Cat Bone",5.10d,,https://www.mountainproject.com/route/106072905/black-cat-bone,9,"International > North America > Mexico > Nuevo Leon > El Potrero Chico > La Selva (Jungle Wall)",3.2,-1,Lead,Onsight,Sport,,800,3500
2025-01-16,"Space Boyz",5.10d,,https://www.mountainproject.com/route/106183204/space-boyz,11,"International > North America > Mexico > Nuevo Leon > El Potrero Chico > La Selva (Jungle Wall)",3.6,-1,Lead,Redpoint,Sport,,1000,3500
2025-01-15,"El Sendero Diablo (The Devil's Path)",5.11c,,https://www.mountainproject.com/route/106175808/el-sendero-diablo-the-devils-path,6,"International > North America > Mexico > Nuevo Leon > El Potrero Chico > The Outrage Wall",3.8,-1,Lead,Redpoint,Sport,,600,5200
2025-01-13,"Treasure of the Sierra Madre",5.10c,,https://www.mountainproject.com/route/105949507/treasure-of-the-sierra-madre,5,"International > North America > Mexico > Nuevo Leon > El Potrero Chico > Mota Wall",3.5,-1,Lead,Redpoint,Sport,,700,3200
2025-01-13,"Leap of Faith",5.11a,,https://www.mountainproject.com/route/106181797/leap-of-faith,3,"International > North America > Mexico > Nuevo Leon > El Potrero Chico > Mota Wall",2.7,-1,Lead,Redpoint,Sport,,250,4600
2025-01-13,"Snott Girlz",5.10+,,https://www.mountainproject.com/route/106115483/snott-girlz,7,"International > North America > Mexico > Nuevo Leon > El Potrero Chico > Mota Wall",3.5,-1,Lead,Redpoint,Sport,,450,3300
2025-01-12,Satori,5.10c,,https://www.mountainproject.com/route/106198915/satori,7,"International > North America > Mexico > Nuevo Leon > El Potrero Chico > El Toro (The Front Side) > Zapatista Wall",3.4,-1,Lead,Redpoint,Sport,,700,3200
2025-01-12,"Off The Couch",5.10d,,https://www.mountainproject.com/route/106729852/off-the-couch,7,"International > North America > Mexico > Nuevo Leon > El Potrero Chico > El Toro (The Front Side) > Zapatista Wall",3.6,-1,Lead,Redpoint,Sport,,600,3500
2025-01-04,"Quoting Yoda",5.11c/d,"Right hand, left heel hook",https://www.mountainproject.com/route/107478761/quoting-yoda,1,"Colorado > Canon City > Shelf Road > Spiney Ridge",2.3,-1,Lead,Fell/Hung,Sport,,70,5400
2025-01-04,"Straight Rocket",5.11c,,https://www.mountainproject.com/route/106643979/straight-rocket,1,"Colorado > Canon City > Shelf Road > Spiney Ridge",2.6,-1,Lead,Redpoint,Sport,,70,5200
2025-01-04,"Purple Toe Nails",5.11c,,https://www.mountainproject.com/route/105763212/purple-toe-nails,1,"Colorado > Canon City > Shelf Road > Spiney Ridge",3.6,-1,Lead,Redpoint,Sport,,80,5200
2025-01-04,"Access All Areas",5.10d,,https://www.mountainproject.com/route/106036927/access-all-areas,1,"Colorado > Canon City > Shelf Road > Spiney Ridge",2.6,-1,Lead,Redpoint,Sport,,60,3500
2025-01-04,Tractatus,5.11a,,https://www.mountainproject.com/route/105759081/tractatus,1,"Colorado > Canon City > Shelf Road > Spiney Ridge",2.6,-1,Lead,Redpoint,Sport,,50,4600
2025-01-04,"She's Got a Full Set of Camalots!",5.10c,,https://www.mountainproject.com/route/105761604/shes-got-a-full-set-of-camalots,1,"Colorado > Canon City > Shelf Road > The Gym",2.7,-1,Lead,Redpoint,"Trad, Sport",,80,3200
2024-12-29,Keystone,5.12c,Worked,https://www.mountainproject.com/route/108013337/keystone,1,"Colorado > Canon City > Shelf Road > Spiney Ridge",2.0,-1,TR,,Sport,,,7200
2024-12-29,Cornerstone,5.11a/b,,https://www.mountainproject.com/route/105862459/cornerstone,1,"Colorado > Canon City > Shelf Road > Spiney Ridge",2.9,-1,Lead,Redpoint,Sport,,80,4800
2024-12-29,"Natty Dread",5.11b,,https://www.mountainproject.com/route/105862484/natty-dread,1,"Colorado > Canon City > Shelf Road > The Gym",2.8,-1,Lead,Redpoint,Sport,,80,4900
2024-12-29,"The Great Escape",5.11c,,https://www.mountainproject.com/route/105758497/the-great-escape,1,"Colorado > Canon City > Shelf Road > The Gym",2.5,-1,Lead,Redpoint,Sport,,70,5200
2024-12-29,Crystal,5.11b,,https://www.mountainproject.com/route/105758512/crystal,1,"Colorado > Canon City > Shelf Road > The Gym",3.5,-1,Lead,Redpoint,Sport,,60,4900
2024-12-29,"The Crack of Dawn",5.10b,,https://www.mountainproject.com/route/105752788/the-crack-of-dawn,1,"Colorado > Canon City > Shelf Road > The Gym",3.5,-1,Lead,Redpoint,Sport,,,2900
2024-12-21,"Aquaman Arete",5.8,,https://www.mountainproject.com/route/113945730/aquaman-arete,1,"Colorado > South Platte > Deckers > Atlantis Slab",2.3,-1,Solo,,Sport,,110,2100
2024-12-21,"Aquaman Arete",5.8,"Used one bolt",https://www.mountainproject.com/route/113945730/aquaman-arete,1,"Colorado > South Platte > Deckers > Atlantis Slab",2.3,-1,Lead,Onsight,Sport,,110,2100
2024-12-21,"Tim's Walkway",5.6,"Soloed first pitch, used one bolt second pitch ",https://www.mountainproject.com/route/108709041/tims-walkway,2,"Colorado > South Platte > Deckers > Atlantis Slab",2.1,-1,Lead,Onsight,Sport,,145,1600
2024-12-21,"Mermaid  (AKA: unknown  2)",5.8+,,https://www.mountainproject.com/route/107899729/mermaid-aka-unknown-2,1,"Colorado > South Platte > Deckers > Atlantis Slab",1.2,-1,Lead,Onsight,Sport,,75,2200
2024-12-21,"Black Bart  (aka Unknown  1)",5.11a,,https://www.mountainproject.com/route/107899641/black-bart-aka-unknown-1,1,"Colorado > South Platte > Deckers > Atlantis Slab",1.9,-1,Lead,Onsight,Sport,,60,4600
2024-12-21,"Drefach Lambda",5.6,,https://www.mountainproject.com/route/107744626/drefach-lambda,1,"Colorado > South Platte > Deckers > Atlantis Slab",1.5,-1,Solo,,Sport,,70,1600
2024-12-21,"Two Dikes for Dinner",5.9,,https://www.mountainproject.com/route/105763524/two-dikes-for-dinner,1,"Colorado > South Platte > Deckers > Atlantis Slab",2.1,-1,Lead,Onsight,Sport,,100,2400
2024-12-07,"Pedestrian Gene Pool",5.11a/b,,https://www.mountainproject.com/route/105753562/pedestrian-gene-pool,1,"Colorado > Canon City > Shelf Road > Sand Gulch > Free Form Wall",3.0,-1,Lead,Redpoint,Sport,,,4800
2024-12-07,Barney,5.9+,,https://www.mountainproject.com/route/105749929/barney,1,"Colorado > Canon City > Shelf Road > Sand Gulch > Free Form Wall",2.7,-1,Lead,Redpoint,Sport,,,2500
2024-12-07,Unknown,5.10c/d,,https://www.mountainproject.com/route/108695777/unknown,1,"Colorado > Canon City > Shelf Road > Sand Gulch > Free Form Wall",2.7,-1,Lead,Redpoint,Sport,,70,3400
2024-12-07,Freeform,5.12a,,https://www.mountainproject.com/route/105752917/freeform,1,"Colorado > Canon City > Shelf Road > Sand Gulch > Free Form Wall",3.9,-1,Lead,Redpoint,Sport,,,6600
2024-12-07,"No Vacancy (submitted as No Math Required)",5.11-,,https://www.mountainproject.com/route/107711074/no-vacancy-submitted-as-no-math-required,1,"Colorado > Canon City > Shelf Road > Sand Gulch > Free Form Wall",2.4,-1,Lead,Redpoint,Sport,,60,4700
2024-12-07,Metropolis,5.11d,,https://www.mountainproject.com/route/105752887/metropolis,1,"Colorado > Canon City > Shelf Road > Sand Gulch > Contest Wall",3.4,-1,Lead,Redpoint,Sport,,,5500
2024-12-07,"It's Miller Time",5.11b,,https://www.mountainproject.com/route/105748699/its-miller-time,1,"Colorado > Canon City > Shelf Road > Sand Gulch > Contest Wall",2.5,-1,Lead,Redpoint,Sport,,60,4900
2024-11-24,"Three-Quarter Ton",5.10b/c,,https://www.mountainproject.com/route/105809702/three-quarter-ton,1,"Colorado > Canon City > Shelf Road > Cactus Cliff > A. Cactus Cliff Far Left (left of Muscle Beach)",3.1,-1,Lead,Redpoint,Sport,,80,3100
2024-11-24,"The Killer Toupee",5.10,,https://www.mountainproject.com/route/106097030/the-killer-toupee,1,"Colorado > Canon City > Shelf Road > Cactus Cliff > A. Cactus Cliff Far Left (left of Muscle Beach)",2.2,-1,Lead,Redpoint,Trad,,80,3000
2024-11-24,"Muscle Beach",5.11a,,https://www.mountainproject.com/route/105758910/muscle-beach,1,"Colorado > Canon City > Shelf Road > Cactus Cliff > B. Cactus Cliff Left (Muscle Beach & right)",3.5,-1,Lead,Redpoint,Sport,5.10c/d,80,4600
2024-11-24,"Wadsworth Boulevard",5.10c,,https://www.mountainproject.com/route/105753538/wadsworth-boulevard,1,"Colorado > Canon City > Shelf Road > Cactus Cliff > B. Cactus Cliff Left (Muscle Beach & right)",2.8,-1,Lead,Redpoint,Sport,,80,3200
2024-11-24,"Christmas Tree",5.10b/c,,https://www.mountainproject.com/route/105758991/christmas-tree,1,"Colorado > Canon City > Shelf Road > Cactus Cliff > B. Cactus Cliff Left (Muscle Beach & right)",2.3,-1,Lead,Redpoint,Sport,,80,3100
2024-11-24,"Turkey's Bleak",5.10a,,https://www.mountainproject.com/route/106164016/turkeys-bleak,1,"Colorado > Canon City > Shelf Road > Cactus Cliff > B. Cactus Cliff Left (Muscle Beach & right)",2.3,-1,Lead,Redpoint,Sport,,70,2600
2024-11-23,"Five Magics",5.10d,,https://www.mountainproject.com/route/125918285/five-magics,1,"Colorado > Canon City > Shelf Road > The Bank > 12. Beijing aka Beyond the 2150 Wall",1.3,-1,Lead,Onsight,Sport,,45,3500
2024-11-23,CarlyQ,5.9,,https://www.mountainproject.com/route/125913521/carlyq,1,"Colorado > Canon City > Shelf Road > The Bank > 12. Beijing aka Beyond the 2150 Wall",2.3,1,Lead,Onsight,Sport,,50,2400
2024-11-23,"Countdown to Extinction",5.9,,https://www.mountainproject.com/route/125918244/countdown-to-extinction,1,"Colorado > Canon City > Shelf Road > The Bank > 12. Beijing aka Beyond the 2150 Wall",1.0,-1,Lead,Onsight,Sport,,40,2400
2024-11-23,Lucretia,5.11d,,https://www.mountainproject.com/route/125913629/lucretia,1,"Colorado > Canon City > Shelf Road > The Bank > 12. Beijing aka Beyond the 2150 Wall",2.3,-1,Lead,Onsight,Sport,,50,5500
2024-11-23,"Limb by Limb",5.9+,,https://www.mountainproject.com/route/125918150/limb-by-limb,1,"Colorado > Canon City > Shelf Road > The Bank > 12. Beijing aka Beyond the 2150 Wall",2.0,-1,Lead,Onsight,Sport,,50,2500
2024-11-23,"Unknown 5.10",5.10b,,https://www.mountainproject.com/route/125913365/unknown-510,1,"Colorado > Canon City > Shelf Road > The Bank > 12. Beijing aka Beyond the 2150 Wall",2.3,-1,Lead,Redpoint,Sport,,45,2900
2024-11-23,Unknown,5.12a,,https://www.mountainproject.com/route/125913354/unknown,1,"Colorado > Canon City > Shelf Road > The Bank > 12. Beijing aka Beyond the 2150 Wall",1.9,-1,Lead,Redpoint,Sport,,45,6600
2024-11-23,"Unknown Name",5.10c,,https://www.mountainproject.com/route/125913342/unknown-name,1,"Colorado > Canon City > Shelf Road > The Bank > 12. Beijing aka Beyond the 2150 Wall",2.0,-1,Lead,Redpoint,Sport,,45,3200
2024-11-23,Peking,5.7,,https://www.mountainproject.com/route/105761727/peking,1,"Colorado > Canon City > Shelf Road > The Bank > 12. Beijing aka Beyond the 2150 Wall",1.6,-1,Solo,,Sport,,60,1800
2024-11-02,"Unknown 5.10 (Sonic Geezers?)",5.10c/d,"Roped solo ",https://www.mountainproject.com/route/118322945/unknown-510-sonic-geezers,1,"Colorado > Canon City > Shelf Road > The Bank > 12. Beijing aka Beyond the 2150 Wall",2.0,-1,Lead,Redpoint,Sport,,45,3400
2024-11-02,Clowns,5.9-,,https://www.mountainproject.com/route/124470008/clowns,1,"Colorado > Canon City > Shelf Road > The Bank > 12. Beijing aka Beyond the 2150 Wall",2.4,-1,Lead,Redpoint,Sport,,45,2300
2024-11-02,Restless,5.11d,,https://www.mountainproject.com/route/124469925/restless,1,"Colorado > Canon City > Shelf Road > The Bank > 12. Beijing aka Beyond the 2150 Wall",2.8,-1,Lead,Fell/Hung,Sport,,50,5500
2024-11-02,"The Lucky One",5.11c/d,,https://www.mountainproject.com/route/124469942/the-lucky-one,1,"Colorado > Canon City > Shelf Road > The Bank > 12. Beijing aka Beyond the 2150 Wall",3.0,-1,Lead,Redpoint,Sport,,50,5400
2024-11-02,Restless,5.11d,,https://www.mountainproject.com/route/124469925/restless,1,"Colorado > Canon City > Shelf Road > The Bank > 12. Beijing aka Beyond the 2150 Wall",2.8,-1,Lead,Redpoint,Sport,,50,5500
2024-11-02,Peking,5.7,,https://www.mountainproject.com/route/105761727/peking,1,"Colorado > Canon City > Shelf Road > The Bank > 12. Beijing aka Beyond the 2150 Wall",1.6,-1,Solo,,Sport,,60,1800
2024-11-02,Shine,5.10c,"Roped solo ",https://www.mountainproject.com/route/124469963/shine,1,"Colorado > Canon City > Shelf Road > The Bank > 12. Beijing aka Beyond the 2150 Wall",2.6,-1,Lead,Redpoint,Sport,,40,3200
2024-11-02,"Stuck in The Middle",5.7,,https://www.mountainproject.com/route/124470022/stuck-in-the-middle,1,"Colorado > Canon City > Shelf Road > The Bank > 12. Beijing aka Beyond the 2150 Wall",2.4,-1,Solo,,Sport,,40,1800
2024-11-02,Jokers,5.7,,https://www.mountainproject.com/route/124470030/jokers,1,"Colorado > Canon City > Shelf Road > The Bank > 12. Beijing aka Beyond the 2150 Wall",2.4,-1,Solo,,Sport,,40,1800
2024-11-02,Crossover,5.10a,"Roped solo",https://www.mountainproject.com/route/124470046/crossover,1,"Colorado > Canon City > Shelf Road > The Bank > 12. Beijing aka Beyond the 2150 Wall",2.4,2,Lead,Redpoint,Sport,,55,2600
2024-10-27,"Slab Happy",5.6,,https://www.mountainproject.com/route/115397261/slab-happy,1,"Colorado > South Platte > Elevenmile Canyon > Elevenmile Dome",2.0,-1,Solo,,Sport,,85,1600
2024-10-27,"The Great Unknown",5.10a,,https://www.mountainproject.com/route/109640093/the-great-unknown,1,"Colorado > South Platte > Elevenmile Canyon > Elevenmile Dome",1.7,-1,Lead,Redpoint,Trad,,120,2600
2024-10-27,"Repulsion Convulsion",5.9-,,https://www.mountainproject.com/route/109639920/repulsion-convulsion,1,"Colorado > South Platte > Elevenmile Canyon > Elevenmile Dome",2.5,-1,Lead,Onsight,Sport,,90,2300
2024-10-27,"Counter Strike",5.5,,https://www.mountainproject.com/route/105824974/counter-strike,1,"Colorado > South Platte > Elevenmile Canyon > Elevenmile Dome",2.3,-1,Solo,,Sport,,90,1500
2024-10-27,"Mike Johnson Route",5.10b,,https://www.mountainproject.com/route/105762882/mike-johnson-route,1,"Colorado > South Platte > Elevenmile Canyon > Elevenmile Dome",2.6,-1,Lead,Redpoint,Sport,,80,2900
2024-10-27,"Happy Trails",5.7,,https://www.mountainproject.com/route/105752017/happy-trails,1,"Colorado > South Platte > Elevenmile Canyon > Elevenmile Dome",2.1,-1,Lead,Redpoint,Sport,,,1800
2024-10-27,"South Face Direct",5.10c,,https://www.mountainproject.com/route/105752011/south-face-direct,1,"Colorado > South Platte > Elevenmile Canyon > Elevenmile Dome",2.6,-1,Lead,Redpoint,Sport,,,3200
2024-10-26,"Flakeus Maximus",5.11a,,https://www.mountainproject.com/route/110386865/flakeus-maximus,1,"Colorado > Canon City > Shelf Road > The Gallery > Far Side",3.6,-1,Lead,Redpoint,Sport,,60,4600
2024-10-26,"Thirteen Engines",5.11c,"Fell / hung.",https://www.mountainproject.com/route/105748975/thirteen-engines,1,"Colorado > Canon City > Shelf Road > The Gallery > Menses Prow",3.1,-1,TR,,Sport,,70,5200
2024-10-26,"Slender Fungus",5.11b,,https://www.mountainproject.com/route/105752905/slender-fungus,2,"Colorado > Canon City > Shelf Road > The Gallery > Menses Prow",2.4,3,Lead,Redpoint,Sport,,,4900
2024-10-26,"Pueblo Gringos",5.10a/b,,https://www.mountainproject.com/route/105761514/pueblo-gringos,1,"Colorado > Canon City > Shelf Road > The Gallery > Menses Prow",2.6,-1,Lead,Onsight,Sport,,40,2800
2024-10-13,"Pigout Arete",5.7+,"Done as sport ",https://www.mountainproject.com/route/125774097/pigout-arete,1,"Colorado > Colorado Springs > Bear Creek Cañon Park > Dakota Hogback (submitted as Bear Canyon)",2.2,-1,Lead,Redpoint,Trad,5.7,60,1900
2024-10-13,Warthog,5.11-,,https://www.mountainproject.com/route/125724185/warthog,1,"Colorado > Colorado Springs > Bear Creek Cañon Park > Dakota Hogback (submitted as Bear Canyon)",3.0,2,TR,,Sport,,55,4700
2024-10-13,Warthog,5.11-,,https://www.mountainproject.com/route/125724185/warthog,1,"Colorado > Colorado Springs > Bear Creek Cañon Park > Dakota Hogback (submitted as Bear Canyon)",3.0,2,Lead,Redpoint,Sport,,55,4700
2024-10-13,"Hog Wild",5.9+,,https://www.mountainproject.com/route/125660649/hog-wild,1,"Colorado > Colorado Springs > Bear Creek Cañon Park > Dakota Hogback (submitted as Bear Canyon)",2.7,2,Lead,Redpoint,Sport,5.9-,55,2500
2024-10-13,"Dakota Pride",5.6,,https://www.mountainproject.com/route/125505409/dakota-pride,1,"Colorado > Colorado Springs > Bear Creek Cañon Park > Dakota Hogback (submitted as Bear Canyon)",2.6,-1,Solo,,Sport,,60,1600
2024-10-13,"Dakota Righthand (submitted as Sunday Morning Brunch 1)",5.6,,https://www.mountainproject.com/route/122102964/dakota-righthand-submitted-as-sunday-morning-brunch-1,1,"Colorado > Colorado Springs > Bear Creek Cañon Park > Dakota Hogback (submitted as Bear Canyon)",2.9,-1,Solo,,Sport,,60,1600
2024-10-13,"Dakota Kid",5.6,,https://www.mountainproject.com/route/125505427/dakota-kid,1,"Colorado > Colorado Springs > Bear Creek Cañon Park > Dakota Hogback (submitted as Bear Canyon)",2.6,3,Solo,,Sport,5.4,60,1600
2024-10-06,"The Real Thing",5.12b,2nd,https://www.mountainproject.com/route/106126181/the-real-thing,1,"Colorado > South Platte > West Creek > Thunder Ridge > The For Real Canyon",3.0,-1,TR,,Sport,,70,6900
2024-10-06,"The Real Thing",5.12b,1st,https://www.mountainproject.com/route/106126181/the-real-thing,1,"Colorado > South Platte > West Creek > Thunder Ridge > The For Real Canyon",3.0,-1,TR,,Sport,,70,6900
2024-10-06,"Is This For Real?",5.10,,https://www.mountainproject.com/route/106126167/is-this-for-real,1,"Colorado > South Platte > West Creek > Thunder Ridge > The For Real Canyon",3.6,-1,Lead,Onsight,Trad,,50,3000
2024-10-05,"I Can Smell Your Thoughts",5.11c,,https://www.mountainproject.com/route/113740401/i-can-smell-your-thoughts,1,"Colorado > Canon City > Shelf Road > The Gallery > Far Side",2.3,-1,Lead,Redpoint,Sport,,,5200
2024-10-05,"In the Region of the Butterfly Pump",5.11b,,https://www.mountainproject.com/route/105752983/in-the-region-of-the-butterfly-pump,1,"Colorado > Canon City > Shelf Road > The Gallery > Far Side",2.4,-1,Lead,Onsight,Sport,,,4900
2024-10-05,Blackshirts,5.10b/c,"Roped solo",https://www.mountainproject.com/route/110984541/blackshirts,1,"Colorado > Canon City > Shelf Road > The Gallery > Far Side",3.5,-1,Lead,Onsight,Sport,,70,3100
2024-10-03,"Ken's Shitty Route (K.S.R.)",5.10d,"Roped solo ",https://www.mountainproject.com/route/105990477/kens-shitty-route-ksr,1,"New Mexico > Santa Fe Area > Diablo Canyon > The Grotto > Grotto Left (East Side) Lower Tier",1.9,-1,Lead,Onsight,Sport,,80,3500
2024-10-03,"Chopping Block",5.11a,"Roped solo ",https://www.mountainproject.com/route/105837240/chopping-block,1,"New Mexico > Santa Fe Area > Diablo Canyon > The Grotto > Grotto Left (East Side) Lower Tier",2.3,-1,Lead,Onsight,Sport,,60,4600
2024-10-03,Evil,5.10d,"Roped solo ",https://www.mountainproject.com/route/105941844/evil,1,"New Mexico > Santa Fe Area > Diablo Canyon > The Grotto > Grotto Left (East Side) Lower Tier",2.6,-1,Lead,Onsight,Sport,,65,3500
2024-10-03,"A Day with Dr. Diablo",5.10c,"Roped solo ",https://www.mountainproject.com/route/105867471/a-day-with-dr-diablo,1,"New Mexico > Santa Fe Area > Diablo Canyon > Early Wall > Runway (Lower Tier)",2.0,-1,Lead,Onsight,Sport,,45,3200
2024-10-03,"Top Gun",5.11a,"Roped solo ",https://www.mountainproject.com/route/106756791/top-gun,1,"New Mexico > Santa Fe Area > Diablo Canyon > Early Wall > Runway (Lower Tier)",3.5,-1,Lead,Onsight,Sport,,105,4600
2024-10-03,"Start the Machine",5.10+,"Roped solo ",https://www.mountainproject.com/route/117805503/start-the-machine,1,"New Mexico > Santa Fe Area > Diablo Canyon > Early Wall > Runway (Lower Tier)",2.9,-1,Lead,Onsight,Sport,,90,3300
2024-10-02,"SOL Man (aka Not In the End)",5.10c,"Roped solo ",https://www.mountainproject.com/route/109775524/sol-man-aka-not-in-the-end,1,"New Mexico > Santa Fe Area > Diablo Canyon > Winter Wall",3.2,-1,Lead,Onsight,Sport,,120,3200
2024-10-02,"Gopher Broke",5.10c,"Roped solo ",https://www.mountainproject.com/route/107987274/gopher-broke,1,"New Mexico > Santa Fe Area > Diablo Canyon > Winter Wall",2.6,-1,Lead,Onsight,Sport,,140,3200
2024-10-02,"Squeeze Whiz",5.11c,"Hung, missed the jug on the left.",https://www.mountainproject.com/route/110489270/squeeze-whiz,1,"New Mexico > Santa Fe Area > Diablo Canyon > The Shack > Main Wall",2.4,-1,TR,,Sport,,60,5200
2024-10-02,"Standing on the Edge of Extinction",5.11,"Roped solo ",https://www.mountainproject.com/route/108271630/standing-on-the-edge-of-extinction,1,"New Mexico > Santa Fe Area > Diablo Canyon > The Shack > Main Wall",3.0,3,Lead,Onsight,Sport,5.11b,75,5000
2024-10-02,"32 Flavors",5.11b,"Roped solo",https://www.mountainproject.com/route/108307114/32-flavors,1,"New Mexico > Santa Fe Area > Diablo Canyon > The Shack > Main Wall",2.7,-1,Lead,Onsight,Sport,,55,4900
2024-10-02,Centipede-Lower,5.10+,"Roped solo",https://www.mountainproject.com/route/113599859/centipede-lower,1,"New Mexico > Santa Fe Area > Diablo Canyon > The Shack > Main Wall",2.4,-1,Lead,Onsight,Sport,,50,3300
2024-10-02,Frogger,5.9+,"Roped solo",https://www.mountainproject.com/route/108271646/frogger,1,"New Mexico > Santa Fe Area > Diablo Canyon > The Shack > Main Wall",2.5,-1,Lead,Onsight,Sport,,50,2500
2024-10-02,"Renaissance/ Lower Rosie",5.10a/b,"Roped solo ",https://www.mountainproject.com/route/108328215/renaissance-lower-rosie,1,"New Mexico > Santa Fe Area > Diablo Canyon > The Shack > Main Wall",2.3,-1,Lead,Onsight,Sport,,40,2800
2024-10-02,"City Girl",5.9,"Roped solo",https://www.mountainproject.com/route/108275157/city-girl,1,"New Mexico > Santa Fe Area > Diablo Canyon > The Shack > Main Wall",2.3,-1,Lead,Onsight,Sport,,55,2400
2024-09-30,"Eyes Wide on Arrival",5.10c,"Roped solo",https://www.mountainproject.com/route/117739683/eyes-wide-on-arrival,1,"New Mexico > Santa Fe Area > Diablo Canyon > Early Wall > Runway (Lower Tier)",2.9,-1,Lead,Onsight,Sport,,90,3200
2024-09-30,"Learning to Fly",5.10c,"Roped solo ",https://www.mountainproject.com/route/109248597/learning-to-fly,1,"New Mexico > Santa Fe Area > Diablo Canyon > Early Wall > Runway (Lower Tier)",2.4,-1,Lead,Onsight,Sport,,80,3200
2024-09-30,"Bush in a Blender",5.12a,"3rd, clean ",https://www.mountainproject.com/route/105837236/bush-in-a-blender,1,"New Mexico > Santa Fe Area > Diablo Canyon > The Grotto > Grotto Left (East Side) Lower Tier",3.4,-1,TR,,Sport,,80,6600
2024-09-30,"Bush in a Blender",5.12a,"2nd, hung",https://www.mountainproject.com/route/105837236/bush-in-a-blender,1,"New Mexico > Santa Fe Area > Diablo Canyon > The Grotto > Grotto Left (East Side) Lower Tier",3.4,-1,TR,,Sport,,80,6600
2024-09-30,"Bush in a Blender",5.12a,"1st, hung",https://www.mountainproject.com/route/105837236/bush-in-a-blender,1,"New Mexico > Santa Fe Area > Diablo Canyon > The Grotto > Grotto Left (East Side) Lower Tier",3.4,-1,TR,,Sport,,80,6600
2024-09-30,"Class Act",5.10b,,https://www.mountainproject.com/route/105803898/class-act,1,"New Mexico > Santa Fe Area > Diablo Canyon > The Grotto > Grotto Right (West Side)",3.0,-1,TR,,Sport,,,2900
2024-09-30,"Class Act",5.10b,"Roped solo, head games at bolt five, cheated through.",https://www.mountainproject.com/route/105803898/class-act,1,"New Mexico > Santa Fe Area > Diablo Canyon > The Grotto > Grotto Right (West Side)",3.0,-1,Lead,Fell/Hung,Sport,,,2900
2024-09-29,"Paradise City",5.10c,"Roped solo ",https://www.mountainproject.com/route/110958965/paradise-city,1,"New Mexico > Santa Fe Area > Diablo Canyon > The Grotto > Grotto Left (East Side) Lower Tier",2.8,-1,Lead,Onsight,Sport,,75,3200
2024-09-29,Bedeviled,5.11b,"Roped solo ",https://www.mountainproject.com/route/106487845/bedeviled,1,"New Mexico > Santa Fe Area > Diablo Canyon > The Grotto > Grotto Left (East Side) Lower Tier",3.8,-1,Lead,Onsight,Sport,,90,4900
2024-09-29,Good,5.10b,"Roped solo",https://www.mountainproject.com/route/105941860/good,1,"New Mexico > Santa Fe Area > Diablo Canyon > The Grotto > Grotto Left (East Side) Lower Tier",2.8,-1,Lead,Onsight,Sport,,65,2900
2024-09-29,"Waiting to Procrastinate",5.10b,"Roped solo ",https://www.mountainproject.com/route/105824878/waiting-to-procrastinate,1,"New Mexico > Santa Fe Area > Diablo Canyon > The Grotto > Grotto Left (East Side) Lower Tier",3.0,-1,Lead,Onsight,Sport,,,2900
2024-09-29,"Affirmative Action",5.11a,"Roped solo ",https://www.mountainproject.com/route/105824874/affirmative-action,1,"New Mexico > Santa Fe Area > Diablo Canyon > The Grotto > Grotto Left (East Side) Lower Tier",3.4,-1,Lead,Onsight,Sport,,,4600
2024-09-29,"Bergers Bakeshop",5.10d,"Roped solo, compression move at 5th bolt unnerved me",https://www.mountainproject.com/route/105824869/bergers-bakeshop,1,"New Mexico > Santa Fe Area > Diablo Canyon > The Grotto > Grotto Left (East Side) Lower Tier",2.4,-1,Lead,Fell/Hung,Sport,,,3500
2024-09-28,"Naked Lunch",5.10-,"Roped solo",https://www.mountainproject.com/route/105932179/naked-lunch,1,"New Mexico > Santa Fe Area > Diablo Canyon > Winter Wall",3.4,-1,Lead,Onsight,Sport,,140,2700
2024-09-28,"Protein Supplement",5.10a,"Roped solo ",https://www.mountainproject.com/route/106049097/protein-supplement,1,"New Mexico > Santa Fe Area > Diablo Canyon > Winter Wall",2.6,-1,Lead,Onsight,Sport,,90,2600
2024-09-28,Sunbaked,5.10,"Roped solo",https://www.mountainproject.com/route/106049105/sunbaked,1,"New Mexico > Santa Fe Area > Diablo Canyon > Winter Wall",2.7,-1,Lead,Onsight,Sport,,80,3000
2024-09-28,"Clean Energy",5.10a,"Roped solo ",https://www.mountainproject.com/route/111676875/clean-energy,1,"New Mexico > Santa Fe Area > Diablo Canyon > Winter Wall",2.4,-1,Lead,Onsight,Sport,,80,2600
2024-09-21,"Staying Power",5.11c,,https://www.mountainproject.com/route/105759516/staying-power,1,"Colorado > Canon City > Shelf Road > The Bank > 06. Surreal Estate",3.3,-1,Lead,Onsight,Sport,,70,5200
2024-09-21,"Sparkle In The Rain",5.12c,3rd,https://www.mountainproject.com/route/105763347/sparkle-in-the-rain,1,"Colorado > Canon City > Shelf Road > The Bank > 06. Surreal Estate",3.5,-1,Lead,Fell/Hung,Sport,,60,7200
2024-09-21,"Sparkle In The Rain",5.12c,2nd,https://www.mountainproject.com/route/105763347/sparkle-in-the-rain,1,"Colorado > Canon City > Shelf Road > The Bank > 06. Surreal Estate",3.5,-1,Lead,Fell/Hung,Sport,,60,7200
2024-09-21,"Sparkle In The Rain",5.12c,"1st fell / hung",https://www.mountainproject.com/route/105763347/sparkle-in-the-rain,1,"Colorado > Canon City > Shelf Road > The Bank > 06. Surreal Estate",3.5,-1,Lead,,Sport,,60,7200
2024-09-21,"Once Upon a Time",5.11b,12ish,https://www.mountainproject.com/route/105750025/once-upon-a-time,1,"Colorado > Canon City > Shelf Road > The Bank > 06. Surreal Estate",2.1,-1,Lead,Fell/Hung,Sport,5.12-,,4900
2024-09-15,"Studebaker, Makita, and Bosch",5.11a,,https://www.mountainproject.com/route/122014170/studebaker-makita-and-bosch,1,"Colorado > South Platte > Staunton State Park > Old Mill Area > Sawmill Crag > 2. Sawmill  Wall",3.2,-1,Lead,Redpoint,Sport,,100,4600
2024-09-15,"* The Live Edge",5.9,"Did as sport, ie no trad gear",https://www.mountainproject.com/route/121302278/the-live-edge,1,"Colorado > South Platte > Staunton State Park > Old Mill Area > Sawmill Crag > 2. Sawmill  Wall",2.0,-1,Lead,Onsight,Trad,,80,2400
2024-09-15,Rosewood,5.10b/c,,https://www.mountainproject.com/route/121201172/rosewood,1,"Colorado > South Platte > Staunton State Park > Old Mill Area > Sawmill Crag > 2. Sawmill  Wall",3.4,4,Lead,Redpoint,Sport,,90,3100
2024-09-15,"Rough Sawn",5.10d,"Ran both pitches together and tagged a second rope to get down",https://www.mountainproject.com/route/121237413/rough-sawn,1,"Colorado > South Platte > Staunton State Park > Old Mill Area > Sawmill Crag > 2. Sawmill  Wall",2.6,-1,Lead,Onsight,Sport,,155,3500
2024-09-15,"Old Growth",5.10d,"Ran both pitches together with one 70m",https://www.mountainproject.com/route/121243715/old-growth,1,"Colorado > South Platte > Staunton State Park > Old Mill Area > Sawmill Crag > 2. Sawmill  Wall",2.4,-1,Lead,Onsight,Sport,,120,3500
2024-09-15,Architype,5.10c,"Ran both pitches together with one 70m",https://www.mountainproject.com/route/121243688/architype,2,"Colorado > South Platte > Staunton State Park > Old Mill Area > Sawmill Crag > 2. Sawmill  Wall",2.7,-1,Lead,Onsight,Sport,,120,3200
2024-09-15,"Bunkhouse Barbie's Dream Castle",5.9+,"Ran both pitches together with one 70m",https://www.mountainproject.com/route/121201141/bunkhouse-barbies-dream-castle,2,"Colorado > South Platte > Staunton State Park > Old Mill Area > Sawmill Crag > 2. Sawmill  Wall",2.4,-1,Lead,Onsight,Sport,,110,2500
2024-09-14,Unshackled,5.10+,"Roped solo",https://www.mountainproject.com/route/112101317/unshackled,1,"Colorado > South Platte > Staunton State Park > Staunton Rocks > The Dungeon",3.6,-1,Lead,Onsight,Sport,,100,3300
2024-09-14,"Branching Out",5.12d,,https://www.mountainproject.com/route/112092797/branching-out,1,"Colorado > South Platte > Staunton State Park > Staunton Rocks > The Dungeon",3.9,-1,Lead,Fell/Hung,Sport,,80,7500
2024-09-14,Daedalus,5.12b/c,,https://www.mountainproject.com/route/119168667/daedalus,1,"Colorado > South Platte > Staunton State Park > Staunton Rocks > The Dungeon",3.4,-1,Lead,Fell/Hung,Sport,,90,7100
2024-09-14,"Implements of Destruction",5.10+,"Roped solo",https://www.mountainproject.com/route/112101352/implements-of-destruction,1,"Colorado > South Platte > Staunton State Park > Staunton Rocks > The Dungeon",3.0,-1,Lead,Onsight,Sport,,85,3300
2024-09-08,Unknown,5.11c/d,,https://www.mountainproject.com/route/116986986/unknown,1,"Colorado > Colorado Springs > North Cheyenne Canyon > The Amphitheater",3.3,-1,TR,,Sport,,100,5400
2024-09-08,"The Disclaimer",5.11b/c,,https://www.mountainproject.com/route/105949170/the-disclaimer,1,"Colorado > Colorado Springs > North Cheyenne Canyon > The Amphitheater",3.6,-1,TR,,Sport,,80,5100
2024-09-08,"Crickets in the Cabbage",5.10d,,https://www.mountainproject.com/route/105949167/crickets-in-the-cabbage,1,"Colorado > Colorado Springs > North Cheyenne Canyon > The Amphitheater",2.9,-1,TR,,Sport,,80,3500
2024-09-08,"Crickets in the Cabbage",5.10d,"Roped solo",https://www.mountainproject.com/route/105949167/crickets-in-the-cabbage,1,"Colorado > Colorado Springs > North Cheyenne Canyon > The Amphitheater",2.9,-1,Lead,Fell/Hung,Sport,,80,3500
2024-09-02,"The Full Male Deal",5.10c,3rd,https://www.mountainproject.com/route/105760512/the-full-male-deal,2,"Colorado > Colorado Springs > North Cheyenne Canyon > The Amphitheater",2.7,-1,TR,,Sport,,190,3200
2024-09-02,"The Full Male Deal",5.10c,2nd,https://www.mountainproject.com/route/105760512/the-full-male-deal,2,"Colorado > Colorado Springs > North Cheyenne Canyon > The Amphitheater",2.7,-1,TR,,Sport,,190,3200
2024-09-02,"The Full Male Deal",5.10c,"Roped solo",https://www.mountainproject.com/route/105760512/the-full-male-deal,2,"Colorado > Colorado Springs > North Cheyenne Canyon > The Amphitheater",2.7,-1,Lead,Redpoint,Sport,,190,3200
2024-09-01,"Saw Monster",5.11a,"Roped solo, 1st pitch only, stick clipped 2nd bolt",https://www.mountainproject.com/route/121237511/saw-monster,1,"Colorado > South Platte > Staunton State Park > Old Mill Area > Sawmill Crag > 2. Sawmill  Wall",2.9,-1,Lead,Onsight,Sport,,160,4600
2024-09-01,"Studebaker, Makita, and Bosch",5.11a,"Roped solo",https://www.mountainproject.com/route/122014170/studebaker-makita-and-bosch,1,"Colorado > South Platte > Staunton State Park > Old Mill Area > Sawmill Crag > 2. Sawmill  Wall",3.2,-1,Lead,Onsight,Sport,,100,4600
2024-09-01,"The Ripping",5.11d,,https://www.mountainproject.com/route/122014099/the-ripping,1,"Colorado > South Platte > Staunton State Park > Old Mill Area > Sawmill Crag > 2. Sawmill  Wall",2.6,-1,TR,,Sport,,100,5500
2024-09-01,"Draw Your Sword",5.11c,"Fell / hung, still couldn't pull it on TR, height dependent",https://www.mountainproject.com/route/122014150/draw-your-sword,1,"Colorado > South Platte > Staunton State Park > Old Mill Area > Sawmill Crag > 2. Sawmill  Wall",2.5,-1,TR,,Sport,,100,5200
2024-09-01,"Draw Your Sword",5.11c,"Roped solo, height dependent crux",https://www.mountainproject.com/route/122014150/draw-your-sword,1,"Colorado > South Platte > Staunton State Park > Old Mill Area > Sawmill Crag > 2. Sawmill  Wall",2.5,-1,Lead,Fell/Hung,Sport,,100,5200
2024-09-01,"Run of the Mill",5.10d,"Roped solo",https://www.mountainproject.com/route/122014184/run-of-the-mill,1,"Colorado > South Platte > Staunton State Park > Old Mill Area > Sawmill Crag > 2. Sawmill  Wall",2.3,-1,Lead,Onsight,Sport,,90,3500
2024-09-01,Rosewood,5.10b/c,"Roped solo",https://www.mountainproject.com/route/121201172/rosewood,1,"Colorado > South Platte > Staunton State Park > Old Mill Area > Sawmill Crag > 2. Sawmill  Wall",3.4,4,Lead,Onsight,Sport,,90,3100
2024-08-25,Procrastinator,5.10b,,https://www.mountainproject.com/route/112159643/procrastinator,1,"Colorado > South Platte > Devil's Head > Recovery Wall",3.7,-1,Lead,Redpoint,Sport,,80,2900
2024-08-25,"Time Warp",5.10d,,https://www.mountainproject.com/route/117619170/time-warp,10,"Colorado > South Platte > Devil's Head > Devil's Head Rock",3.5,4,Lead,Redpoint,Sport,,680,3500
2024-08-18,Hogtied,5.10-,,https://www.mountainproject.com/route/125925229/hogtied,1,"Colorado > Colorado Springs > Bear Creek Cañon Park > The Pigtail",2.5,-1,Lead,Redpoint,Sport,,45,2700
2024-08-18,"Hog Wild",5.9+,,https://www.mountainproject.com/route/125660649/hog-wild,1,"Colorado > Colorado Springs > Bear Creek Cañon Park > Dakota Hogback (submitted as Bear Canyon)",2.7,2,Lead,Redpoint,Sport,5.9-,55,2500
2024-08-18,"When Pigs Fly",5.9-,,https://www.mountainproject.com/route/125619729/when-pigs-fly,1,"Colorado > Colorado Springs > Bear Creek Cañon Park > Dakota Hogback (submitted as Bear Canyon)",2.7,-1,Lead,Onsight,Sport,,60,2300
2024-08-18,Warthog,5.11-,,https://www.mountainproject.com/route/125724185/warthog,1,"Colorado > Colorado Springs > Bear Creek Cañon Park > Dakota Hogback (submitted as Bear Canyon)",3.0,2,TR,Redpoint,Sport,,55,4700
2024-08-18,Warthog,5.11-,,https://www.mountainproject.com/route/125724185/warthog,1,"Colorado > Colorado Springs > Bear Creek Cañon Park > Dakota Hogback (submitted as Bear Canyon)",3.0,2,Lead,Redpoint,Sport,,55,4700
2024-08-18,"Hog Heaven",5.9,,https://www.mountainproject.com/route/125598738/hog-heaven,1,"Colorado > Colorado Springs > Bear Creek Cañon Park > Dakota Hogback (submitted as Bear Canyon)",3.1,-1,Lead,Redpoint,Sport,,60,2400
2024-08-18,"DH Rightmost",5.9,,https://www.mountainproject.com/route/125505505/dh-rightmost,1,"Colorado > Colorado Springs > Bear Creek Cañon Park > Dakota Hogback (submitted as Bear Canyon)",2.8,-1,Lead,Redpoint,Sport,,60,2400
2024-08-18,"Dakota Righthand (submitted as Sunday Morning Brunch 1)",5.6,,https://www.mountainproject.com/route/122102964/dakota-righthand-submitted-as-sunday-morning-brunch-1,1,"Colorado > Colorado Springs > Bear Creek Cañon Park > Dakota Hogback (submitted as Bear Canyon)",2.9,-1,Lead,Onsight,Sport,,60,1600
2024-08-10,"Time Stands Still",5.10b,"Soloed 1,2,5,6",https://www.mountainproject.com/route/115391614/time-stands-still,7,"Colorado > South Platte > Devil's Head > Devil's Head Rock",3.4,3,Lead,Redpoint,Sport,,,2900
2024-08-04,"Hell's Heartbreaker",5.12b,,https://www.mountainproject.com/route/110344968/hells-heartbreaker,1,"Colorado > South Platte > Devil's Head > Devil's Gate Sector > Devil's Gate",3.4,-1,Lead,Redpoint,Sport,,80,6900
2024-08-04,"Hell's Heartbreaker",5.12b,,https://www.mountainproject.com/route/110344968/hells-heartbreaker,1,"Colorado > South Platte > Devil's Head > Devil's Gate Sector > Devil's Gate",3.4,-1,Lead,Fell/Hung,Sport,,80,6900
2024-08-04,"Devil Dog",5.11b,,https://www.mountainproject.com/route/110344979/devil-dog,1,"Colorado > South Platte > Devil's Head > Devil's Gate Sector > Devil's Gate",3.8,-1,Lead,Onsight,Sport,,80,4900
2024-08-04,"Surfing with the Devil",5.11b,,https://www.mountainproject.com/route/110345427/surfing-with-the-devil,1,"Colorado > South Platte > Devil's Head > Devil's Gate Sector > Devil's Gate",2.8,-1,Lead,Onsight,Sport,,60,4900
2024-08-03,"Three Bite Burrito",5.11a,"Roped solo",https://www.mountainproject.com/route/111971153/three-bite-burrito,1,"Colorado > South Platte > Staunton State Park > Staunton Rocks > Meadow Dome > Tan Corridor > Upper Tan Corridor",2.6,-1,Lead,Redpoint,Sport,,70,4600
2024-08-03,"Ddong Chim!",5.11b,,https://www.mountainproject.com/route/109210084/ddong-chim,1,"Colorado > South Platte > Staunton State Park > Staunton Rocks > Meadow Dome > Tan Corridor > Upper Tan Corridor",3.7,-1,Lead,Redpoint,Sport,,65,4900
2024-08-03,"Ddong Chim!",5.11b,"Roped solo",https://www.mountainproject.com/route/109210084/ddong-chim,1,"Colorado > South Platte > Staunton State Park > Staunton Rocks > Meadow Dome > Tan Corridor > Upper Tan Corridor",3.7,-1,Lead,Redpoint,Sport,,65,4900
2024-08-03,"No Opportunity Missed",5.11-,"Roped solo",https://www.mountainproject.com/route/109209914/no-opportunity-missed,1,"Colorado > South Platte > Staunton State Park > Staunton Rocks > Meadow Dome > Tan Corridor > Upper Tan Corridor",3.4,-1,Lead,Redpoint,Sport,,70,4700
2024-08-03,"No Rain",5.10+,"Roped solo",https://www.mountainproject.com/route/108182590/no-rain,1,"Colorado > South Platte > Staunton State Park > Staunton Rocks > Meadow Dome > Tan Corridor > Upper Tan Corridor",2.8,-1,Lead,Redpoint,Sport,,70,3300
2024-08-03,"80 Grit",5.10b/c,"Roped solo",https://www.mountainproject.com/route/108161029/80-grit,1,"Colorado > South Platte > Staunton State Park > Staunton Rocks > Meadow Dome > Tan Corridor > Upper Tan Corridor",2.6,-1,Lead,Redpoint,Sport,,95,3100
2024-08-03,"Ginger Snap",5.10a,"Roped solo",https://www.mountainproject.com/route/108152226/ginger-snap,1,"Colorado > South Platte > Staunton State Park > Staunton Rocks > Meadow Dome > Tan Corridor > Upper Tan Corridor",2.8,-1,Lead,Redpoint,Sport,,60,2600
2024-08-03,"Reef On It!",5.10-,"Roped solo",https://www.mountainproject.com/route/108152210/reef-on-it,1,"Colorado > South Platte > Staunton State Park > Staunton Rocks > Meadow Dome > Tan Corridor > Upper Tan Corridor",3.4,-1,Lead,Redpoint,Sport,,60,2700
2024-08-03,"The Opportunist",5.11a,"Roped solo",https://www.mountainproject.com/route/108151365/the-opportunist,1,"Colorado > South Platte > Staunton State Park > Staunton Rocks > Meadow Dome > Tan Corridor > Upper Tan Corridor",3.6,-1,Lead,Redpoint,Sport,,80,4600
2024-07-28,"Trooper Traverse","5.8 PG13",,https://www.mountainproject.com/route/105888002/trooper-traverse,4,"Colorado > Independence Pass > Monitor Rock > 3. Trailhead Wall",2.8,-1,Lead,Redpoint,Trad,,400,2100
2024-07-27,"Twin Flakes",5.10b,,https://www.mountainproject.com/route/105855622/twin-flakes,1,"Colorado > Independence Pass > Monitor Rock > 5. Iron Side Wall",2.8,-1,Lead,Onsight,Sport,,80,2900
2024-07-27,"Black Cloud",5.11d,,https://www.mountainproject.com/route/107169109/black-cloud,1,"Colorado > Independence Pass > Monitor Rock > 5. Iron Side Wall",3.1,-1,Lead,Redpoint,Sport,,50,5500
2024-07-27,"Heinous Cling",5.11d,,https://www.mountainproject.com/route/110710168/heinous-cling,1,"Colorado > Independence Pass > Monitor Rock > 4b. Iron Stone Wall",4.0,-1,Lead,Onsight,Sport,,110,5500
2024-07-27,"Silver Queen",5.10a,,https://www.mountainproject.com/route/105847676/silver-queen,1,"Colorado > Independence Pass > Monitor Rock > 4b. Iron Stone Wall",2.7,-1,Lead,Onsight,Sport,,80,2600
2024-07-27,"Grave Line",5.10a,,https://www.mountainproject.com/route/105754828/grave-line,1,"Colorado > Independence Pass > Monitor Rock > 4. Boulder Wall",2.6,-1,Lead,Onsight,Sport,,,2600
2024-07-27,"Squid Kid",5.10a,,https://www.mountainproject.com/route/105755872/squid-kid,1,"Colorado > Independence Pass > Monitor Rock > 3. Trailhead Wall",3.5,-1,Lead,Onsight,Sport,,120,2600
2024-07-27,"Rad Lad",5.11b/c,,https://www.mountainproject.com/route/107190399/rad-lad,1,"Colorado > Independence Pass > Monitor Rock > 3. Trailhead Wall",3.2,-1,Lead,Onsight,Sport,,115,5100
2024-07-14,"Last Chance",5.11b,,https://www.mountainproject.com/route/105754825/last-chance,1,"Colorado > Independence Pass > Monitor Rock > 5. Iron Side Wall",3.8,-1,Lead,Redpoint,Sport,,125,4900
2024-07-14,"Red Dawn",5.11b,,https://www.mountainproject.com/route/107231623/red-dawn,1,"Colorado > Independence Pass > Monitor Rock > 5. Iron Side Wall",3.2,-1,Lead,Redpoint,Sport,,70,4900
2024-07-14,"Glory Hole",5.12a,,https://www.mountainproject.com/route/105757066/glory-hole,1,"Colorado > Independence Pass > Monitor Rock > 5. Iron Side Wall",2.7,-1,Lead,Fell/Hung,Sport,,40,6600
2024-07-14,"Black Cloud",5.11d,,https://www.mountainproject.com/route/107169109/black-cloud,1,"Colorado > Independence Pass > Monitor Rock > 5. Iron Side Wall",3.1,-1,Lead,Redpoint,Sport,,50,5500
2024-07-13,"Little Flatulence",5.8+,,https://www.mountainproject.com/route/105762807/little-flatulence,1,"Colorado > Independence Pass > Monitor Rock > 1. Butt Wall",2.2,-1,Lead,Onsight,Sport,,,2200
2024-07-13,Broomhillda,5.10c,,https://www.mountainproject.com/route/105755155/broomhillda,1,"Colorado > Independence Pass > Monitor Rock > 1. Butt Wall",1.9,-1,Lead,Onsight,Sport,,,3200
2024-07-13,Matillda,5.10b,,https://www.mountainproject.com/route/105757249/matillda,1,"Colorado > Independence Pass > Monitor Rock > 1. Butt Wall",2.3,-1,Lead,Onsight,Sport,,90,2900
2024-07-13,"The Nose",5.6,,https://www.mountainproject.com/route/106007361/the-nose,1,"Colorado > Independence Pass > Monitor Rock > 1. Butt Wall",2.6,-1,Lead,Redpoint,Trad,,700,1600
2024-07-07,"Wet Dream",5.12a,"Straight up the slab is easier",https://www.mountainproject.com/route/105748415/wet-dream,1,"Colorado > Golden > Clear Creek Canyon > Wall of the '90s",3.7,-1,Lead,Redpoint,Sport,,105,6600
2024-07-07,"Wet Dream",5.12a,"1st try",https://www.mountainproject.com/route/105748415/wet-dream,1,"Colorado > Golden > Clear Creek Canyon > Wall of the '90s",3.7,-1,Lead,Fell/Hung,Sport,,105,6600
2024-07-07,Curvaceous,5.11b,,https://www.mountainproject.com/route/105750487/curvaceous,1,"Colorado > Golden > Clear Creek Canyon > Wall of the '90s",3.6,-1,Lead,Redpoint,Sport,,100,4900
2024-07-07,"Reefer Madness",5.11a,,https://www.mountainproject.com/route/105748397/reefer-madness,1,"Colorado > Golden > Clear Creek Canyon > Wall of the '90s",3.1,-1,Lead,Redpoint,Sport,,60,4600
2024-07-07,"Little Kitten",5.10b/c,,https://www.mountainproject.com/route/105760011/little-kitten,1,"Colorado > Golden > Clear Creek Canyon > Wall of the '90s",2.3,-1,Lead,Redpoint,Sport,,80,3100
2024-07-06,"Dave's Dilemma",5.11a,,https://www.mountainproject.com/route/105749629/daves-dilemma,1,"Colorado > South Platte > Devil's Head > The Crimpfest Wall",3.6,-1,Lead,Redpoint,"Trad, Sport",,100,4600
2024-07-06,"The Entourage",5.11a,,https://www.mountainproject.com/route/105749476/the-entourage,1,"Colorado > South Platte > Devil's Head > The Crimpfest Wall",2.9,-1,Lead,Redpoint,Sport,,,4600
2024-07-06,Crimpfest,5.12a,"Dead point to left side pull at 5th bolt.  Worth doing it that way for short person even if have to down clip the 6th bolt (or even skip the 6th bolt) while hanging draws, or use double draw on 6th bolt to clip before making the move.",https://www.mountainproject.com/route/105754336/crimpfest,1,"Colorado > South Platte > Devil's Head > The Crimpfest Wall",3.9,-1,Lead,Redpoint,Sport,,,6600
2024-07-06,Crimpfest,5.12a,"2nd try, found dead point to left side pull at 5th bolt",https://www.mountainproject.com/route/105754336/crimpfest,1,"Colorado > South Platte > Devil's Head > The Crimpfest Wall",3.9,-1,Lead,Fell/Hung,Sport,,,6600
2024-07-06,Crimpfest,5.12a,"1st try",https://www.mountainproject.com/route/105754336/crimpfest,1,"Colorado > South Platte > Devil's Head > The Crimpfest Wall",3.9,-1,Lead,Fell/Hung,Sport,,,6600
2024-07-05,Empor,5.7+,"Can do as one long pitch",https://www.mountainproject.com/route/105748142/empor,3,"Colorado > Boulder > Boulder Canyon > Cob Rock",3.1,-1,Lead,Onsight,Trad,,220,1900
2024-07-05,"Aid Crack",5.11a,,https://www.mountainproject.com/route/105748096/aid-crack,1,"Colorado > Boulder > Boulder Canyon > Cob Rock",2.7,-1,TR,,"Trad, TR",,60,4600
2024-07-05,"Aid Crack",5.11a,,https://www.mountainproject.com/route/105748096/aid-crack,1,"Colorado > Boulder > Boulder Canyon > Cob Rock",2.7,-1,Lead,Fell/Hung,"Trad, TR",,60,4600
2024-07-05,"Huston Crack",5.9,,https://www.mountainproject.com/route/105756784/huston-crack,1,"Colorado > Boulder > Boulder Canyon > Cob Rock",2.7,-1,Lead,Onsight,"Trad, TR",,50,2400
2024-07-04,Daedalus,5.12b/c,"2nd to last bolt",https://www.mountainproject.com/route/119168667/daedalus,1,"Colorado > South Platte > Staunton State Park > Staunton Rocks > The Dungeon",3.4,-1,Lead,Fell/Hung,Sport,,90,7100
2024-07-04,"Iceberg Theory",5.10a/b,,https://www.mountainproject.com/route/125854547/iceberg-theory,1,"Colorado > South Platte > Staunton State Park > Staunton Rocks > Meadow Dome > Hemingway Wall",2.0,-1,Lead,Redpoint,Sport,,60,2800
2024-07-04,"Backdoor Man",5.12a,,https://www.mountainproject.com/route/112095476/backdoor-man,1,"Colorado > South Platte > Staunton State Park > Staunton Rocks > The Dungeon",3.5,-1,Lead,Onsight,Sport,,80,6600
2024-07-04,"Waiting for the Sun",5.12a,"2nd try",https://www.mountainproject.com/route/117406623/waiting-for-the-sun,1,"Colorado > South Platte > Staunton State Park > Staunton Rocks > The Dungeon",2.8,-1,Lead,Fell/Hung,Sport,,60,6600
2024-07-04,"Light My Fire",5.12a,,https://www.mountainproject.com/route/114441945/light-my-fire,1,"Colorado > South Platte > Staunton State Park > Staunton Rocks > The Dungeon",3.8,-1,Lead,Onsight,Sport,,80,6600
2024-07-04,"Waiting for the Sun",5.12a,"1st try",https://www.mountainproject.com/route/117406623/waiting-for-the-sun,1,"Colorado > South Platte > Staunton State Park > Staunton Rocks > The Dungeon",2.8,-1,Lead,Fell/Hung,Sport,,60,6600
2024-07-04,"Ddong Chim!",5.11b,,https://www.mountainproject.com/route/109210084/ddong-chim,1,"Colorado > South Platte > Staunton State Park > Staunton Rocks > Meadow Dome > Tan Corridor > Upper Tan Corridor",3.7,-1,Lead,Redpoint,Sport,,65,4900
2024-07-04,"Reef On It!",5.10-,,https://www.mountainproject.com/route/108152210/reef-on-it,1,"Colorado > South Platte > Staunton State Park > Staunton Rocks > Meadow Dome > Tan Corridor > Upper Tan Corridor",3.4,-1,Lead,Redpoint,Sport,,60,2700
2024-06-30,"Mind Yer Business",5.11d,,https://www.mountainproject.com/route/122410270/mind-yer-business,1,"Colorado > Boulder > Boulder Canyon > Mountain Rose",2.0,-1,Lead,Fell/Hung,Sport,,50,5500
2024-06-30,"Golden Rose",5.11d,11c,https://www.mountainproject.com/route/105762747/golden-rose,1,"Colorado > Boulder > Boulder Canyon > Mountain Rose",2.5,-1,Lead,Onsight,Sport,5.11c,60,5500
2024-06-30,"Coming Up Roses",5.9,,https://www.mountainproject.com/route/112001348/coming-up-roses,1,"Colorado > Boulder > Boulder Canyon > Mountain Rose",1.8,-1,Lead,Onsight,Sport,,70,2400
2024-06-30,"Yellow Tail",5.11+,,https://www.mountainproject.com/route/106135320/yellow-tail,1,"Colorado > Boulder > Boulder Canyon > Mountain Rose",1.8,-1,Lead,Redpoint,Sport,,50,5300
2024-06-30,"Yellow Tail",5.11+,2nd,https://www.mountainproject.com/route/106135320/yellow-tail,1,"Colorado > Boulder > Boulder Canyon > Mountain Rose",1.8,-1,Lead,Fell/Hung,Sport,,50,5300
2024-06-30,"Yellow Tail",5.11+,1st,https://www.mountainproject.com/route/106135320/yellow-tail,1,"Colorado > Boulder > Boulder Canyon > Mountain Rose",1.8,-1,Lead,Fell/Hung,Sport,,50,5300
2024-06-30,"Steel Pulse",5.11b/c,,https://www.mountainproject.com/route/110337666/steel-pulse,1,"Colorado > Boulder > Boulder Canyon > Mountain Rose",2.4,-1,Lead,Onsight,Sport,,60,5100
2024-06-30,"Short Sport Route",5.11a,,https://www.mountainproject.com/route/109210911/short-sport-route,1,"Colorado > Boulder > Boulder Canyon > Mountain Rose",1.2,-1,Lead,Onsight,Sport,5.10+,30,4600
2024-06-30,"Big Tuna",5.11a,,https://www.mountainproject.com/route/107681602/big-tuna,1,"Colorado > Boulder > Boulder Canyon > Mountain Rose",2.4,-1,Lead,Onsight,Sport,,,4600
2024-06-29,"Wishbone Dihedral",5.11,,https://www.mountainproject.com/route/106895231/wishbone-dihedral,1,"Colorado > South Platte > Devil's Head > Chicken Head Ranch",3.7,-1,Lead,Onsight,Sport,,80,5000
2024-06-29,"Beaks and Feet",5.9+,,https://www.mountainproject.com/route/106905343/beaks-and-feet,1,"Colorado > South Platte > Devil's Head > Chicken Head Ranch",2.7,-1,Lead,Onsight,Sport,,,2500
2024-06-29,"Chicken Little",5.6,,https://www.mountainproject.com/route/113525250/chicken-little,1,"Colorado > South Platte > Devil's Head > Chicken Head Ranch",1.7,-1,Solo,,Sport,,80,1600
2024-06-29,"Thunder Chicken",5.7,,https://www.mountainproject.com/route/109337729/thunder-chicken,1,"Colorado > South Platte > Devil's Head > Chicken Head Ranch",2.2,-1,Solo,,Sport,,90,1800
2024-06-29,"Chicken Spit",5.6,,https://www.mountainproject.com/route/109333500/chicken-spit,1,"Colorado > South Platte > Devil's Head > Chicken Head Ranch",1.9,-1,Solo,,Sport,,95,1600
2024-06-24,"Bay of Pigs",5.10a,"Roped solo",https://www.mountainproject.com/route/125925170/bay-of-pigs,1,"Colorado > Colorado Springs > Bear Creek Cañon Park > The Pigtail",2.8,2,Lead,Onsight,Sport,,45,2600
2024-06-24,"War Pigs",5.9,"Roped solo",https://www.mountainproject.com/route/125925053/war-pigs,1,"Colorado > Colorado Springs > Bear Creek Cañon Park > The Pigtail",2.7,3,Lead,Onsight,Sport,,45,2400
2024-06-23,"High on the Hog",5.6,,https://www.mountainproject.com/route/125505448/high-on-the-hog,1,"Colorado > Colorado Springs > Bear Creek Cañon Park > Dakota Hogback (submitted as Bear Canyon)",2.3,-1,Solo,,Sport,,50,1600
2024-06-23,"Hog Heaven",5.9,,https://www.mountainproject.com/route/125598738/hog-heaven,1,"Colorado > Colorado Springs > Bear Creek Cañon Park > Dakota Hogback (submitted as Bear Canyon)",3.1,-1,Lead,Onsight,Sport,,60,2400
2024-06-23,"DH Rightmost",5.9,,https://www.mountainproject.com/route/125505505/dh-rightmost,1,"Colorado > Colorado Springs > Bear Creek Cañon Park > Dakota Hogback (submitted as Bear Canyon)",2.8,-1,Lead,Onsight,Sport,,60,2400
2024-06-23,Warthog,5.11-,,https://www.mountainproject.com/route/125724185/warthog,1,"Colorado > Colorado Springs > Bear Creek Cañon Park > Dakota Hogback (submitted as Bear Canyon)",3.0,2,Lead,Redpoint,Sport,,55,4700
2024-06-23,Warthog,5.11-,,https://www.mountainproject.com/route/125724185/warthog,1,"Colorado > Colorado Springs > Bear Creek Cañon Park > Dakota Hogback (submitted as Bear Canyon)",3.0,2,Lead,Fell/Hung,Sport,,55,4700
2024-06-23,"Hog Wild",5.9+,,https://www.mountainproject.com/route/125660649/hog-wild,1,"Colorado > Colorado Springs > Bear Creek Cañon Park > Dakota Hogback (submitted as Bear Canyon)",2.7,2,Lead,Onsight,Sport,5.9-,55,2500
2024-06-23,"Pigout Arete",5.7+,"Done as sport",https://www.mountainproject.com/route/125774097/pigout-arete,1,"Colorado > Colorado Springs > Bear Creek Cañon Park > Dakota Hogback (submitted as Bear Canyon)",2.2,-1,Lead,Onsight,Trad,5.7,60,1900
2024-06-22,Gneiss!,5.11b/c,,https://www.mountainproject.com/route/105749626/gneiss,1,"Colorado > Golden > Clear Creek Canyon > The Monkey House",3.0,-1,Lead,Redpoint,Sport,,70,5100
2024-06-22,"Monkey Bars",5.12-,,https://www.mountainproject.com/route/105750331/monkey-bars,1,"Colorado > Golden > Clear Creek Canyon > The Monkey House",2.8,-1,Lead,Fell/Hung,Sport,,80,6700
2024-06-22,"Psycho Hose Beast",5.11b,,https://www.mountainproject.com/route/105759774/psycho-hose-beast,1,"Colorado > Golden > Clear Creek Canyon > The Monkey House",2.0,-1,Lead,Redpoint,Sport,,70,4900
2024-06-22,"Pretty Woman",5.10a,,https://www.mountainproject.com/route/106274771/pretty-woman,1,"Colorado > Golden > Clear Creek Canyon > Wall of the '90s",2.8,-1,TR,,Sport,,95,2600
2024-06-22,"Pretty Woman",5.10a,,https://www.mountainproject.com/route/106274771/pretty-woman,1,"Colorado > Golden > Clear Creek Canyon > Wall of the '90s",2.8,-1,Lead,Redpoint,Sport,,95,2600
2024-06-22,Vixen,5.10c,,https://www.mountainproject.com/route/105748403/vixen,1,"Colorado > Golden > Clear Creek Canyon > Wall of the '90s",2.3,-1,Lead,Redpoint,Sport,,70,3200
2024-06-22,"Hey Good Lookin'",5.11d,,https://www.mountainproject.com/route/105750208/hey-good-lookin,2,"Colorado > Golden > Clear Creek Canyon > Wall of the '90s",2.9,-1,Lead,Fell/Hung,Sport,,140,5500
2024-06-22,Curvaceous,5.11b,,https://www.mountainproject.com/route/105750487/curvaceous,1,"Colorado > Golden > Clear Creek Canyon > Wall of the '90s",3.6,-1,Lead,Redpoint,Sport,,100,4900
2024-06-22,"Reefer Madness",5.11a,,https://www.mountainproject.com/route/105748397/reefer-madness,1,"Colorado > Golden > Clear Creek Canyon > Wall of the '90s",3.1,-1,Lead,Redpoint,Sport,,60,4600
2024-06-16,Muninn,5.8-,,https://www.mountainproject.com/route/113567793/muninn,1,"Colorado > South Platte > Staunton State Park > The Raven",2.6,-1,TR,,Sport,,90,2000
2024-06-16,"Pilgrimage to Lordran",5.9,,https://www.mountainproject.com/route/116678036/pilgrimage-to-lordran,1,"Colorado > South Platte > Staunton State Park > The Raven",2.1,-1,Lead,Onsight,Sport,,65,2400
2024-06-16,"Fight Secondary",5.11a,,https://www.mountainproject.com/route/119272713/fight-secondary,1,"Colorado > South Platte > Staunton State Park > The Raven",2.4,-1,Lead,Redpoint,Sport,,65,4600
2024-06-16,"Flight Primary",5.10c,,https://www.mountainproject.com/route/114335819/flight-primary,1,"Colorado > South Platte > Staunton State Park > The Raven",2.7,-1,Lead,Redpoint,Sport,,50,3200
2024-06-16,"Grey Jay",5.7,,https://www.mountainproject.com/route/113568854/grey-jay,1,"Colorado > South Platte > Staunton State Park > The Raven",1.9,-1,Solo,,Sport,,50,1800
2024-06-15,"Middle Meanie Crack",5.7+,,https://www.mountainproject.com/route/108118906/middle-meanie-crack,1,"Colorado > South Platte > Elevenmile Canyon > Arch Rock",2.2,-1,Lead,Onsight,Trad,,25,1900
2024-06-15,"Kansas Honey",5.9,"Roped solo",https://www.mountainproject.com/route/107699247/kansas-honey,3,"Colorado > South Platte > Elevenmile Canyon > Arch Rock",2.4,-1,Lead,Redpoint,"Trad, TR",,125,2400
2024-06-15,"Waiting on a Resolution aka Unknown","5.8 R",,https://www.mountainproject.com/route/107699220/waiting-on-a-resolution-aka-unknown,1,"Colorado > South Platte > Elevenmile Canyon > Arch Rock",2.0,-1,Lead,Redpoint,Sport,,115,2100
2024-06-15,"Dad Speaks Parley",5.10d,,https://www.mountainproject.com/route/106184232/dad-speaks-parley,1,"Colorado > South Platte > Elevenmile Canyon > Spray Wall",2.7,-1,Lead,Redpoint,Sport,,35,3500
2024-06-15,"Randy Speaks Farsi",5.11a,,https://www.mountainproject.com/route/105912801/randy-speaks-farsi,1,"Colorado > South Platte > Elevenmile Canyon > Spray Wall",3.4,-1,Lead,Redpoint,Sport,,50,4600
2024-06-15,"Arch Rock Direct","5.7 R",,https://www.mountainproject.com/route/105760452/arch-rock-direct,1,"Colorado > South Platte > Elevenmile Canyon > Arch Rock",1.9,-1,Lead,Onsight,"Trad, Sport",,120,1800
2024-06-15,"Hollow Flake",5.6,,https://www.mountainproject.com/route/105753064/hollow-flake,1,"Colorado > South Platte > Elevenmile Canyon > Arch Rock",2.9,-1,Solo,,Trad,,80,1600
2024-06-15,"The Staircase",5.5,,https://www.mountainproject.com/route/105752041/the-staircase,2,"Colorado > South Platte > Elevenmile Canyon > Arch Rock",3.1,-1,Solo,,Trad,,,1500
2024-06-08,"Ring of Fire",5.8,"Soloed pitch one, tried to avoid the rotten chimney on pitch 3 but ended up giving up on the other path and just did it.",https://www.mountainproject.com/route/123100687/ring-of-fire,3,"Colorado > Canon City > Shelf Road > Valhalla > Window Rock",2.0,1,Lead,Onsight,Trad,,450,2100
2024-06-02,"Louie Duck",5.11c,"Done as sport",https://www.mountainproject.com/route/111740985/louie-duck,1,"Colorado > South Platte > West Creek > Bird Rock > South Side",2.2,-1,Lead,Redpoint,Trad,,65,5200
2024-06-02,"Launchpad McQuack",5.11b,,https://www.mountainproject.com/route/111697632/launchpad-mcquack,1,"Colorado > South Platte > West Creek > Bird Rock > South Side",2.5,-1,Lead,Onsight,Sport,,70,4900
2024-06-02,"Gyro Gearloose",5.10b,,https://www.mountainproject.com/route/111697300/gyro-gearloose,1,"Colorado > South Platte > West Creek > Bird Rock > South Side",2.5,4,Lead,Onsight,Sport,,70,2900
2024-06-02,"Pintail Duck",5.6,,https://www.mountainproject.com/route/120218559/pintail-duck,1,"Colorado > South Platte > West Creek > Bird Rock > South Side",2.3,-1,Solo,,Trad,,60,1600
2024-06-02,"Daisy Duck",5.5,,https://www.mountainproject.com/route/111741329/daisy-duck,1,"Colorado > South Platte > West Creek > Bird Rock > South Side",2.4,-1,Solo,,Trad,,120,1500
2024-06-02,Douglas,5.6,,https://www.mountainproject.com/route/111741379/douglas,1,"Colorado > South Platte > West Creek > Bird Rock > South Side",2.7,-1,Solo,,Trad,,105,1600
2024-06-01,"Left Handed Jew",5.7+,,https://www.mountainproject.com/route/105749284/left-handed-jew,1,"Colorado > South Platte > Turkey Rocks > Turkey Perch",3.2,-1,Lead,Redpoint,"Trad, TR",,70,1900
2024-06-01,"Stiff, Little Fingers",5.12a,Hung,https://www.mountainproject.com/route/105999171/stiff-little-fingers,1,"Colorado > South Platte > Turkey Rocks > Turkey Perch",3.0,-1,TR,,Sport,,,6600
2024-06-01,"Easy Chimney",5.6,,https://www.mountainproject.com/route/105829506/easy-chimney,1,"Colorado > South Platte > Turkey Rocks > Turkey Perch",2.0,-1,Lead,Redpoint,Trad,,70,1600
2024-06-01,"Honky Jam Ass Crack",5.7,Third,https://www.mountainproject.com/route/105750361/honky-jam-ass-crack,1,"Colorado > South Platte > Turkey Rocks > Turkey Perch",2.8,-1,Solo,,"Trad, TR",,,1800
2024-06-01,"Honky Jam Ass Crack",5.7,Second,https://www.mountainproject.com/route/105750361/honky-jam-ass-crack,1,"Colorado > South Platte > Turkey Rocks > Turkey Perch",2.8,-1,Solo,,"Trad, TR",,,1800
2024-06-01,"Honky Jam Ass Crack",5.7,First,https://www.mountainproject.com/route/105750361/honky-jam-ass-crack,1,"Colorado > South Platte > Turkey Rocks > Turkey Perch",2.8,-1,Solo,,"Trad, TR",,,1800
2024-06-01,Steppenwolf,5.9,"Off-width move got me",https://www.mountainproject.com/route/105749686/steppenwolf,1,"Colorado > South Platte > Turkey Rocks > Turkey Perch",3.2,-1,Lead,Fell/Hung,Trad,,,2400
2024-05-27,"Lamb of Cheese",5.10b/c,,https://www.mountainproject.com/route/122505271/lamb-of-cheese,1,"Wyoming > Ten Sleep Canyon > Dry Wall > 03. Cheese Roof",3.0,-1,Lead,Onsight,Sport,,60,3100
2024-05-27,"Heavens to Mergatroid",5.9,,https://www.mountainproject.com/route/113456824/heavens-to-mergatroid,1,"Wyoming > Ten Sleep Canyon > Dry Wall > 09. The Lunar Surface",2.7,-1,Lead,Onsight,Sport,,85,2400
2024-05-27,"Ride the Shark",5.10b/c,,https://www.mountainproject.com/route/110803340/ride-the-shark,2,"Wyoming > Ten Sleep Canyon > Dry Wall > 09. The Lunar Surface",3.3,-1,Lead,Onsight,Sport,,145,3100
2024-05-27,"Who Dunnit?",5.10c,,https://www.mountainproject.com/route/109477177/who-dunnit,1,"Wyoming > Ten Sleep Canyon > Dry Wall > 03. Cheese Roof",3.4,4,Lead,Redpoint,Sport,,95,3200
2024-05-26,Gout,5.11-,,https://www.mountainproject.com/route/120996749/gout,1,"Wyoming > Ten Sleep Canyon > Dry Wall > 05. The Weasel Corner",3.2,4,Lead,Redpoint,Sport,5.11a,70,4700
2024-05-26,"Shoulda Stopped at One",5.10+,,https://www.mountainproject.com/route/111310117/shoulda-stopped-at-one,1,"Wyoming > Ten Sleep Canyon > Dry Wall > 08. After 5 Crag",2.8,-1,Lead,Onsight,Sport,,40,3300
2024-05-26,"BBQ Buddies Control the Cosmos",5.10b,"Celtic corner ",https://www.mountainproject.com/route/108351518/bbq-buddies-control-the-cosmos,1,"Wyoming > Ten Sleep Canyon > Dry Wall > 08. After 5 Crag",3.7,-1,Lead,Onsight,Sport,,100,2900
2024-05-26,"BBQ Buddies Control the Cosmos",5.10b,,https://www.mountainproject.com/route/108351518/bbq-buddies-control-the-cosmos,1,"Wyoming > Ten Sleep Canyon > Dry Wall > 08. After 5 Crag",3.7,-1,Lead,Onsight,Sport,,100,2900
2024-05-26,"Whisky Gina",5.12-,"One hung",https://www.mountainproject.com/route/108168303/whisky-gina,1,"Wyoming > Ten Sleep Canyon > Dry Wall > 08. After 5 Crag",3.8,-1,Lead,Fell/Hung,Sport,,95,6700
2024-05-26,Plinko,5.10a/b,,https://www.mountainproject.com/route/108168278/plinko,1,"Wyoming > Ten Sleep Canyon > Dry Wall > 08. After 5 Crag",3.1,-1,Lead,Onsight,Sport,,70,2800
2024-05-25,"Trad Dad Destroyer",5.10c,,https://www.mountainproject.com/route/115154246/trad-dad-destroyer,1,"Wyoming > Ten Sleep Canyon > Mondo Beyondo > Metropolis",3.0,-1,Lead,Onsight,Sport,,60,3200
2024-05-25,Judas,"5.10b PG13","Very dirty ",https://www.mountainproject.com/route/114984658/judas,1,"Wyoming > Ten Sleep Canyon > Mondo Beyondo > Metropolis",2.0,1,Lead,Onsight,Sport,,60,2900
2024-05-25,"Jesus Christ Super Jew",5.11b,,https://www.mountainproject.com/route/107255874/jesus-christ-super-jew,1,"Wyoming > Ten Sleep Canyon > Mondo Beyondo > Metropolis",3.4,-1,Lead,Onsight,Sport,,90,4900
2024-05-25,"Number One Enemy (AKA: Popsicle Sandwich)",5.11a,,https://www.mountainproject.com/route/107181611/number-one-enemy-aka-popsicle-sandwich,1,"Wyoming > Ten Sleep Canyon > Mondo Beyondo > Downpour Wall",3.0,-1,Lead,Onsight,Sport,,70,4600
2024-05-25,Luthor,5.9+,,https://www.mountainproject.com/route/106244827/luthor,1,"Wyoming > Ten Sleep Canyon > Mondo Beyondo > Metropolis",2.9,-1,Lead,Onsight,Sport,,60,2500
2024-05-24,Stabyhound,5.9,,https://www.mountainproject.com/route/116089602/stabyhound,1,"Wyoming > Ten Sleep Canyon > Hound Dog Crag",2.9,-1,Lead,Onsight,Sport,,,2400
2024-05-24,Labradoodle,5.8,,https://www.mountainproject.com/route/110537560/labradoodle,1,"Wyoming > Ten Sleep Canyon > Hound Dog Crag",2.5,-1,Lead,Onsight,Sport,,50,2100
2024-05-24,Banga,5.11b/c,,https://www.mountainproject.com/route/107771954/banga,1,"Wyoming > Ten Sleep Canyon > Hound Dog Crag",3.5,-1,Lead,Onsight,Sport,,90,5100
2024-05-24,"Big Bear Memorial",5.10b,,https://www.mountainproject.com/route/107199072/big-bear-memorial,1,"Wyoming > Ten Sleep Canyon > Hound Dog Crag",3.7,-1,Lead,Redpoint,Sport,,100,2900
2024-05-24,"Death Flake from HELL",5.10a,,https://www.mountainproject.com/route/106818379/death-flake-from-hell,1,"Wyoming > Ten Sleep Canyon > Wall of Denial",3.5,-1,Lead,Redpoint,Sport,,90,2600
2024-05-24,"Nine Pins",5.10b/c,,https://www.mountainproject.com/route/106241978/nine-pins,1,"Wyoming > Ten Sleep Canyon > Wall of Denial",2.4,-1,Lead,Redpoint,Sport,,80,3100
2024-05-24,"Save The Best For Last",5.11b,,https://www.mountainproject.com/route/106198609/save-the-best-for-last,1,"Wyoming > Ten Sleep Canyon > Wall of Denial",3.3,-1,Lead,Redpoint,Sport,,90,4900
2024-05-23,"Danger Bird",5.10a,,https://www.mountainproject.com/route/121974845/danger-bird,1,"Wyoming > Lander Area > Sinks Canyon > Fairfield Hill > 1. Fairfield East > 2. Sex God Wall",2.4,-1,Lead,Onsight,Sport,,55,2600
2024-05-23,"Blue Condition",5.9,,https://www.mountainproject.com/route/118638096/blue-condition,1,"Wyoming > Lander Area > Sinks Canyon > Fairfield Hill > 1. Fairfield East > 2. Sex God Wall",2.3,-1,Lead,Onsight,Sport,,35,2400
2024-05-23,"Say Hello to Geronimo",5.10b,,https://www.mountainproject.com/route/107069482/say-hello-to-geronimo,1,"Wyoming > Lander Area > Sinks Canyon > Fairfield Hill > 1. Fairfield East > 2. Sex God Wall",2.8,-1,Lead,Onsight,Sport,,50,2900
2024-05-19,"The Messenger",5.8,,https://www.mountainproject.com/route/111139378/the-messenger,2,"Colorado > South Platte > Elevenmile Canyon > Messenger Wall",1.5,-1,Solo,,Trad,,210,2100
2024-05-18,"Village Idiot",5.11b,,https://www.mountainproject.com/route/105753565/village-idiot,1,"Colorado > Canon City > Shelf Road > Sand Gulch > Free Form Wall",2.6,-1,Lead,Fell/Hung,Sport,,30,4900
2024-05-18,"Bourgeois Belay Dogs",5.10b,,https://www.mountainproject.com/route/105749920/bourgeois-belay-dogs,1,"Colorado > Canon City > Shelf Road > Sand Gulch > Free Form Wall",2.5,-1,Lead,Redpoint,Sport,,,2900
2024-05-18,"Partners in Crime",5.11c,"Cheated big move and rest was fine.  Try left hand under clean, cross up right into the mono, unwind as you bump up right.",https://www.mountainproject.com/route/105749926/partners-in-crime,1,"Colorado > Canon City > Shelf Road > Sand Gulch > Free Form Wall",3.4,-1,Lead,Fell/Hung,Sport,,60,5200
2024-05-18,"Pedestrian Gene Pool",5.11a/b,,https://www.mountainproject.com/route/105753562/pedestrian-gene-pool,1,"Colorado > Canon City > Shelf Road > Sand Gulch > Free Form Wall",3.0,-1,Lead,Redpoint,Sport,,,4800
2024-05-18,"No Vacancy (submitted as No Math Required)",5.11-,,https://www.mountainproject.com/route/107711074/no-vacancy-submitted-as-no-math-required,1,"Colorado > Canon City > Shelf Road > Sand Gulch > Free Form Wall",2.4,-1,Lead,Redpoint,Sport,,60,4700
2024-05-18,Suburbia,5.10b/c,,https://www.mountainproject.com/route/105749122/suburbia,1,"Colorado > Canon City > Shelf Road > Sand Gulch > Contest Wall",3.4,-1,Lead,Redpoint,Sport,,,3100
2024-05-18,"The Dune",5.10a,,https://www.mountainproject.com/route/105756946/the-dune,1,"Colorado > Canon City > Shelf Road > Sand Gulch > Contest Wall",2.0,-1,Lead,Redpoint,Sport,,70,2600
2024-05-05,"Left Long Moderate Dihedral (originally submitted as Crack Swindler)",5.7,,https://www.mountainproject.com/route/107256918/left-long-moderate-dihedral-originally-submitted-as-crack-swindler,1,"Colorado > Golden > Clear Creek Canyon > High Wire Crag",2.0,-1,Solo,,Trad,,100,1800
2024-05-05,"Road Rash Roof",5.12a,"Match hands under roof, spin right and lead with the heel hook at the lip.",https://www.mountainproject.com/route/105750427/road-rash-roof,1,"Colorado > Golden > Clear Creek Canyon > High Wire Crag",2.8,-1,Lead,Fell/Hung,Sport,,100,6600
2024-05-05,"Road Rash Roof",5.12a,,https://www.mountainproject.com/route/105750427/road-rash-roof,1,"Colorado > Golden > Clear Creek Canyon > High Wire Crag",2.8,-1,Lead,Fell/Hung,Sport,,100,6600
2024-05-05,Overpass,5.11c,,https://www.mountainproject.com/route/105750574/overpass,1,"Colorado > Golden > Clear Creek Canyon > High Wire Crag",2.2,-1,Lead,Redpoint,"Sport, TR",,,5200
2024-05-05,"People's Choice",5.10,,https://www.mountainproject.com/route/105749446/peoples-choice,4,"Colorado > Golden > Clear Creek Canyon > High Wire Crag",3.2,-1,TR,,Sport,,,3000
2024-05-04,"Pink Torpedo (extension)",5.11b,,https://www.mountainproject.com/route/120268062/pink-torpedo-extension,1,"Colorado > Canon City > Shelf Road > The Bank > 01. Piggy Bank",2.4,-1,Lead,Redpoint,Sport,,80,4900
2024-05-04,"Flesh Tuxedo",5.11a,,https://www.mountainproject.com/route/106161870/flesh-tuxedo,1,"Colorado > Canon City > Shelf Road > The Bank > 01. Piggy Bank",3.1,-1,Lead,Redpoint,Sport,,70,4600
2024-05-04,"Tuff Shed (aka B&C)",5.9+,,https://www.mountainproject.com/route/107025294/tuff-shed-aka-bc,1,"Colorado > Canon City > Shelf Road > The Bank > 01. Piggy Bank",2.9,-1,Lead,Onsight,Sport,,70,2500
2024-05-04,"Piñon Slalom",5.9,,https://www.mountainproject.com/route/106994597/pinon-slalom,1,"Colorado > Canon City > Shelf Road > The Bank > 01. Piggy Bank",2.1,3,Lead,Redpoint,Sport,5.8,,2400
2024-05-04,"Unsaid, The (aka The Brothel)",5.8,,https://www.mountainproject.com/route/106994606/unsaid-the-aka-the-brothel,1,"Colorado > Canon City > Shelf Road > The Bank > 01. Piggy Bank",2.1,-1,Solo,,Sport,,,2100
2024-05-04,Heretic,5.8,,https://www.mountainproject.com/route/106990700/heretic,1,"Colorado > Canon City > Shelf Road > The Bank > 01. Piggy Bank",1.9,-1,Solo,,Sport,,60,2100
2024-05-04,Alcohollica,5.8+,,https://www.mountainproject.com/route/106990691/alcohollica,1,"Colorado > Canon City > Shelf Road > The Bank > 01. Piggy Bank",2.4,-1,Lead,Redpoint,Sport,,70,2200
2024-04-21,"The Upper Road",5.11b,"One hung the roof, hard hand switch or right bump",https://www.mountainproject.com/route/111956585/the-upper-road,1,"New Mexico > Taos Area > Red River Area > Roadside Distraction",3.5,-1,Lead,Fell/Hung,Sport,,100,4900
2024-04-21,"Roadside Distraction",5.10a,,https://www.mountainproject.com/route/106428060/roadside-distraction,1,"New Mexico > Taos Area > Red River Area > Roadside Distraction",3.3,-1,Lead,Onsight,Sport,,112,2600
2024-04-21,"Highway Men",5.10b,,https://www.mountainproject.com/route/111956648/highway-men,1,"New Mexico > Taos Area > Red River Area > Roadside Distraction",3.0,-1,Lead,Onsight,Sport,,110,2900
2024-04-21,"Middle of the Road",5.9,,https://www.mountainproject.com/route/106428092/middle-of-the-road,1,"New Mexico > Taos Area > Red River Area > Roadside Distraction",2.6,-1,Lead,Onsight,Sport,,60,2400
2024-04-20,"Bells in the Belfry",5.10c,,https://www.mountainproject.com/route/113405837/bells-in-the-belfry,1,"New Mexico > Taos Area > Tres Piedras > Middle Rock",2.3,-1,Lead,Onsight,Sport,,100,3200
2024-04-20,"Albuquerque Route",5.8+,"Done as sport",https://www.mountainproject.com/route/106198529/albuquerque-route,1,"New Mexico > Taos Area > Tres Piedras > Middle Rock",2.1,-1,Lead,Onsight,"Trad, TR",,90,2200
2024-04-20,"Mary Poppins in the Belfry",5.7,"Gave up on the solo two bolts from the top.",https://www.mountainproject.com/route/113405817/mary-poppins-in-the-belfry,1,"New Mexico > Taos Area > Tres Piedras > Middle Rock",2.4,-1,Lead,Onsight,Sport,,100,1800
2024-04-20,"Mary Poppins Ain't No Cowgirl",5.7,,https://www.mountainproject.com/route/122807257/mary-poppins-aint-no-cowgirl,1,"New Mexico > Taos Area > Tres Piedras > Middle Rock",2.4,-1,Lead,Onsight,Sport,,100,1800
2024-04-19,"Death Panels",5.10a,,https://www.mountainproject.com/route/106725436/death-panels,1,"New Mexico > Taos Area > Utopian Vistas > (L6) Mud Palace Wall",2.7,-1,Lead,Onsight,Sport,,60,2600
2024-04-19,"Discouraging Word",5.10+,,https://www.mountainproject.com/route/106725286/discouraging-word,1,"New Mexico > Taos Area > Utopian Vistas > (L7) Where the Bobbalo Roam",2.5,-1,Lead,Onsight,Sport,,65,3300
2024-04-19,"Rock Art in the Xray Style",5.9+,Chacos,https://www.mountainproject.com/route/106566707/rock-art-in-the-xray-style,1,"New Mexico > Taos Area > Utopian Vistas > (L5) Good Craic Wall",2.4,-1,TR,,Sport,,55,2500
2024-04-19,Jalamanta,5.10+,,https://www.mountainproject.com/route/106320186/jalamanta,1,"New Mexico > Taos Area > Utopian Vistas > (L5) Good Craic Wall",1.3,-1,Lead,Onsight,Sport,,60,3300
2024-04-19,"The Italian Job",5.11-,,https://www.mountainproject.com/route/106320115/the-italian-job,1,"New Mexico > Taos Area > Utopian Vistas > (L5) Good Craic Wall",2.7,-1,Lead,Onsight,Sport,,50,4700
2024-04-14,"Hidden Treasure",5.10c,,https://www.mountainproject.com/route/122160245/hidden-treasure,1,"Colorado > South Platte > Staunton State Park > Reynolds Wall > Main Wall",3.5,-1,Lead,Onsight,Sport,,90,3200
2024-04-14,Gangbusters,5.11a,"Roped solo",https://www.mountainproject.com/route/122154024/gangbusters,2,"Colorado > South Platte > Staunton State Park > Reynolds Wall > Main Wall",3.8,-1,Lead,Onsight,Sport,,180,4600
2024-04-14,"The Raid",5.11a,"Roped solo",https://www.mountainproject.com/route/122154037/the-raid,1,"Colorado > South Platte > Staunton State Park > Reynolds Wall > Main Wall",3.5,4,Lead,Onsight,Sport,5.10d,90,4600
2024-04-14,"Train Wreck",5.10b,"Roped solo",https://www.mountainproject.com/route/123533059/train-wreck,1,"Colorado > South Platte > Staunton State Park > Reynolds Wall > Left Side",2.1,-1,Lead,Onsight,Sport,,110,2900
2024-04-14,"Rebel Yell",5.7+,,https://www.mountainproject.com/route/122869806/rebel-yell,1,"Colorado > South Platte > Staunton State Park > Reynolds Wall > Left Side",2.1,-1,Solo,,Sport,,80,1900
2024-04-13,"Licorice Stick",5.9,,https://www.mountainproject.com/route/105749332/licorice-stick,1,"Colorado > Denver South > Castlewood Canyon SP > The Grocery Store Walls",2.8,-1,TR,,Trad,,,2400
2024-04-13,"Licorice Stick",5.9,,https://www.mountainproject.com/route/105749332/licorice-stick,1,"Colorado > Denver South > Castlewood Canyon SP > The Grocery Store Walls",2.8,-1,Lead,Onsight,Trad,,,2400
2024-04-13,"Carmel Corner Layback",5.5,,https://www.mountainproject.com/route/105749335/carmel-corner-layback,1,"Colorado > Denver South > Castlewood Canyon SP > The Grocery Store Walls",1.8,-1,Solo,,"Trad, TR",,,1500
2024-04-13,"Caramel Left",5.6,,https://www.mountainproject.com/route/123874597/caramel-left,1,"Colorado > Denver South > Castlewood Canyon SP > The Grocery Store Walls",2.1,-1,Solo,,Sport,,50,1600
2024-04-13,"Rat's Nest",5.8+,"Bailed on last 12 inches as to insecure and went around.",https://www.mountainproject.com/route/105749884/rats-nest,1,"Colorado > Denver South > Castlewood Canyon SP > The Grocery Store Walls",2.2,-1,Solo,,"Trad, TR",,,2200
2024-04-13,"Donut Hole",5.11a,"3rd try",https://www.mountainproject.com/route/105758206/donut-hole,1,"Colorado > Denver South > Castlewood Canyon SP > The Grocery Store Walls",2.7,-1,TR,,"Sport, TR",,40,4600
2024-04-13,"Hot Fudge",5.8+,,https://www.mountainproject.com/route/105749020/hot-fudge,1,"Colorado > Denver South > Castlewood Canyon SP > The Grocery Store Walls",2.6,-1,Lead,Redpoint,Trad,,40,2200
2024-04-13,"Peaches and Scream",5.6,,https://www.mountainproject.com/route/105749437/peaches-and-scream,1,"Colorado > Denver South > Castlewood Canyon SP > The Grocery Store Walls",2.0,-1,Solo,,"Trad, TR",,40,1600
2024-03-31,"Molotov Cockfight",5.9,"Future solo candidate ",https://www.mountainproject.com/route/114195097/molotov-cockfight,1,"Colorado > Golden > Clear Creek Canyon > Death Valley",2.2,-1,Lead,Onsight,Sport,,,2400
2024-03-31,"Death of Yuppies",5.10b/c,,https://www.mountainproject.com/route/114195083/death-of-yuppies,1,"Colorado > Golden > Clear Creek Canyon > Death Valley",2.6,-1,Lead,Onsight,Sport,5.10a/b,60,3100
2024-03-31,"Shadow of Death",5.10c,,https://www.mountainproject.com/route/114194877/shadow-of-death,1,"Colorado > Golden > Clear Creek Canyon > Death Valley",2.3,-1,Lead,Onsight,Sport,5.10a/b,60,3200
2024-03-31,"No Special Talent",5.11a,,https://www.mountainproject.com/route/114195105/no-special-talent,1,"Colorado > Golden > Clear Creek Canyon > Death Valley",2.7,3,Lead,Onsight,Sport,5.10d,85,4600
2024-03-31,"Devil's Molar",5.11,Hard,https://www.mountainproject.com/route/118686376/devils-molar,1,"Colorado > Golden > Clear Creek Canyon > Death Valley",2.7,-1,TR,,Trad,,75,5000
2024-03-31,"Toward Death",5.10c,,https://www.mountainproject.com/route/114038530/toward-death,1,"Colorado > Golden > Clear Creek Canyon > Death Valley",2.3,3,Lead,Onsight,Sport,5.10c/d,60,3200
2024-03-31,"Badwater 140",5.10b,,https://www.mountainproject.com/route/118825265/badwater-140,1,"Colorado > Golden > Clear Creek Canyon > Death Valley",2.3,-1,Lead,Redpoint,Sport,,75,2900
2024-03-31,"Rigor Mortis",5.8,,https://www.mountainproject.com/route/118070042/rigor-mortis,1,"Colorado > Golden > Clear Creek Canyon > Death Valley",2.3,-1,Solo,,Sport,,40,2100
2024-03-31,"17 Top",5.10b,,https://www.mountainproject.com/route/118069945/17-top,1,"Colorado > Golden > Clear Creek Canyon > Death Valley",2.2,-1,Lead,Redpoint,Sport,,55,2900
2024-03-31,"Badwater 140",5.10b,,https://www.mountainproject.com/route/118825265/badwater-140,1,"Colorado > Golden > Clear Creek Canyon > Death Valley",2.3,-1,Lead,Onsight,Sport,,75,2900
2024-03-30,"Rum Tum Tugger",5.11b/c,,https://www.mountainproject.com/route/105758086/rum-tum-tugger,1,"Colorado > Golden > Clear Creek Canyon > The Catslab",2.6,-1,Lead,Onsight,Sport,,,5100
2024-03-30,"Crystal Cat",5.9+,,https://www.mountainproject.com/route/111688326/crystal-cat,1,"Colorado > Golden > Clear Creek Canyon > The Catslab",2.7,-1,Lead,Redpoint,Sport,,120,2500
2024-03-30,Sylvester,5.6,,https://www.mountainproject.com/route/114195098/sylvester,2,"Colorado > Golden > Clear Creek Canyon > Cat Slab Annex",2.4,-1,Solo,,Sport,,150,1600
2024-03-30,Ack!,5.10a,,https://www.mountainproject.com/route/114195154/ack,1,"Colorado > Golden > Clear Creek Canyon > Cat Slab Annex",2.6,3,Lead,Redpoint,Sport,,35,2600
2024-03-30,ThunderCats,5.11b,"Lots of rotten rock.  Last bolt is a stretch for short, had do do the move before clipping.",https://www.mountainproject.com/route/124403367/thundercats,1,"Colorado > Golden > Clear Creek Canyon > Cat Slab Annex",2.2,-1,Lead,Onsight,Sport,,35,4900
2024-03-30,Grizabella,5.7,,https://www.mountainproject.com/route/105748861/grizabella,1,"Colorado > Golden > Clear Creek Canyon > The Catslab",2.2,-1,Solo,,Sport,,95,1800
2024-03-30,"Mr. Mistoffeles",5.9,,https://www.mountainproject.com/route/105752509/mr-mistoffeles,1,"Colorado > Golden > Clear Creek Canyon > The Catslab",2.7,-1,Lead,Redpoint,Sport,,105,2400
2024-03-30,Skimbleshanks,5.8-,,https://www.mountainproject.com/route/105749530/skimbleshanks,1,"Colorado > Golden > Clear Creek Canyon > The Catslab",3.1,-1,Solo,,Sport,,130,2000
2024-03-10,"Li'l Dog",5.11a/b,,https://www.mountainproject.com/route/105761883/lil-dog,1,"Colorado > Golden > Clear Creek Canyon > The Dog House",2.5,-1,Lead,Redpoint,Sport,,90,4800
2024-03-10,"Hot Dog",5.11b,,https://www.mountainproject.com/route/105749167/hot-dog,1,"Colorado > Golden > Clear Creek Canyon > The Dog House",3.1,-1,Lead,Redpoint,Sport,,,4900
2024-03-10,"Yellow Dog Dingo",5.6,,https://www.mountainproject.com/route/109783194/yellow-dog-dingo,3,"Colorado > Golden > Clear Creek Canyon > Other Critters",2.6,-1,Solo,,Sport,,200,1600
2024-03-10,"Tortoise Scute",5.6,,https://www.mountainproject.com/route/109787006/tortoise-scute,3,"Colorado > Golden > Clear Creek Canyon > Other Critters",2.3,-1,Solo,,Sport,,220,1600
2024-03-10,"Old Man Kangaroo",5.6,,https://www.mountainproject.com/route/111677574/old-man-kangaroo,1,"Colorado > Golden > Clear Creek Canyon > Other Critters",2.0,-1,Solo,,Sport,,90,1600
2024-02-25,"Slot Machine",5.11b/c,"Use crimp two feet right to pull the mantle.",https://www.mountainproject.com/route/105749452/slot-machine,1,"Colorado > Golden > Clear Creek Canyon > High Wire Crag",2.6,-1,Lead,Fell/Hung,Sport,,85,5100
2024-02-25,"Nickels and Dimes",5.8+,,https://www.mountainproject.com/route/105749458/nickels-and-dimes,1,"Colorado > Golden > Clear Creek Canyon > High Wire Crag",2.1,-1,Solo,,Sport,,60,2200
2024-02-25,"Pony Up",5.8,,https://www.mountainproject.com/route/105748262/pony-up,1,"Colorado > Golden > Clear Creek Canyon > High Wire Crag",2.1,-1,Solo,,Sport,,80,2100
2024-02-25,"Stone Cold Moderate",5.7,,https://www.mountainproject.com/route/105748894/stone-cold-moderate,1,"Colorado > Golden > Clear Creek Canyon > High Wire Crag",2.0,-1,Solo,,Sport,,100,1800
2024-02-25,"Left Long Moderate Dihedral (originally submitted as Crack Swindler)",5.7,,https://www.mountainproject.com/route/107256918/left-long-moderate-dihedral-originally-submitted-as-crack-swindler,1,"Colorado > Golden > Clear Creek Canyon > High Wire Crag",2.0,-1,Solo,,Trad,,100,1800
2024-02-24,Leftist,5.11b,,https://www.mountainproject.com/route/113745580/leftist,1,"Colorado > The Wet Mountains > Oak Creek Canyon > Tanner Dome",3.2,-1,Lead,Onsight,Sport,,90,4900
2024-02-24,"Amp Left",5.9-,"Pitch one clipped 4, 5, and 7.
Pitch two solo.",https://www.mountainproject.com/route/107339587/amp-left,2,"Colorado > The Wet Mountains > Oak Creek Canyon > Tanner Dome",3.1,-1,Lead,Onsight,Sport,5.8,180,2300
2024-02-24,"Landscape Architect",5.9-,"Only clipped 7 and 8.",https://www.mountainproject.com/route/107339638/landscape-architect,1,"Colorado > The Wet Mountains > Oak Creek Canyon > Tanner Dome",2.8,-1,Lead,Onsight,Sport,,100,2300
2024-02-24,"Tanner Classic",5.7,,https://www.mountainproject.com/route/107339646/tanner-classic,2,"Colorado > The Wet Mountains > Oak Creek Canyon > Tanner Dome",2.6,-1,Solo,,Sport,,150,1800
2024-02-18,"Jesse James",5.8,,https://www.mountainproject.com/route/110101413/jesse-james,1,"Colorado > Canon City > Shelf Road > The Bank > 02. Bank Rob",2.6,4,Solo,,Sport,5.7,70,2100
2024-02-18,"I Have a Dream",5.8,,https://www.mountainproject.com/route/111098831/i-have-a-dream,1,"Colorado > Canon City > Shelf Road > The Bank > 03. Machine Gun Kelly",2.6,-1,Lead,Onsight,Sport,,40,2100
2024-02-18,"They Only Come Out At Night",5.11-,,https://www.mountainproject.com/route/112393859/they-only-come-out-at-night,1,"Colorado > Canon City > Shelf Road > The Bank > 03. Machine Gun Kelly",1.8,2,Lead,Onsight,Sport,,40,4700
2024-02-18,1979,5.11b,,https://www.mountainproject.com/route/111098815/1979,1,"Colorado > Canon City > Shelf Road > The Bank > 03. Machine Gun Kelly",1.9,2,Lead,Onsight,Sport,,35,4900
2024-02-18,"Stair Master",5.8+,,https://www.mountainproject.com/route/114017301/stair-master,1,"Colorado > Canon City > Shelf Road > The Bank > 03. Machine Gun Kelly",1.4,-1,Lead,Onsight,Sport,,40,2200
2024-02-17,"Payment in Pump",5.13b,"Fell / hung",https://www.mountainproject.com/route/105759204/payment-in-pump,1,"Colorado > Canon City > Shelf Road > Cash Wall",3.2,-1,TR,,Sport,,40,8900
2024-02-17,"Payment in Pump",5.13b,"Fell / hung",https://www.mountainproject.com/route/105759204/payment-in-pump,1,"Colorado > Canon City > Shelf Road > Cash Wall",3.2,-1,TR,,Sport,,40,8900
2024-02-17,"Money for Nothing",5.10+,,https://www.mountainproject.com/route/111623955/money-for-nothing,1,"Colorado > Canon City > Shelf Road > Cash Wall",2.1,-1,Lead,Redpoint,Sport,,40,3300
2024-01-28,"When I'm 64",5.10c,,https://www.mountainproject.com/route/123611776/when-im-64,1,"Colorado > Canon City > Shelf Road > The Bank > 03. Machine Gun Kelly",1.8,1,Lead,Onsight,Sport,,50,3200
2024-01-28,"Cerebral Brain Freeze",5.11d,"Come back when I'm over 6' tall.",https://www.mountainproject.com/route/106997777/cerebral-brain-freeze,1,"Colorado > Canon City > Shelf Road > The Bank > 03. Machine Gun Kelly",3.1,-1,Lead,Fell/Hung,Sport,,40,5500
2024-01-28,"Pretty Boy Floyd",5.8,,https://www.mountainproject.com/route/106316700/pretty-boy-floyd,1,"Colorado > Canon City > Shelf Road > The Bank > 02. Bank Rob",2.4,2,Solo,,Sport,,70,2100
2024-01-28,"Another Bolted Crack",5.8+,,https://www.mountainproject.com/route/107981247/another-bolted-crack,1,"Colorado > Canon City > Shelf Road > The Bank > 02. Bank Rob",1.7,-1,Lead,Onsight,"Trad, Sport",,50,2200
2024-01-28,"Richter Scale",5.10c,,https://www.mountainproject.com/route/105750016/richter-scale,1,"Colorado > Canon City > Shelf Road > The Bank > 02. Bank Rob",2.5,4,Lead,Redpoint,Sport,,,3200
2024-01-28,"Purple Packer Smacker",5.7,,https://www.mountainproject.com/route/108290650/purple-packer-smacker,1,"Colorado > Canon City > Shelf Road > The Bank > 02. Bank Rob",1.7,-1,Solo,,Sport,,40,1800
2024-01-28,Ragnar,5.6,,https://www.mountainproject.com/route/109676254/ragnar,1,"Colorado > Canon City > Shelf Road > The Bank > 02. Bank Rob",1.7,-1,Solo,,Sport,,40,1600
2024-01-27,Heretic,5.8,,https://www.mountainproject.com/route/106990700/heretic,1,"Colorado > Canon City > Shelf Road > The Bank > 01. Piggy Bank",1.9,-1,Solo,,Sport,,60,2100
2024-01-27,"Generation X",5.11b,,https://www.mountainproject.com/route/107380855/generation-x,1,"Colorado > Canon City > Shelf Road > The Bank > 01. Piggy Bank",2.5,-1,Lead,Redpoint,Sport,,52,4900
2024-01-27,"Number 1 Super Guy",5.11a,,https://www.mountainproject.com/route/105758107/number-1-super-guy,1,"Colorado > Canon City > Shelf Road > The Bank > 01. Piggy Bank",3.1,-1,Lead,Redpoint,Sport,,55,4600
2024-01-27,"Piñon Slalom",5.9,,https://www.mountainproject.com/route/106994597/pinon-slalom,1,"Colorado > Canon City > Shelf Road > The Bank > 01. Piggy Bank",2.1,3,Lead,Redpoint,Sport,5.8,,2400
2024-01-27,"Unsaid, The (aka The Brothel)",5.8,,https://www.mountainproject.com/route/106994606/unsaid-the-aka-the-brothel,1,"Colorado > Canon City > Shelf Road > The Bank > 01. Piggy Bank",2.1,-1,Solo,,Sport,,,2100
2024-01-27,"The Apple Cracks aka SLIM",5.7,,https://www.mountainproject.com/route/106978922/the-apple-cracks-aka-slim,1,"Colorado > Canon City > Shelf Road > The Bank > 01. Piggy Bank",2.2,-1,Solo,,Sport,,70,1800
2024-01-21,R.A.M.M.,5.10+,"straight finish",https://www.mountainproject.com/route/105867674/ramm,1,"Colorado > Canon City > Shelf Road > The Bank > 02. Bank Rob",2.5,2,Lead,Redpoint,Sport,,80,3300
2024-01-21,Scarface,5.11a,,https://www.mountainproject.com/route/107799291/scarface,1,"Colorado > Canon City > Shelf Road > The Bank > 03. Machine Gun Kelly",2.1,-1,Lead,Onsight,Sport,,50,4600
2024-01-21,"Machine Gun Kelly",5.11c,,https://www.mountainproject.com/route/108290662/machine-gun-kelly,1,"Colorado > Canon City > Shelf Road > The Bank > 03. Machine Gun Kelly",2.9,-1,Lead,Onsight,Sport,,40,5200
2024-01-21,"03. Machine Gun Kelly | 3063",5.10d,"It&#39;s called &#34;Lynch Mob&#34;",https://www.mountainproject.com/route/107403063/03-machine-gun-kelly-3063,1,"Colorado > Canon City > Shelf Road > The Bank > 03. Machine Gun Kelly",2.8,-1,Lead,Onsight,Sport,,50,3500
2024-01-21,"Black Hole Sun",5.9-,,https://www.mountainproject.com/route/107359008/black-hole-sun,1,"Colorado > Canon City > Shelf Road > The Bank > 03. Machine Gun Kelly",1.6,-1,Solo,,Sport,,40,2300
2024-01-21,"Razor Burn (aka Stewart's Slab)",5.8+,,https://www.mountainproject.com/route/107358992/razor-burn-aka-stewarts-slab,1,"Colorado > Canon City > Shelf Road > The Bank > 03. Machine Gun Kelly",1.7,2,Solo,,Sport,5.7+,40,2200
2024-01-01,Heretic,5.8,,https://www.mountainproject.com/route/106990700/heretic,1,"Colorado > Canon City > Shelf Road > The Bank > 01. Piggy Bank",1.9,-1,Lead,Redpoint,Sport,,60,2100
2024-01-01,jasonbecker.com,5.10a/b,,https://www.mountainproject.com/route/106169770/jasonbeckercom,1,"Colorado > Canon City > Shelf Road > The Bank > 01. Piggy Bank",3.3,-1,Lead,Redpoint,Sport,,50,2800
2024-01-01,Lefty,5.9-,,https://www.mountainproject.com/route/107019420/lefty,1,"Colorado > Canon City > Shelf Road > The Bank > 01. Piggy Bank",2.1,-1,Lead,Onsight,Sport,,70,2300
2024-01-01,"Disciples of Hell",5.11b,,https://www.mountainproject.com/route/106621265/disciples-of-hell,1,"Colorado > Canon City > Shelf Road > The Bank > 01. Piggy Bank",2.2,-1,Lead,Redpoint,Sport,,70,4900
2024-01-01,"Number 1 Super Guy",5.11a,,https://www.mountainproject.com/route/105758107/number-1-super-guy,1,"Colorado > Canon City > Shelf Road > The Bank > 01. Piggy Bank",3.1,-1,Lead,Redpoint,Sport,,55,4600
2024-01-01,"01. Piggy Bank | 2071",5.11b,,https://www.mountainproject.com/route/108912071/01-piggy-bank-2071,1,"Colorado > Canon City > Shelf Road > The Bank > 01. Piggy Bank",2.3,-1,Lead,Onsight,Sport,,50,4900
2024-01-01,"Silver Rain",5.11a,,https://www.mountainproject.com/route/108912084/silver-rain,1,"Colorado > Canon City > Shelf Road > The Bank > 01. Piggy Bank",1.9,-1,Lead,Onsight,Sport,,50,4600
2024-01-01,"Season Down Under",5.10b,,https://www.mountainproject.com/route/107025270/season-down-under,1,"Colorado > Canon City > Shelf Road > The Bank > 01. Piggy Bank",2.8,-1,Lead,Redpoint,Sport,,50,2900
2024-01-01,"Ladies' Night In Buffalo",5.9,,https://www.mountainproject.com/route/106994524/ladies-night-in-buffalo,1,"Colorado > Canon City > Shelf Road > The Bank > 01. Piggy Bank",2.1,-1,Lead,Redpoint,Sport,,60,2400
2023-12-30,R.A.M.M.,5.10+,"straight finish ",https://www.mountainproject.com/route/105867674/ramm,1,"Colorado > Canon City > Shelf Road > The Bank > 02. Bank Rob",2.5,2,Lead,Redpoint,Sport,,80,3300
2023-12-30,"Poncho and the Three Perverts",5.8-,"Chacos ",https://www.mountainproject.com/route/107018044/poncho-and-the-three-perverts,1,"Colorado > Canon City > Shelf Road > The Bank > 02. Bank Rob",2.5,4,Lead,Redpoint,Sport,,60,2000
2023-12-30,"Richter Scale",5.10c,"roped solo ",https://www.mountainproject.com/route/105750016/richter-scale,1,"Colorado > Canon City > Shelf Road > The Bank > 02. Bank Rob",2.5,4,Lead,Redpoint,Sport,,,3200
2023-12-30,"Baby Face Nelson",5.9+,"roped solo ",https://www.mountainproject.com/route/106279330/baby-face-nelson,1,"Colorado > Canon City > Shelf Road > The Bank > 02. Bank Rob",2.4,-1,Lead,Redpoint,Sport,,50,2500
2023-12-30,"Purple Reign",5.5,,https://www.mountainproject.com/route/110101281/purple-reign,1,"Colorado > Canon City > Shelf Road > The Bank > 02. Bank Rob",1.8,-1,Solo,,Sport,,40,1500
2023-12-30,"Jesse James",5.8,,https://www.mountainproject.com/route/110101413/jesse-james,1,"Colorado > Canon City > Shelf Road > The Bank > 02. Bank Rob",2.6,4,Solo,,Sport,5.7,70,2100
2023-12-30,"New Comer (aka New Corner)",5.10a,"roped solo ",https://www.mountainproject.com/route/107018131/new-comer-aka-new-corner,1,"Colorado > Canon City > Shelf Road > The Bank > 02. Bank Rob",2.5,-1,Lead,Redpoint,Sport,,60,2600
2023-12-22,"Pink Torpedo",5.9+,,https://www.mountainproject.com/route/106994501/pink-torpedo,2,"Colorado > Canon City > Shelf Road > The Bank > 01. Piggy Bank",2.5,-1,Lead,Onsight,Sport,,,2500
2023-12-22,"Pig City Nights",5.8,,https://www.mountainproject.com/route/106179378/pig-city-nights,1,"Colorado > Canon City > Shelf Road > The Bank > 01. Piggy Bank",2.4,-1,Lead,Redpoint,Sport,,60,2100
2023-12-22,"Disciples of Hell",5.11b,"blind double crimp match around bulge. hidden left foot, into left pinches to big jugs",https://www.mountainproject.com/route/106621265/disciples-of-hell,1,"Colorado > Canon City > Shelf Road > The Bank > 01. Piggy Bank",2.2,-1,Lead,Fell/Hung,Sport,,70,4900
2023-12-22,"The Apple Cracks aka SLIM",5.7,,https://www.mountainproject.com/route/106978922/the-apple-cracks-aka-slim,1,"Colorado > Canon City > Shelf Road > The Bank > 01. Piggy Bank",2.2,-1,Solo,,Sport,,70,1800
2023-12-22,"Pink Torpedo (extension)",5.11b,,https://www.mountainproject.com/route/120268062/pink-torpedo-extension,1,"Colorado > Canon City > Shelf Road > The Bank > 01. Piggy Bank",2.4,-1,Lead,Redpoint,Sport,,80,4900
2023-12-22,R.A.M.M.,5.10+,"straight finish",https://www.mountainproject.com/route/105867674/ramm,1,"Colorado > Canon City > Shelf Road > The Bank > 02. Bank Rob",2.5,2,Lead,Fell/Hung,Sport,,80,3300
2023-12-22,Soprano,5.10d,,https://www.mountainproject.com/route/108538316/soprano,1,"Colorado > Canon City > Shelf Road > The Bank > 02. Bank Rob",2.7,-1,Lead,Redpoint,Sport,5.10b/c,70,3500
2023-12-22,"Purple Reign",5.5,,https://www.mountainproject.com/route/110101281/purple-reign,1,"Colorado > Canon City > Shelf Road > The Bank > 02. Bank Rob",1.8,-1,Solo,,Sport,,40,1500
2023-12-20,"Dancin`  Shoes",5.11a,,https://www.mountainproject.com/route/106029842/dancin-shoes,1,"Colorado > Canon City > Shelf Road > The Bank > 09. Ethics? What Ethics?",2.2,-1,Lead,Fell/Hung,Sport,,25,4600
2023-12-20,"Overture 1383",5.7,,https://www.mountainproject.com/route/121585196/overture-1383,1,"Colorado > Canon City > Shelf Road > The Bank > 09. Ethics? What Ethics?",1.6,-1,Lead,Onsight,Sport,,40,1800
2023-12-20,"Hicks, Hillbillies, Hobos",5.8-,,https://www.mountainproject.com/route/114617670/hicks-hillbillies-hobos,1,"Colorado > Canon City > Shelf Road > The Bank > 09. Ethics? What Ethics?",1.7,-1,Lead,Onsight,Sport,,50,2000
2023-12-20,"Aerial Solution",5.10c,,https://www.mountainproject.com/route/105750043/aerial-solution,1,"Colorado > Canon City > Shelf Road > The Bank > 09. Ethics? What Ethics?",2.1,-1,Lead,Onsight,Sport,,,3200
2023-12-20,"My Versailles Guy",5.9-,,https://www.mountainproject.com/route/112417316/my-versailles-guy,1,"Colorado > Canon City > Shelf Road > The Bank > 09. Ethics? What Ethics?",1.6,-1,Lead,Onsight,Sport,,40,2300
2023-12-20,"Ethics? What Ethics?",5.11b,,https://www.mountainproject.com/route/106032361/ethics-what-ethics,1,"Colorado > Canon City > Shelf Road > The Bank > 09. Ethics? What Ethics?",2.4,-1,Lead,Fell/Hung,Sport,,65,4900
2023-12-20,"Loves Me Like a Rock",5.8,,https://www.mountainproject.com/route/107859289/loves-me-like-a-rock,1,"Colorado > Canon City > Shelf Road > The Bank > 09. Ethics? What Ethics?",1.9,-1,Lead,Onsight,Sport,,50,2100
2023-12-20,"You Were Meant For Me",5.5,,https://www.mountainproject.com/route/106332507/you-were-meant-for-me,1,"Colorado > Canon City > Shelf Road > The Bank > 09. Ethics? What Ethics?",2.1,-1,Solo,,Sport,,25,1500
2023-12-19,"Butch Cassidy",5.10a,,https://www.mountainproject.com/route/112367010/butch-cassidy,1,"Colorado > Canon City > Shelf Road > The Bank > 02. Bank Rob",1.9,-1,Lead,Onsight,Sport,,50,2600
2023-12-19,"Knot Too Many Roaches",5.10a/b,,https://www.mountainproject.com/route/107018099/knot-too-many-roaches,1,"Colorado > Canon City > Shelf Road > The Bank > 02. Bank Rob",2.3,-1,Lead,Onsight,Sport,,55,2800
2023-12-19,"New Comer (aka New Corner)",5.10a,,https://www.mountainproject.com/route/107018131/new-comer-aka-new-corner,1,"Colorado > Canon City > Shelf Road > The Bank > 02. Bank Rob",2.5,-1,Lead,,Sport,,60,2600
2023-12-19,Dillinger,5.9,,https://www.mountainproject.com/route/106276350/dillinger,1,"Colorado > Canon City > Shelf Road > The Bank > 02. Bank Rob",2.2,3,Lead,Onsight,Sport,,65,2400
2023-12-19,"Baby Face Nelson",5.9+,,https://www.mountainproject.com/route/106279330/baby-face-nelson,1,"Colorado > Canon City > Shelf Road > The Bank > 02. Bank Rob",2.4,-1,Lead,Onsight,Sport,,50,2500
2023-12-19,"Jesse James",5.8,,https://www.mountainproject.com/route/110101413/jesse-james,1,"Colorado > Canon City > Shelf Road > The Bank > 02. Bank Rob",2.6,4,Solo,,Sport,5.7,70,2100
2023-12-19,"Ma Barker",5.7+,,https://www.mountainproject.com/route/106978872/ma-barker,1,"Colorado > Canon City > Shelf Road > The Bank > 02. Bank Rob",1.5,-1,Solo,,Sport,,60,1900
2023-12-19,"Purple Reign",5.5,,https://www.mountainproject.com/route/110101281/purple-reign,1,"Colorado > Canon City > Shelf Road > The Bank > 02. Bank Rob",1.8,-1,Solo,,Sport,,40,1500
2023-12-19,Ragnar,5.6,,https://www.mountainproject.com/route/109676254/ragnar,1,"Colorado > Canon City > Shelf Road > The Bank > 02. Bank Rob",1.7,-1,Solo,,Sport,,40,1600
2023-12-19,"Purple Packer Smacker",5.7,,https://www.mountainproject.com/route/108290650/purple-packer-smacker,1,"Colorado > Canon City > Shelf Road > The Bank > 02. Bank Rob",1.7,-1,Solo,,Sport,,40,1800
2023-12-19,"Scramblin' Fran",5.5,,https://www.mountainproject.com/route/113488665/scramblin-fran,1,"Colorado > Canon City > Shelf Road > The Bank > 02. Bank Rob",1.6,-1,Solo,,Sport,,40,1500
2023-12-17,"Welcome to Shelf Road",5.10d,,https://www.mountainproject.com/route/105761733/welcome-to-shelf-road,1,"Colorado > Canon City > Shelf Road > The Bank > 09. Ethics? What Ethics?",1.9,-1,Lead,Fell/Hung,Sport,,60,3500
2023-12-17,"Tryptophan 2002",5.10b/c,,https://www.mountainproject.com/route/106317977/tryptophan-2002,1,"Colorado > Canon City > Shelf Road > The Vault",2.7,-1,Lead,Redpoint,Sport,,70,3100
2023-12-17,"Lime Street",5.11b,,https://www.mountainproject.com/route/105752587/lime-street,1,"Colorado > Canon City > Shelf Road > The Bank > 10. 2150 Wall",3.6,-1,Lead,Redpoint,Sport,,,4900
2023-12-17,Shine,5.10c,,https://www.mountainproject.com/route/124469963/shine,1,"Colorado > Canon City > Shelf Road > The Bank > 12. Beijing aka Beyond the 2150 Wall",2.6,-1,Lead,Redpoint,Sport,,40,3200
2023-12-17,Crossover,5.10a,,https://www.mountainproject.com/route/124470046/crossover,1,"Colorado > Canon City > Shelf Road > The Bank > 12. Beijing aka Beyond the 2150 Wall",2.4,2,Lead,Redpoint,Sport,,55,2600
2023-11-22,"Puking Yuppies",5.11a,,https://www.mountainproject.com/route/106423153/puking-yuppies,1,"Colorado > Canon City > Shelf Road > The Bank > 01. Piggy Bank",2.8,-1,Lead,Onsight,Sport,,55,4600
2023-11-22,"Flesh Tuxedo",5.11a,,https://www.mountainproject.com/route/106161870/flesh-tuxedo,1,"Colorado > Canon City > Shelf Road > The Bank > 01. Piggy Bank",3.1,-1,Lead,Onsight,Sport,,70,4600
2023-11-22,"Crab Nation",5.10a,"roped solo",https://www.mountainproject.com/route/106170472/crab-nation,1,"Colorado > Canon City > Shelf Road > The Bank > 01. Piggy Bank",2.3,-1,Lead,Redpoint,Sport,,60,2600
2023-11-22,"I'm So Wet",5.7+,,https://www.mountainproject.com/route/124967914/im-so-wet,1,"Colorado > Canon City > Shelf Road > The Bank > 01. Piggy Bank",1.4,1,Lead,Onsight,Sport,,35,1900
2023-11-22,"Project Focus",5.10b,"roped solo",https://www.mountainproject.com/route/107930824/project-focus,1,"Colorado > Canon City > Shelf Road > The Bank > 01. Piggy Bank",2.1,-1,Lead,Onsight,Sport,,50,2900
2023-11-22,"Sty in the Sky",5.9,"roped solo",https://www.mountainproject.com/route/107930809/sty-in-the-sky,1,"Colorado > Canon City > Shelf Road > The Bank > 01. Piggy Bank",2.6,3,Lead,Redpoint,Sport,5.9-,50,2400
2023-11-12,"The Lucky One",5.11c/d,,https://www.mountainproject.com/route/124469942/the-lucky-one,1,"Colorado > Canon City > Shelf Road > The Bank > 12. Beijing aka Beyond the 2150 Wall",3.0,-1,Lead,Fell/Hung,Sport,,50,5400
2023-11-12,Clowns,5.9-,,https://www.mountainproject.com/route/124470008/clowns,1,"Colorado > Canon City > Shelf Road > The Bank > 12. Beijing aka Beyond the 2150 Wall",2.4,-1,Lead,Onsight,Sport,,45,2300
2023-11-12,Peking,5.7,,https://www.mountainproject.com/route/105761727/peking,1,"Colorado > Canon City > Shelf Road > The Bank > 12. Beijing aka Beyond the 2150 Wall",1.6,-1,Solo,,Sport,,60,1800
2023-11-12,"Sonic Youth",5.10c,,https://www.mountainproject.com/route/105761730/sonic-youth,1,"Colorado > Canon City > Shelf Road > The Bank > 12. Beijing aka Beyond the 2150 Wall",1.3,-1,Lead,Onsight,Sport,,70,3200
2023-11-12,"The Sound of Change",5.8+,,https://www.mountainproject.com/route/124469982/the-sound-of-change,1,"Colorado > Canon City > Shelf Road > The Bank > 12. Beijing aka Beyond the 2150 Wall",2.5,-1,Lead,Onsight,Sport,,40,2200
2023-11-12,"The Temple of Heaven",5.10b/c,,https://www.mountainproject.com/route/124468517/the-temple-of-heaven,1,"Colorado > Canon City > Shelf Road > The Bank > 12. Beijing aka Beyond the 2150 Wall",1.8,-1,Lead,Onsight,Sport,,40,3100
2023-11-05,Shine,5.10c,,https://www.mountainproject.com/route/124469963/shine,1,"Colorado > Canon City > Shelf Road > The Bank > 12. Beijing aka Beyond the 2150 Wall",2.6,-1,Lead,Onsight,Sport,,40,3200
2023-11-05,"The Lucky One",5.11c/d,"fell / hung",https://www.mountainproject.com/route/124469942/the-lucky-one,1,"Colorado > Canon City > Shelf Road > The Bank > 12. Beijing aka Beyond the 2150 Wall",3.0,-1,TR,,Sport,,50,5400
2023-11-05,"The Lucky One",5.11c/d,,https://www.mountainproject.com/route/124469942/the-lucky-one,1,"Colorado > Canon City > Shelf Road > The Bank > 12. Beijing aka Beyond the 2150 Wall",3.0,-1,Lead,Fell/Hung,Sport,,50,5400
2023-11-05,Crossover,5.10a,"roped solo",https://www.mountainproject.com/route/124470046/crossover,1,"Colorado > Canon City > Shelf Road > The Bank > 12. Beijing aka Beyond the 2150 Wall",2.4,2,Lead,Onsight,Sport,,55,2600
2023-11-05,"Unknown 5.10 (Sonic Geezers?)",5.10c/d,,https://www.mountainproject.com/route/118322945/unknown-510-sonic-geezers,1,"Colorado > Canon City > Shelf Road > The Bank > 12. Beijing aka Beyond the 2150 Wall",2.0,-1,Lead,Redpoint,Sport,,45,3400
2023-11-05,"Pullin' Down in the Fields of Cotton",5.10a/b,"roped solo",https://www.mountainproject.com/route/111031050/pullin-down-in-the-fields-of-cotton,1,"Colorado > Canon City > Shelf Road > The Bank > 12. Beijing aka Beyond the 2150 Wall",2.1,-1,Lead,Onsight,Sport,,60,2800
2023-10-21,"The Calling",5.10d,"roped solo ",https://www.mountainproject.com/route/119705473/the-calling,1,"Colorado > South Platte > Staunton State Park > Staunton Rocks > Meadow Dome > Tan Corridor > Lower Tan Corridor",2.2,-1,Lead,Onsight,Sport,,90,3500
2023-10-21,"The Jungle",5.10,"roped solo ",https://www.mountainproject.com/route/119700717/the-jungle,1,"Colorado > South Platte > Staunton State Park > Staunton Rocks > Meadow Dome > Tan Corridor > Lower Tan Corridor",2.4,-1,Lead,Onsight,Sport,,100,3000
2023-10-21,"Layton is My Motor",5.10a/b,"roped solo ",https://www.mountainproject.com/route/119700086/layton-is-my-motor,1,"Colorado > South Platte > Staunton State Park > Staunton Rocks > Meadow Dome > Tan Corridor > Lower Tan Corridor",3.0,-1,Lead,,Sport,,65,2800
2023-10-21,"Old Man and the Sea",5.7+,,https://www.mountainproject.com/route/122307215/old-man-and-the-sea,1,"Colorado > South Platte > Staunton State Park > Staunton Rocks > Meadow Dome > Hemingway Wall",2.2,-1,Solo,,Sport,,60,1900
2023-10-21,"Intentional Repetition",5.8-,,https://www.mountainproject.com/route/124374089/intentional-repetition,1,"Colorado > South Platte > Staunton State Park > Staunton Rocks > Meadow Dome > Hemingway Wall",2.4,-1,Solo,,Sport,,85,2000
2023-10-21,"Elwood P. Dowd",5.10c,"roped solo",https://www.mountainproject.com/route/109360389/elwood-p-dowd,1,"Colorado > South Platte > Staunton State Park > Staunton Rocks > Meadow Dome > Permission Wall",2.5,-1,Lead,Onsight,Sport,,65,3200
2023-10-21,"Death in the Afternoon",5.9,,https://www.mountainproject.com/route/124507784/death-in-the-afternoon,4,"Colorado > South Platte > Staunton State Park > Staunton Rocks > Meadow Dome > Hemingway Wall",2.6,-1,Solo,,Sport,,300,2400
2023-10-15,"Old But Not Dead",5.11+,,https://www.mountainproject.com/route/114185298/old-but-not-dead,1,"Colorado > Canon City > Shelf Road > The Bank > 01. Piggy Bank",2.3,3,Lead,Onsight,Sport,,75,5300
2023-10-15,"Large Marge",5.8+,,https://www.mountainproject.com/route/106749096/large-marge,1,"Colorado > Canon City > Shelf Road > The Bank > 01. Piggy Bank",2.2,-1,Lead,Redpoint,Sport,,80,2200
2023-10-15,"Puking Yuppies",5.11a,,https://www.mountainproject.com/route/106423153/puking-yuppies,1,"Colorado > Canon City > Shelf Road > The Bank > 01. Piggy Bank",2.8,-1,Lead,Redpoint,Sport,,55,4600
2023-10-15,"Pretty Boy Floyd",5.8,,https://www.mountainproject.com/route/106316700/pretty-boy-floyd,1,"Colorado > Canon City > Shelf Road > The Bank > 02. Bank Rob",2.4,2,Lead,Redpoint,Sport,,70,2100
2023-10-15,Soprano,5.10d,,https://www.mountainproject.com/route/108538316/soprano,1,"Colorado > Canon City > Shelf Road > The Bank > 02. Bank Rob",2.7,-1,Lead,Onsight,Sport,5.10b/c,70,3500
2023-10-15,"Richter Scale",5.10c,,https://www.mountainproject.com/route/105750016/richter-scale,1,"Colorado > Canon City > Shelf Road > The Bank > 02. Bank Rob",2.5,4,Lead,Redpoint,Sport,,,3200
2023-10-08,"Mr. Hanky",5.9,,https://www.mountainproject.com/route/107175525/mr-hanky,1,"Colorado > South Platte > Devil's Head > Wipeyur Buttress",2.7,-1,Lead,Redpoint,Sport,,80,2400
2023-10-08,"The Green Tornado",5.10b,,https://www.mountainproject.com/route/107006396/the-green-tornado,1,"Colorado > South Platte > Devil's Head > The Jungle",2.5,-1,Lead,Onsight,Sport,,80,2900
2023-10-08,"Bungle in the Jungle",5.10+,,https://www.mountainproject.com/route/107006365/bungle-in-the-jungle,1,"Colorado > South Platte > Devil's Head > The Jungle",2.3,-1,Lead,Onsight,Sport,,80,3300
2023-10-08,"Jungle Mountaineering",5.10a,,https://www.mountainproject.com/route/106858608/jungle-mountaineering,3,"Colorado > South Platte > Devil's Head > The Jungle",2.6,-1,Lead,Onsight,Sport,,,2600
2023-10-07,"The Babe With Power",5.11a,,https://www.mountainproject.com/route/108154176/the-babe-with-power,1,"Colorado > South Platte > Staunton State Park > Staunton Rocks > Meadow Dome > The Labyrinth",2.8,-1,TR,,Sport,,115,4600
2023-10-07,"For Whom the Bell Tolls",5.8,,https://www.mountainproject.com/route/108162389/for-whom-the-bell-tolls,1,"Colorado > South Platte > Staunton State Park > Staunton Rocks > Meadow Dome > Hemingway Wall",2.1,-1,Solo,,"Trad, Sport",,170,2100
2023-10-07,"In Our Time",5.9+,,https://www.mountainproject.com/route/124374003/in-our-time,1,"Colorado > South Platte > Staunton State Park > Staunton Rocks > Meadow Dome > Hemingway Wall",2.6,-1,Lead,Redpoint,Sport,,75,2500
2023-10-07,"Death in the Afternoon",5.9,,https://www.mountainproject.com/route/124507784/death-in-the-afternoon,1,"Colorado > South Platte > Staunton State Park > Staunton Rocks > Meadow Dome > Hemingway Wall",2.6,-1,Solo,,Sport,,300,2400
2023-10-07,"The Sun Also Rises","5.7 PG13",,https://www.mountainproject.com/route/108295777/the-sun-also-rises,2,"Colorado > South Platte > Staunton State Park > Staunton Rocks > Meadow Dome > Hemingway Wall",2.1,-1,Lead,Onsight,Trad,,170,1800
2023-10-01,"Fight Secondary",5.11a,,https://www.mountainproject.com/route/119272713/fight-secondary,1,"Colorado > South Platte > Staunton State Park > The Raven",2.4,-1,Lead,Redpoint,Sport,,65,4600
2023-10-01,"Fight Secondary",5.11a,,https://www.mountainproject.com/route/119272713/fight-secondary,1,"Colorado > South Platte > Staunton State Park > The Raven",2.4,-1,Lead,Fell/Hung,Sport,,65,4600
2023-10-01,"Flight Primary",5.10c,,https://www.mountainproject.com/route/114335819/flight-primary,1,"Colorado > South Platte > Staunton State Park > The Raven",2.7,-1,Lead,Redpoint,Sport,,50,3200
2023-10-01,"Playing in the Updraft",5.9,,https://www.mountainproject.com/route/113567839/playing-in-the-updraft,2,"Colorado > South Platte > Staunton State Park > The Raven",2.9,-1,Lead,Redpoint,Sport,,,2400
2023-10-01,"Grey Jay",5.7,,https://www.mountainproject.com/route/113568854/grey-jay,1,"Colorado > South Platte > Staunton State Park > The Raven",1.9,-1,Solo,,Sport,,50,1800
2023-09-30,"Half and Half",5.9,,https://www.mountainproject.com/route/110751984/half-and-half,1,"Colorado > South Platte > West Creek > Thunder Ridge > The Outback",2.9,-1,Lead,Onsight,Sport,,115,2400
2023-09-30,Phoenix,5.8,,https://www.mountainproject.com/route/110751846/phoenix,1,"Colorado > South Platte > West Creek > Thunder Ridge > The Outback",2.0,-1,Lead,Onsight,Trad,,150,2100
2023-09-24,"Punks and Old Men",5.8,,https://www.mountainproject.com/route/106858564/punks-and-old-men,1,"Colorado > South Platte > Elevenmile Canyon > Pine Cone Dome",2.4,3,Solo,,Sport,,,2100
2023-09-24,"Don't Go",5.8,,https://www.mountainproject.com/route/105762414/dont-go,1,"Colorado > South Platte > Elevenmile Canyon > Pine Cone Dome",2.4,-1,Solo,,Trad,,70,2100
2023-09-24,Kashmir,5.10+,,https://www.mountainproject.com/route/106538566/kashmir,1,"Colorado > South Platte > Elevenmile Canyon > Pine Cone Dome",2.3,-1,Lead,Redpoint,Sport,,70,3300
2023-09-23,"Dumpster Diving",5.11a,,https://www.mountainproject.com/route/115776044/dumpster-diving,1,"Colorado > South Platte > Devil's Head > Recovery Wall",2.6,-1,Lead,Onsight,Sport,,190,4600
2023-09-23,Milk-Plus,5.8+,"Did second pitch of A Crackwork Orange",https://www.mountainproject.com/route/112159626/milk-plus,2,"Colorado > South Platte > Devil's Head > Recovery Wall",2.4,-1,Lead,Redpoint,Trad,,80,2200
2023-09-17,AF,"5.9 PG13",,https://www.mountainproject.com/route/110921424/af,1,"Colorado > South Platte > Devil's Head > Recovery Wall",2.9,-1,Lead,Onsight,Sport,,200,2400
2023-09-17,"Sex Face",5.12a,,https://www.mountainproject.com/route/112159669/sex-face,1,"Colorado > South Platte > Devil's Head > Recovery Wall",3.9,-1,TR,,Sport,,120,6600
2023-09-17,Milk-Plus,5.8+,,https://www.mountainproject.com/route/112159626/milk-plus,1,"Colorado > South Platte > Devil's Head > Recovery Wall",2.4,-1,TR,,Trad,,80,2200
2023-09-17,Procrastinator,5.10b,,https://www.mountainproject.com/route/112159643/procrastinator,1,"Colorado > South Platte > Devil's Head > Recovery Wall",3.7,-1,Lead,Redpoint,Sport,,80,2900
2023-09-17,"Green Eyed Monster",5.11-,"need a stiffy clip if you're under 5'6""",https://www.mountainproject.com/route/111259525/green-eyed-monster,1,"Colorado > South Platte > Devil's Head > Recovery Wall",1.7,-1,Lead,Fell/Hung,Sport,,80,4700
2023-09-17,"When It All Comes Crashing Down",5.9-,,https://www.mountainproject.com/route/114956407/when-it-all-comes-crashing-down,3,"Colorado > South Platte > Devil's Head > Recovery Wall",2.6,-1,Lead,Redpoint,Sport,,150,2300
2023-09-17,"Chossy Dog",5.7,,https://www.mountainproject.com/route/117646484/chossy-dog,1,"Colorado > South Platte > Devil's Head > Recovery Wall",2.0,-1,Lead,Onsight,Sport,,,1800
2023-09-09,"Classic Corner",5.7,,https://www.mountainproject.com/route/107939208/classic-corner,1,"Colorado > Buena Vista > The Leaning Wall",2.3,-1,Lead,Onsight,Trad,,70,1800
2023-09-09,"The Leaning Flake",5.10c,,https://www.mountainproject.com/route/106803346/the-leaning-flake,1,"Colorado > Buena Vista > The Leaning Wall",2.4,-1,Lead,Onsight,"Trad, Sport",,75,3200
2023-09-09,"A Brief Squall",5.7+,"lead as sport",https://www.mountainproject.com/route/106803294/a-brief-squall,1,"Colorado > Buena Vista > The Leaning Wall",2.4,-1,Lead,Onsight,"Trad, Sport",,75,1900
2023-09-09,Nina,5.9,,https://www.mountainproject.com/route/115378118/nina,1,"Colorado > Buena Vista > The Leaning Wall",2.6,-1,Lead,Onsight,Trad,,75,2400
2023-09-09,"The Orange Corner",5.7,,https://www.mountainproject.com/route/106803282/the-orange-corner,1,"Colorado > Buena Vista > The Leaning Wall",2.6,-1,Lead,Onsight,Trad,,75,1800
2023-09-09,"Columbus Day in America",5.6,,https://www.mountainproject.com/route/112381323/columbus-day-in-america,1,"Colorado > Buena Vista > The Leaning Wall",1.2,-1,Solo,,Trad,,70,1600
2023-09-03,"Green Thumb",5.7,,https://www.mountainproject.com/route/122692992/green-thumb,2,"Colorado > Estes Park Valley > CO Hwy 7 & Tributaries > Prospect Mountain > The Thumb",2.9,-1,Lead,Onsight,Sport,,150,1800
2023-09-03,"South Ridge of the Thumb","5.3 R",,https://www.mountainproject.com/route/105764148/south-ridge-of-the-thumb,1,"Colorado > Estes Park Valley > CO Hwy 7 & Tributaries > Prospect Mountain > The Thumb",2.1,-1,Solo,,Trad,,200,1300
2023-09-02,"Good Slab Fun",5.8,,https://www.mountainproject.com/route/122841158/good-slab-fun,1,"Colorado > Boulder > Boulder Canyon > Across from The Bihedral aka Cascade Crag",2.1,-1,Lead,Onsight,Sport,,100,2100
2023-09-02,Dexter,5.3,,https://www.mountainproject.com/route/106565030/dexter,1,"Colorado > Boulder > Boulder Canyon > Across from The Bihedral aka Cascade Crag",1.1,-1,Solo,,Sport,,65,1300
2023-09-02,"Nurse Jackie",5.5,,https://www.mountainproject.com/route/106565026/nurse-jackie,1,"Colorado > Boulder > Boulder Canyon > Across from The Bihedral aka Cascade Crag",1.6,-1,Solo,,Sport,5.4,65,1500
2023-09-02,Weeds,5.7,,https://www.mountainproject.com/route/106565020/weeds,1,"Colorado > Boulder > Boulder Canyon > Across from The Bihedral aka Cascade Crag",1.6,-1,Lead,,Trad,,55,1800
2023-09-02,Smallville,5.10b,,https://www.mountainproject.com/route/106565008/smallville,1,"Colorado > Boulder > Boulder Canyon > Across from The Bihedral aka Cascade Crag",2.0,-1,Lead,Onsight,Sport,,70,2900
2023-09-02,Thunderhead,5.10,,https://www.mountainproject.com/route/106565001/thunderhead,1,"Colorado > Boulder > Boulder Canyon > Across from The Bihedral aka Cascade Crag",2.4,-1,Lead,Onsight,Sport,,70,3000
2023-09-02,Erika,5.10b,,https://www.mountainproject.com/route/106564995/erika,1,"Colorado > Boulder > Boulder Canyon > Across from The Bihedral aka Cascade Crag",2.1,-1,Lead,Onsight,Sport,,70,2900
2023-09-02,"Quick Silver",5.10c,,https://www.mountainproject.com/route/106564989/quick-silver,1,"Colorado > Boulder > Boulder Canyon > Across from The Bihedral aka Cascade Crag",2.4,-1,Lead,Onsight,Sport,,70,3200
2023-09-02,Reunion,5.8,,https://www.mountainproject.com/route/106564976/reunion,1,"Colorado > Boulder > Boulder Canyon > Across from The Bihedral aka Cascade Crag",2.1,-1,Lead,Onsight,Sport,,75,2100
2023-09-02,"Lightning Strike",5.11a/b,,https://www.mountainproject.com/route/106564948/lightning-strike,1,"Colorado > Boulder > Boulder Canyon > Across from The Bihedral aka Cascade Crag",2.4,-1,Lead,Redpoint,Sport,,50,4800
2023-09-02,"Lightning Strike",5.11a/b,,https://www.mountainproject.com/route/106564948/lightning-strike,1,"Colorado > Boulder > Boulder Canyon > Across from The Bihedral aka Cascade Crag",2.4,-1,Lead,Fell/Hung,Sport,,50,4800
2023-08-20,Prancer,5.8,,https://www.mountainproject.com/route/111953315/prancer,1,"Colorado > South Platte > Devil's Head > Unicorn Valley",2.1,-1,Lead,Onsight,Sport,,50,2100
2023-08-20,Chippy,5.8,,https://www.mountainproject.com/route/111953333/chippy,1,"Colorado > South Platte > Devil's Head > Unicorn Valley",2.4,-1,Lead,Onsight,Sport,,50,2100
2023-08-20,"Unicorns Fart Rainbows",5.7,,https://www.mountainproject.com/route/110733792/unicorns-fart-rainbows,1,"Colorado > South Platte > Devil's Head > Unicorn Valley",2.0,-1,Lead,Onsight,Sport,,50,1800
2023-08-20,"Crack of a Thousand Echoes",5.9,,https://www.mountainproject.com/route/110710819/crack-of-a-thousand-echoes,1,"Colorado > South Platte > Devil's Head > Unicorn Valley",3.0,-1,Lead,Onsight,Trad,,300,2400
2023-08-20,"Jumping On The Bed",5.8,,https://www.mountainproject.com/route/111953344/jumping-on-the-bed,1,"Colorado > South Platte > Devil's Head > Unicorn Valley",2.1,-1,Lead,Onsight,Sport,,50,2100
2023-08-19,"Consumer Confidence",5.11c,"fell / hung",https://www.mountainproject.com/route/105856523/consumer-confidence,1,"Colorado > Golden > Clear Creek Canyon > New Economy Cliff",1.9,-1,TR,,Sport,,35,5200
2023-08-19,"Selling Short",5.11b,clean,https://www.mountainproject.com/route/105856519/selling-short,1,"Colorado > Golden > Clear Creek Canyon > New Economy Cliff",2.1,-1,TR,,Sport,,35,4900
2023-08-19,"Selling Short",5.11b,"roped solo ",https://www.mountainproject.com/route/105856519/selling-short,1,"Colorado > Golden > Clear Creek Canyon > New Economy Cliff",2.1,-1,Lead,Fell/Hung,Sport,,35,4900
2023-08-19,"High Tech Sector",5.10b,"roped solo ",https://www.mountainproject.com/route/109492886/high-tech-sector,1,"Colorado > Golden > Clear Creek Canyon > New Economy Cliff",2.0,-1,Lead,Onsight,Sport,,90,2900
2023-08-19,"On The Margin",5.10c,"roped solo ",https://www.mountainproject.com/route/105856530/on-the-margin,1,"Colorado > Golden > Clear Creek Canyon > New Economy Cliff",1.7,-1,Lead,Onsight,Sport,,40,3200
2023-08-19,Undervalued,5.10b,"roped solo ",https://www.mountainproject.com/route/105758494/undervalued,1,"Colorado > Golden > Clear Creek Canyon > New Economy Cliff",2.0,-1,Lead,Onsight,Sport,,75,2900
2023-08-19,"Market Meltdown",5.10c,"roped solo",https://www.mountainproject.com/route/105757963/market-meltdown,1,"Colorado > Golden > Clear Creek Canyon > New Economy Cliff",2.9,3,Lead,Onsight,Sport,,90,3200
2023-08-13,"East Colfax","5.11- PG13","Ran out the trad section with no gear and made the clip but couldn't pull the next roof.",https://www.mountainproject.com/route/107221945/east-colfax,2,"Colorado > Golden > Clear Creek Canyon > East Colfax",2.0,-1,Lead,Fell/Hung,"Trad, Sport",,110,4700
2023-08-13,"For the Children",5.4,,https://www.mountainproject.com/route/108606894/for-the-children,1,"Colorado > Golden > Clear Creek Canyon > East Colfax",1.6,-1,Solo,,Sport,,30,1400
2023-08-13,"Just A Smidgen Harder",5.10,,https://www.mountainproject.com/route/109289996/just-a-smidgen-harder,2,"Colorado > Golden > Clear Creek Canyon > East Colfax",2.5,3,Lead,Redpoint,Sport,5.9+,100,3000
2023-08-13,"Warn 'er","5.9- PG13",,https://www.mountainproject.com/route/108846278/warn-er,1,"Colorado > Golden > Clear Creek Canyon > East Colfax",1.8,-1,Lead,Onsight,Trad,,60,2300
2023-08-13,"East Colfax","5.11- PG13",,https://www.mountainproject.com/route/107221945/east-colfax,1,"Colorado > Golden > Clear Creek Canyon > East Colfax",2.0,-1,Lead,Redpoint,"Trad, Sport",,110,4700
2023-08-13,"I Did! I Did!",5.5,,https://www.mountainproject.com/route/108766145/i-did-i-did,1,"Colorado > Golden > Clear Creek Canyon > East Colfax",2.4,-1,Solo,,Sport,,50,1500
2023-08-13,Sylvester,5.8,chacos,https://www.mountainproject.com/route/108766065/sylvester,1,"Colorado > Golden > Clear Creek Canyon > East Colfax",2.2,-1,Lead,Onsight,Sport,,60,2100
2023-08-12,"Jerry the Gnome",5.10b/c,,https://www.mountainproject.com/route/111984595/jerry-the-gnome,1,"Colorado > South Platte > Staunton State Park > Staunton Rocks > Meadow Dome > Tan Corridor > Upper Tan Corridor",2.3,-1,Lead,Redpoint,Sport,,100,3100
2023-08-12,"Three Bite Burrito",5.11a,,https://www.mountainproject.com/route/111971153/three-bite-burrito,1,"Colorado > South Platte > Staunton State Park > Staunton Rocks > Meadow Dome > Tan Corridor > Upper Tan Corridor",2.6,-1,Lead,Redpoint,Sport,,70,4600
2023-08-12,"Dark Knight","5.10c PG13",,https://www.mountainproject.com/route/111708892/dark-knight,1,"Colorado > South Platte > Staunton State Park > Staunton Rocks > Meadow Dome > Tan Corridor > Upper Tan Corridor",2.2,-1,Lead,Redpoint,Sport,,80,3200
2023-08-12,"Ddong Chim!",5.11b,,https://www.mountainproject.com/route/109210084/ddong-chim,1,"Colorado > South Platte > Staunton State Park > Staunton Rocks > Meadow Dome > Tan Corridor > Upper Tan Corridor",3.7,-1,Lead,Redpoint,Sport,,65,4900
2023-08-12,"No Rain",5.10+,,https://www.mountainproject.com/route/108182590/no-rain,1,"Colorado > South Platte > Staunton State Park > Staunton Rocks > Meadow Dome > Tan Corridor > Upper Tan Corridor",2.8,-1,Lead,Redpoint,Sport,,70,3300
2023-08-12,"Reef On It!",5.10-,,https://www.mountainproject.com/route/108152210/reef-on-it,1,"Colorado > South Platte > Staunton State Park > Staunton Rocks > Meadow Dome > Tan Corridor > Upper Tan Corridor",3.4,-1,Lead,Redpoint,Sport,,60,2700
2023-08-05,"East Colfax","5.11- PG13",,https://www.mountainproject.com/route/107221945/east-colfax,1,"Colorado > Golden > Clear Creek Canyon > East Colfax",2.0,-1,Lead,Redpoint,"Trad, Sport",,110,4700
2023-08-05,"Fill In The Blanks",5.9,,https://www.mountainproject.com/route/109028752/fill-in-the-blanks,1,"Colorado > Golden > Clear Creek Canyon > East Colfax",2.8,-1,Lead,Onsight,Sport,,70,2400
2023-08-05,2**6,5.6,,https://www.mountainproject.com/route/108551831/26,1,"Colorado > Golden > Clear Creek Canyon > East Colfax",2.2,-1,Solo,,Sport,,50,1600
2023-08-05,"Hunting Party",5.10b/c,,https://www.mountainproject.com/route/108194669/hunting-party,1,"Colorado > Golden > Clear Creek Canyon > East Colfax",2.1,-1,Lead,Onsight,Sport,,50,3100
2023-08-05,"For The Grandchildren",5.5,,https://www.mountainproject.com/route/109250936/for-the-grandchildren,1,"Colorado > Golden > Clear Creek Canyon > East Colfax",1.6,-1,Solo,,Sport,,50,1500
2023-08-05,"Aurora Sports Park",5.11-,,https://www.mountainproject.com/route/109290129/aurora-sports-park,1,"Colorado > Golden > Clear Creek Canyon > East Colfax",2.4,-1,Lead,Onsight,Sport,,70,4700
2023-08-05,"East Colfax","5.11- PG13","one hung left when I should have gone right",https://www.mountainproject.com/route/107221945/east-colfax,1,"Colorado > Golden > Clear Creek Canyon > East Colfax",2.0,-1,Lead,Fell/Hung,"Trad, Sport",,110,4700
2023-08-05,"One For All",5.5,,https://www.mountainproject.com/route/109376366/one-for-all,1,"Colorado > Golden > Clear Creek Canyon > East Colfax",1.6,-1,Solo,,Sport,,50,1500
2023-08-05,"Just A Smidgen Harder",5.10,,https://www.mountainproject.com/route/109289996/just-a-smidgen-harder,2,"Colorado > Golden > Clear Creek Canyon > East Colfax",2.5,3,Lead,Onsight,Sport,5.9+,100,3000
2023-08-05,"For the Children",5.4,,https://www.mountainproject.com/route/108606894/for-the-children,1,"Colorado > Golden > Clear Creek Canyon > East Colfax",1.6,-1,Solo,,Sport,,30,1400
2023-08-05,"Wild Bore",5.7,,https://www.mountainproject.com/route/107339757/wild-bore,1,"Colorado > Golden > Clear Creek Canyon > East Colfax",2.4,-1,Lead,Onsight,Sport,,90,1800
2023-07-30,"Unknown Crack",5.10c,,https://www.mountainproject.com/route/106531097/unknown-crack,1,"Colorado > South Platte > Elevenmile Canyon > The Icebox",2.2,-1,Lead,Redpoint,Sport,,50,3200
2023-07-30,"Corneal Abrasion",5.6,,https://www.mountainproject.com/route/107729442/corneal-abrasion,1,"Colorado > South Platte > Elevenmile Canyon > The Icebox",2.0,-1,Lead,Redpoint,Sport,,45,1600
2023-07-30,"Brain Freeze",5.10d,,https://www.mountainproject.com/route/105763083/brain-freeze,1,"Colorado > South Platte > Elevenmile Canyon > The Icebox",3.5,-1,Lead,Redpoint,Sport,,120,3500
2023-07-30,GT2,5.11a,"Also hung on GT1, not currently listed on MP.",https://www.mountainproject.com/route/111953492/gt2,1,"Colorado > South Platte > Elevenmile Canyon > Sentinel, The",1.5,-1,Lead,Fell/Hung,Sport,,100,4600
2023-07-30,Zip,5.9+,,https://www.mountainproject.com/route/111953488/zip,1,"Colorado > South Platte > Elevenmile Canyon > Sentinel, The",1.3,-1,Lead,Onsight,Sport,,80,2500
2023-07-29,Billy,5.11b,,https://www.mountainproject.com/route/105755881/billy,1,"Colorado > Golden > Clear Creek Canyon > The Mission Wall",2.9,-1,TR,,Sport,,120,4900
2023-07-29,"Wild Child",5.11a,"roped solo ",https://www.mountainproject.com/route/105758059/wild-child,2,"Colorado > Golden > Clear Creek Canyon > The Mission Wall",3.2,3,Lead,Redpoint,Sport,5.10d,320,4600
2023-07-29,"Gneiss Roof (AKA: Nice Ride)",5.10b,,https://www.mountainproject.com/route/105758952/gneiss-roof-aka-nice-ride,4,"Colorado > Golden > Clear Creek Canyon > The Mission Wall",3.4,4,TR,,Trad,5.10a,250,2900
2023-07-29,"Gneiss Roof (AKA: Nice Ride)",5.10b,"roped solo ",https://www.mountainproject.com/route/105758952/gneiss-roof-aka-nice-ride,4,"Colorado > Golden > Clear Creek Canyon > The Mission Wall",3.4,4,Lead,Redpoint,Trad,5.10a,250,2900
2023-07-23,"The Ramrod",5.10d,,https://www.mountainproject.com/route/121351384/the-ramrod,1,"Colorado > South Platte > Staunton State Park > Dines Cliff > 4. Trail Boss",2.8,-1,Lead,Onsight,Sport,,60,3500
2023-07-23,"Essential Bolters",5.11a/b,,https://www.mountainproject.com/route/121973293/essential-bolters,1,"Colorado > South Platte > Staunton State Park > Dines Cliff > 4. Trail Boss",3.0,-1,TR,,Sport,,50,4800
2023-07-23,"Essential Bolters",5.11a/b,,https://www.mountainproject.com/route/121973293/essential-bolters,1,"Colorado > South Platte > Staunton State Park > Dines Cliff > 4. Trail Boss",3.0,-1,Lead,Fell/Hung,Sport,,50,4800
2023-07-23,"The Waco Kid",5.11a,,https://www.mountainproject.com/route/118882893/the-waco-kid,1,"Colorado > South Platte > Staunton State Park > Dines Cliff > 2. Blazing Saddles",3.5,-1,Lead,Onsight,Sport,,75,4600
2023-07-23,"Doc's Holiday",5.10a,,https://www.mountainproject.com/route/113259130/docs-holiday,1,"Colorado > South Platte > Staunton State Park > Dines Cliff > 2. Blazing Saddles",2.7,-1,Lead,Onsight,Sport,,90,2600
2023-07-23,Bullwhip,5.8,,https://www.mountainproject.com/route/113259093/bullwhip,1,"Colorado > South Platte > Staunton State Park > Dines Cliff > 2. Blazing Saddles",2.5,-1,Lead,Onsight,Trad,,75,2100
2023-07-23,Penstemon,5.9,,https://www.mountainproject.com/route/113259160/penstemon,1,"Colorado > South Platte > Staunton State Park > Dines Cliff > 2. Blazing Saddles",2.1,-1,Lead,Onsight,Trad,,80,2400
2023-07-22,"Flood Control",5.10c,,https://www.mountainproject.com/route/105751912/flood-control,1,"Colorado > Golden > Clear Creek Canyon > River Wall",2.1,-1,TR,,Sport,,,3200
2023-07-22,"Take Me to the River",5.11a,"one hung",https://www.mountainproject.com/route/105748355/take-me-to-the-river,1,"Colorado > Golden > Clear Creek Canyon > River Wall",2.3,-1,TR,,"Sport, TR",,,4600
2023-07-22,"Grilled Trout",5.10c,,https://www.mountainproject.com/route/105748328/grilled-trout,1,"Colorado > Golden > Clear Creek Canyon > River Wall",2.5,-1,TR,,"Sport, TR",,,3200
2023-07-22,"The River Mild",5.10c,,https://www.mountainproject.com/route/105748322/the-river-mild,1,"Colorado > Golden > Clear Creek Canyon > River Wall",2.9,-1,TR,,"Sport, TR",,,3200
2023-07-22,"Bottom Side Down",5.10c/d,"roped solo ",https://www.mountainproject.com/route/105748307/bottom-side-down,1,"Colorado > Golden > Clear Creek Canyon > River Wall",2.6,-1,Lead,Redpoint,"Sport, TR",,,3400
2023-07-22,"Old Man River",5.10c,"roped solo ",https://www.mountainproject.com/route/105750511/old-man-river,1,"Colorado > Golden > Clear Creek Canyon > River Wall",2.3,-1,Lead,Redpoint,Sport,,,3200
2023-07-22,"Muddy Waters",5.10a,"roped solo ",https://www.mountainproject.com/route/105750508/muddy-waters,1,"Colorado > Golden > Clear Creek Canyon > River Wall",2.4,3,Lead,Redpoint,Sport,5.9+,,2600
2023-07-22,"The Put In",5.8-,"roped solo ",https://www.mountainproject.com/route/105751879/the-put-in,1,"Colorado > Golden > Clear Creek Canyon > River Wall",2.0,-1,Lead,Redpoint,Sport,,,2000
2023-07-16,"No Shirt, No Service",5.10a,,https://www.mountainproject.com/route/113834258/no-shirt-no-service,1,"Colorado > South Platte > Devil's Head > Waffle House",2.4,-1,Lead,Redpoint,Sport,,65,2600
2023-07-16,"Awful Waffle",5.8+,,https://www.mountainproject.com/route/113834252/awful-waffle,1,"Colorado > South Platte > Devil's Head > Waffle House",1.5,0,Lead,Fell/Hung,Trad,,65,2200
2023-07-16,"Chicken Lips","5.10+ PG13",,https://www.mountainproject.com/route/120942363/chicken-lips,1,"Colorado > South Platte > Devil's Head > Hole in the Wall",2.0,-1,TR,,"Trad, TR",,90,3300
2023-07-16,"The Apprentice",5.10d,,https://www.mountainproject.com/route/106243035/the-apprentice,1,"Colorado > South Platte > Devil's Head > Hole in the Wall",3.2,-1,Lead,Redpoint,Sport,,85,3500
2023-07-16,"High Plains Poser",5.10c,,https://www.mountainproject.com/route/105806376/high-plains-poser,2,"Colorado > South Platte > Devil's Head > The Crag Ranch",3.2,-1,Lead,Redpoint,Sport,,190,3200
2023-07-16,"Plain High Poser",5.9+,,https://www.mountainproject.com/route/109376232/plain-high-poser,1,"Colorado > South Platte > Devil's Head > The Crag Ranch",2.0,-1,Lead,Redpoint,Sport,,90,2500
2023-07-15,"Junk in the Trunk",5.9+,,https://www.mountainproject.com/route/107152238/junk-in-the-trunk,1,"Colorado > South Platte > Devil's Head > Wipeyur Buttress",2.0,-1,Lead,Redpoint,Sport,,80,2500
2023-07-15,Tailwinds,5.9,,https://www.mountainproject.com/route/107152243/tailwinds,1,"Colorado > South Platte > Devil's Head > Wipeyur Buttress",2.3,-1,TR,,Sport,,80,2400
2023-07-15,"Mr. Hanky",5.9,,https://www.mountainproject.com/route/107175525/mr-hanky,1,"Colorado > South Platte > Devil's Head > Wipeyur Buttress",2.7,-1,Lead,Redpoint,Sport,,80,2400
2023-07-15,"Can You Spare a Square? (18)",5.10c,,https://www.mountainproject.com/route/111916452/can-you-spare-a-square-18,1,"Colorado > South Platte > Devil's Head > Wipeyur Buttress",2.9,-1,Lead,Redpoint,Sport,,80,3200
2023-07-15,"Lord of the Flies",5.10c,,https://www.mountainproject.com/route/106859268/lord-of-the-flies,1,"Colorado > South Platte > Devil's Head > Radio Head",2.7,-1,Lead,Redpoint,Sport,,100,3200
2023-07-15,"Right of Center",5.8,,https://www.mountainproject.com/route/106859277/right-of-center,1,"Colorado > South Platte > Devil's Head > Radio Head",1.8,-1,Lead,Onsight,Sport,,60,2100
2023-07-15,"Left of Center",5.8,,https://www.mountainproject.com/route/107819857/left-of-center,1,"Colorado > South Platte > Devil's Head > Radio Head",1.8,-1,Lead,Onsight,Sport,,50,2100
2023-07-15,Centrist,5.7+,,https://www.mountainproject.com/route/107820121/centrist,1,"Colorado > South Platte > Devil's Head > Radio Head",2.0,-1,Lead,Onsight,Trad,,50,1900
2023-07-15,Centrist,5.7+,,https://www.mountainproject.com/route/107820121/centrist,1,"Colorado > South Platte > Devil's Head > Radio Head",2.0,-1,Solo,,Trad,,50,1900
2023-07-08,"The Staircase",5.5,,https://www.mountainproject.com/route/105752041/the-staircase,2,"Colorado > South Platte > Elevenmile Canyon > Arch Rock",3.1,-1,Solo,,Trad,,,1500
2023-07-08,"Greetings from Butcher's Hill",5.9,,https://www.mountainproject.com/route/117691144/greetings-from-butchers-hill,1,"Colorado > South Platte > Elevenmile Canyon > Arch Rock",2.7,-1,Lead,Onsight,Sport,,75,2400
2023-07-08,"Prow'd Monkey",5.8+,,https://www.mountainproject.com/route/118943324/prowd-monkey,1,"Colorado > South Platte > Elevenmile Canyon > Arch Rock",2.0,-1,Lead,Onsight,Sport,,60,2200
2023-07-08,Blerg,5.8,,https://www.mountainproject.com/route/118943483/blerg,1,"Colorado > South Platte > Elevenmile Canyon > Arch Rock",2.2,-1,Lead,Onsight,Sport,,75,2100
2023-07-08,"Slab n' Grab",5.9,,https://www.mountainproject.com/route/118890862/slab-n-grab,1,"Colorado > South Platte > Elevenmile Canyon > Arch Rock",2.5,-1,Lead,Onsight,Sport,,55,2400
2023-07-08,"Duck Face",5.7,,https://www.mountainproject.com/route/117590729/duck-face,1,"Colorado > South Platte > Elevenmile Canyon > Arch Rock",2.6,-1,Lead,Onsight,Sport,,85,1800
2023-07-04,"Premonition aka Lauren's  Overhang",5.11a/b,"fell / hung 1",https://www.mountainproject.com/route/107170907/premonition-aka-laurens-overhang,1,"Colorado > South Platte > Elevenmile Canyon > Heaven's Gate > The Plebian Wall",3.2,-1,TR,,Sport,,35,4800
2023-07-04,"Premonition aka Lauren's  Overhang",5.11a/b,,https://www.mountainproject.com/route/107170907/premonition-aka-laurens-overhang,1,"Colorado > South Platte > Elevenmile Canyon > Heaven's Gate > The Plebian Wall",3.2,-1,Lead,Fell/Hung,Sport,,35,4800
2023-07-04,"The Funnel",5.10c,,https://www.mountainproject.com/route/118828651/the-funnel,1,"Colorado > South Platte > Elevenmile Canyon > Heaven's Gate > The Plebian Wall",2.8,-1,TR,,Sport,,40,3200
2023-07-04,"The Funnel",5.10c,"roped solo",https://www.mountainproject.com/route/118828651/the-funnel,1,"Colorado > South Platte > Elevenmile Canyon > Heaven's Gate > The Plebian Wall",2.8,-1,Lead,Onsight,Sport,,40,3200
2023-07-04,Intercontinental,5.10b,"roped solo",https://www.mountainproject.com/route/107170867/intercontinental,1,"Colorado > South Platte > Elevenmile Canyon > Heaven's Gate > The Plebian Wall",3.0,-1,Lead,Onsight,Sport,,45,2900
2023-07-02,"Fun-E Face",5.7,,https://www.mountainproject.com/route/117590699/fun-e-face,1,"Colorado > South Platte > Elevenmile Canyon > Arch Rock",2.4,-1,Lead,Redpoint,Sport,,85,1800
2023-07-02,"Smiley Face",5.6,,https://www.mountainproject.com/route/106858368/smiley-face,1,"Colorado > South Platte > Elevenmile Canyon > Arch Rock",1.8,-1,Lead,Redpoint,Sport,,80,1600
2023-07-02,"The Staircase",5.5,,https://www.mountainproject.com/route/105752041/the-staircase,2,"Colorado > South Platte > Elevenmile Canyon > Arch Rock",3.1,-1,Solo,,Trad,,,1500
2023-05-29,"Liken' the Lichen",5.7,"only went half way up and then down climbed because I didn't like the rock quality",https://www.mountainproject.com/route/109526460/liken-the-lichen,1,"Pennsylvania > Southeastern Lowlands > Birdsboro Quarry > d. Zorro Wall",1.4,-1,Solo,,Sport,,,1800
2023-05-29,"Face O Meter",5.10a,,https://www.mountainproject.com/route/106381198/face-o-meter,1,"Pennsylvania > Southeastern Lowlands > Birdsboro Quarry > d. Zorro Wall",2.4,-1,Lead,Onsight,Sport,,,2600
2023-05-29,Geronimo,5.11a,"beta is to use left arete and not go up the middle.",https://www.mountainproject.com/route/109074913/geronimo,1,"Pennsylvania > Southeastern Lowlands > Birdsboro Quarry > d. Zorro Wall",2.1,-1,Lead,Fell/Hung,Sport,,20,4600
2023-05-29,Zorro,5.11c/d,,https://www.mountainproject.com/route/106381207/zorro,1,"Pennsylvania > Southeastern Lowlands > Birdsboro Quarry > d. Zorro Wall",2.8,-1,Lead,Fell/Hung,Sport,,,5400
2023-05-29,"Neophyte's Delight",5.6,,https://www.mountainproject.com/route/107297046/neophytes-delight,1,"Pennsylvania > Southeastern Lowlands > Birdsboro Quarry > c. Neophyte's Wall",1.7,-1,Solo,,Sport,,,1600
2023-05-29,"Whimpering Wookie",5.6,,https://www.mountainproject.com/route/107297056/whimpering-wookie,1,"Pennsylvania > Southeastern Lowlands > Birdsboro Quarry > c. Neophyte's Wall",2.3,-1,Solo,,Sport,,,1600
2023-04-16,Leverage,5.10c,"roped solo",https://www.mountainproject.com/route/106765885/leverage,1,"Colorado > Canon City > Shelf Road > The Bank > 06. Surreal Estate",2.5,-1,Lead,Onsight,Sport,,75,3200
2023-04-16,"Sicilian Style",5.11a/b,"roped solo",https://www.mountainproject.com/route/111694208/sicilian-style,1,"Colorado > Canon City > Shelf Road > The Bank > 06. Surreal Estate",2.2,-1,Lead,Onsight,Sport,,68,4800
2023-04-16,"04. Dave Dangle | 7569",5.11a,,https://www.mountainproject.com/route/108007569/04-dave-dangle-7569,1,"Colorado > Canon City > Shelf Road > The Bank > 04. Dave Dangle",2.5,-1,Lead,Onsight,Sport,,45,4600
2023-04-16,"Stomach Stapler",5.10c,,https://www.mountainproject.com/route/105942799/stomach-stapler,1,"Colorado > Canon City > Shelf Road > The Bank > 04. Dave Dangle",1.8,-1,Lead,Onsight,Sport,,,3200
2023-04-16,Ussen,5.10-,"roped solo",https://www.mountainproject.com/route/108175274/ussen,1,"Colorado > Canon City > Shelf Road > The Bank > 01. Piggy Bank",2.0,2,Lead,Onsight,Sport,5.9+,40,2700
2023-04-16,"Ladies' Night In Buffalo",5.9,"roped solo",https://www.mountainproject.com/route/106994524/ladies-night-in-buffalo,1,"Colorado > Canon City > Shelf Road > The Bank > 01. Piggy Bank",2.1,-1,Lead,Onsight,Sport,,60,2400
2023-04-09,Quickstrike,5.10c,"roped solo",https://www.mountainproject.com/route/111694661/quickstrike,1,"Colorado > Canon City > Shelf Road > The Bank > 05. Thunder Tactics",2.1,-1,Lead,Onsight,Sport,,50,3200
2023-04-09,Trundle,"5.10a PG13","roped solo",https://www.mountainproject.com/route/107106829/trundle,1,"Colorado > Canon City > Shelf Road > The Bank > 06. Surreal Estate",1.1,2,Lead,Onsight,Sport,5.10a,50,2600
2023-04-09,"Tired Arms Recovery Program (T.A.R.P.)",5.9,"roped solo",https://www.mountainproject.com/route/106362564/tired-arms-recovery-program-tarp,1,"Colorado > Canon City > Shelf Road > The Bank > 10. 2150 Wall",2.4,-1,Lead,Onsight,Sport,,50,2400
2022-10-21,"Love Dike",5.9+,"bring 3-4 triple 000's",https://www.mountainproject.com/route/117712744/love-dike,1,"Colorado > Morrison/Evergreen/Littleton > Lover's Leap",2.3,1,Lead,Fell/Hung,Trad,"5.9+ R",90,2500
2022-10-21,Unknown,5.10a,,https://www.mountainproject.com/route/105758293/unknown,1,"Colorado > Morrison/Evergreen/Littleton > Lover's Leap",2.1,-1,Lead,Onsight,"Trad, Sport",,200,2600
2022-10-21,"Lover's Leap",5.7,,https://www.mountainproject.com/route/105754666/lovers-leap,4,"Colorado > Morrison/Evergreen/Littleton > Lover's Leap",2.8,-1,Lead,Onsight,Trad,,,1800
2022-09-18,"Ozone Direct",5.10b,,https://www.mountainproject.com/route/105756856/ozone-direct,1,"Colorado > South Platte > West Creek > Sheep's Nose",3.4,-1,Lead,Fell/Hung,Trad,,180,2900
2022-09-18,"Lost in Space Direct",5.9,,https://www.mountainproject.com/route/105755386/lost-in-space-direct,3,"Colorado > South Platte > West Creek > Sheep's Nose",3.2,-1,Lead,Redpoint,Trad,,,2400
2022-09-04,"Lesser of Two Evils",5.5,,https://www.mountainproject.com/route/112826165/lesser-of-two-evils,1,"Colorado > Golden > Clear Creek Canyon > The Catslab",1.9,-1,Solo,,Sport,,35,1500
2022-09-04,"Thinning the Herd",5.9,,https://www.mountainproject.com/route/112826302/thinning-the-herd,1,"Colorado > Golden > Clear Creek Canyon > The Catslab",1.8,-1,Lead,Onsight,Sport,,40,2400
2022-09-04,"Fleas and Ticks",5.9,,https://www.mountainproject.com/route/109809168/fleas-and-ticks,1,"Colorado > Golden > Clear Creek Canyon > Cats vs. Dogs Wall",2.6,-1,Lead,Onsight,Sport,,85,2400
2022-09-04,"Beer for Life",5.10d,,https://www.mountainproject.com/route/108356129/beer-for-life,1,"Colorado > Golden > Clear Creek Canyon > Cats vs. Dogs Wall",2.6,3,Lead,Onsight,Sport,5.10a,85,3500
2022-09-04,Skimbleshanks,5.8-,,https://www.mountainproject.com/route/105749530/skimbleshanks,1,"Colorado > Golden > Clear Creek Canyon > The Catslab",3.1,-1,Lead,Onsight,Sport,,130,2000
2022-09-04,"Reno Rampage","5.7 PG13",,https://www.mountainproject.com/route/118604822/reno-rampage,1,"Colorado > Golden > Clear Creek Canyon > The Catslab",3.0,2,Solo,,Trad,,105,1800
2022-09-04,"Rumple Teaser",5.10b,,https://www.mountainproject.com/route/105749188/rumple-teaser,1,"Colorado > Golden > Clear Creek Canyon > The Catslab",2.6,-1,Lead,Onsight,Sport,,100,2900
2022-09-04,Grizabella,5.7,,https://www.mountainproject.com/route/105748861/grizabella,1,"Colorado > Golden > Clear Creek Canyon > The Catslab",2.2,-1,Solo,,Sport,,95,1800
2022-09-04,"Kaplan Route",5.6,,https://www.mountainproject.com/route/105763986/kaplan-route,1,"Colorado > Golden > Clear Creek Canyon > The Catslab",2.0,-1,Solo,,Trad,,70,1600
2022-09-04,"Overflow Direct",5.10a,,https://www.mountainproject.com/route/112826254/overflow-direct,1,"Colorado > Golden > Clear Creek Canyon > The Catslab",2.4,-1,Lead,Onsight,Sport,,40,2600
2022-08-28,"Sobriety Check",5.11b,,https://www.mountainproject.com/route/105832643/sobriety-check,1,"Colorado > The Wet Mountains > Hardscrabble Pass > Titanic",3.2,2,Lead,Redpoint,Sport,5.11a,50,4900
2022-08-28,"Sobriety Check",5.11b,"do the split at the top",https://www.mountainproject.com/route/105832643/sobriety-check,1,"Colorado > The Wet Mountains > Hardscrabble Pass > Titanic",3.2,2,Lead,Fell/Hung,Sport,5.11a,50,4900
2022-08-28,"Bumper to Bumper",5.11-,,https://www.mountainproject.com/route/105758215/bumper-to-bumper,1,"Colorado > The Wet Mountains > Hardscrabble Pass > Titanic",3.0,3,Lead,Onsight,Sport,5.11a,90,4700
2022-08-28,"I Did It My Way",5.9-,,https://www.mountainproject.com/route/105757993/i-did-it-my-way,1,"Colorado > The Wet Mountains > Hardscrabble Pass > Titanic",2.5,-1,Lead,Onsight,Sport,,30,2300
2022-08-28,"Road Rage",5.11c,,https://www.mountainproject.com/route/105755359/road-rage,1,"Colorado > The Wet Mountains > Hardscrabble Pass > Titanic",3.0,3,Lead,Fell/Hung,Sport,5.11+,,5200
2022-08-23,"Brain Freeze",5.10d,,https://www.mountainproject.com/route/105763083/brain-freeze,1,"Colorado > South Platte > Elevenmile Canyon > The Icebox",3.5,-1,Lead,Redpoint,Sport,,120,3500
2022-08-23,"Corneal Abrasion",5.6,,https://www.mountainproject.com/route/107729442/corneal-abrasion,1,"Colorado > South Platte > Elevenmile Canyon > The Icebox",2.0,-1,Lead,Redpoint,Sport,,45,1600
2022-08-23,"Frozen in Time",5.12a,,https://www.mountainproject.com/route/106530821/frozen-in-time,1,"Colorado > South Platte > Elevenmile Canyon > The Icebox",3.2,-1,Lead,Redpoint,Sport,,60,6600
2022-08-23,"Frozen in Time",5.12a,,https://www.mountainproject.com/route/106530821/frozen-in-time,1,"Colorado > South Platte > Elevenmile Canyon > The Icebox",3.2,-1,Lead,Fell/Hung,Sport,,60,6600
2022-08-21,"Quackmore Duck",5.10b,,https://www.mountainproject.com/route/111706222/quackmore-duck,1,"Colorado > South Platte > West Creek > Bird Rock > North Side",2.7,-1,Lead,Redpoint,Trad,,45,2900
2022-08-20,"Phoenix Lite",5.12d,,https://www.mountainproject.com/route/121593811/phoenix-lite,1,"Colorado > South Platte > West Creek > Bird Rock > North Side",2.7,-1,TR,,Trad,,50,7500
2022-08-20,"Flipping The Bird",5.12d,,https://www.mountainproject.com/route/117929888/flipping-the-bird,1,"Colorado > South Platte > West Creek > Bird Rock > North Side",3.8,-1,TR,,Sport,,70,7500
2022-08-20,"Brown Thrasher",5.12a/b,,https://www.mountainproject.com/route/112265326/brown-thrasher,1,"Colorado > South Platte > West Creek > Bird Rock > North Side",2.7,-1,TR,,Trad,,70,6800
2022-08-18,"Time Stands Still",5.10b,"Night (9pm-1:30am), roped solo",https://www.mountainproject.com/route/115391614/time-stands-still,7,"Colorado > South Platte > Devil's Head > Devil's Head Rock",3.4,3,,,Sport,,,2900
2022-08-12,Cornelius,5.5,,https://www.mountainproject.com/route/105757021/cornelius,1,"Wyoming > Laramie Area > Vedauwoo > Nautilus",2.6,-1,Lead,Onsight,Trad,,40,1500
2022-08-12,Pretty,5.8,,https://www.mountainproject.com/route/107741865/pretty,1,"Wyoming > Laramie Area > Vedauwoo > Nautilus",2.2,-1,Lead,Onsight,"Sport, TR",,40,2100
2022-08-12,"Easy Jam",5.4,,https://www.mountainproject.com/route/105751825/easy-jam,1,"Wyoming > Laramie Area > Vedauwoo > Nautilus",2.4,-1,Lead,Onsight,Trad,,,1400
2022-08-12,"Mother   1",5.7+,,https://www.mountainproject.com/route/105751369/mother-1,1,"Wyoming > Laramie Area > Vedauwoo > Nautilus",3.4,-1,Lead,Fell/Hung,Trad,,,1900
2022-08-12,"Edward's Crack",5.7,,https://www.mountainproject.com/route/105751021/edwards-crack,2,"Wyoming > Laramie Area > Vedauwoo > Walt's Wall",3.6,-1,Lead,Onsight,Trad,,,1800
2022-08-11,"Walt's Wall",5.4,,https://www.mountainproject.com/route/105751003/walts-wall,2,"Wyoming > Laramie Area > Vedauwoo > Walt's Wall",2.5,-1,Solo,,Trad,,,1400
2022-08-11,"Monkey Wrench",5.10a/b,"aided through crux",https://www.mountainproject.com/route/105757540/monkey-wrench,1,"Wyoming > Laramie Area > Vedauwoo > Valley Massif",3.5,-1,Lead,Fell/Hung,Trad,,120,2800
2022-08-11,"Tea Grinder",5.8,"finished on this after P1 of screw",https://www.mountainproject.com/route/106004346/tea-grinder,2,"Wyoming > Laramie Area > Vedauwoo > Valley Massif",2.9,-1,Lead,Fell/Hung,Trad,,225,2100
2022-08-11,Screw,5.7,"only did pitch one and finished on Tea Grinder",https://www.mountainproject.com/route/105751207/screw,1,"Wyoming > Laramie Area > Vedauwoo > Valley Massif",3.5,-1,Lead,Onsight,Trad,,,1800
2022-08-10,"Conan's Gonads (Conad's)",5.9,,https://www.mountainproject.com/route/105763716/conans-gonads-conads,1,"Colorado > Estes Park Valley > Lumpy Ridge > Twin Owls",3.6,-1,Lead,Fell/Hung,Trad,,,2400
2022-08-10,Backflip,5.9-,,https://www.mountainproject.com/route/105749083/backflip,4,"Colorado > Estes Park Valley > Lumpy Ridge > The Bookmark",3.1,-1,Lead,Onsight,Trad,,,2300
2022-08-09,"Mission Impossible",5.10a,,https://www.mountainproject.com/route/105751036/mission-impossible,1,"Colorado > Estes Park Valley > Lumpy Ridge > The Book > J-Crack Slab Area",2.8,-1,Lead,Onsight,Trad,,,2600
2022-08-09,"Pear Buttress",5.8,,https://www.mountainproject.com/route/105748963/pear-buttress,5,"Colorado > Estes Park Valley > Lumpy Ridge > The Book > J-Crack Slab Area",3.6,-1,Lead,Onsight,Trad,,,2100
2022-08-06,"Wild Child",5.11a,,https://www.mountainproject.com/route/105758059/wild-child,2,"Colorado > Golden > Clear Creek Canyon > The Mission Wall",3.2,3,Lead,Redpoint,Sport,5.10d,320,4600
2022-08-06,"Gneiss Roof (AKA: Nice Ride)",5.10b,,https://www.mountainproject.com/route/105758952/gneiss-roof-aka-nice-ride,3,"Colorado > Golden > Clear Creek Canyon > The Mission Wall",3.4,4,Lead,Redpoint,Trad,5.10a,250,2900
2022-08-06,"Black Gold",5.7,,https://www.mountainproject.com/route/109070301/black-gold,3,"Colorado > Golden > Clear Creek Canyon > Creek Side",3.0,-1,Solo,,Sport,,400,1800
2022-07-31,"Mr. Mistoffeles",5.9,,https://www.mountainproject.com/route/105752509/mr-mistoffeles,1,"Colorado > Golden > Clear Creek Canyon > The Catslab",2.7,-1,Lead,Onsight,Sport,,105,2400
2022-07-31,"Jellicle Cats",5.10a/b,,https://www.mountainproject.com/route/105751141/jellicle-cats,1,"Colorado > Golden > Clear Creek Canyon > The Catslab",2.6,-1,Lead,Onsight,Sport,,140,2800
2022-07-31,"Gumby Cat",5.4,,https://www.mountainproject.com/route/105748858/gumby-cat,1,"Colorado > Golden > Clear Creek Canyon > The Catslab",1.8,-1,Solo,,Sport,,60,1400
2022-07-31,Gus,5.10b,,https://www.mountainproject.com/route/105752515/gus,1,"Colorado > Golden > Clear Creek Canyon > The Catslab",2.6,1,Lead,Onsight,Sport,,90,2900
2022-07-31,MacCavity,5.9+,,https://www.mountainproject.com/route/105752512/maccavity,1,"Colorado > Golden > Clear Creek Canyon > The Catslab",2.7,-1,Lead,Onsight,Sport,,125,2500
2022-07-31,"Crystal Cat",5.9+,,https://www.mountainproject.com/route/111688326/crystal-cat,1,"Colorado > Golden > Clear Creek Canyon > The Catslab",2.7,-1,Lead,Onsight,Sport,,120,2500
2022-07-31,"Summer Fling",5.10a,,https://www.mountainproject.com/route/111691354/summer-fling,1,"Colorado > Golden > Clear Creek Canyon > The Catslab",2.6,-1,Lead,Onsight,Sport,,120,2600
2022-07-31,"Old Deuteronomy",5.10a,,https://www.mountainproject.com/route/105749185/old-deuteronomy,1,"Colorado > Golden > Clear Creek Canyon > The Catslab",2.7,-1,Lead,Onsight,Sport,,100,2600
2022-07-31,Mungajerry,5.10a,,https://www.mountainproject.com/route/105752506/mungajerry,1,"Colorado > Golden > Clear Creek Canyon > The Catslab",2.4,-1,Lead,Onsight,Sport,,100,2600
2022-07-30,"Stewart's Crack",5.8,,https://www.mountainproject.com/route/107308179/stewarts-crack,1,"Colorado > South Platte > Turkey Rocks > Turkey Rock",2.7,-1,Lead,Onsight,Trad,,,2100
2022-07-30,"Left Handed Jew",5.7+,,https://www.mountainproject.com/route/105749284/left-handed-jew,1,"Colorado > South Platte > Turkey Rocks > Turkey Perch",3.2,-1,Lead,Redpoint,"Trad, TR",,70,1900
2022-07-30,"Chopping Block",5.8,,https://www.mountainproject.com/route/112831368/chopping-block,1,"Colorado > South Platte > Turkey Rocks > Turkey Rock",2.5,-1,Lead,Redpoint,Trad,,280,2100
2022-07-30,"Honky Jam Ass Crack",5.7,,https://www.mountainproject.com/route/105750361/honky-jam-ass-crack,1,"Colorado > South Platte > Turkey Rocks > Turkey Perch",2.8,-1,Lead,Redpoint,"Trad, TR",,,1800
2022-07-30,"Jump Start",5.9,,https://www.mountainproject.com/route/106310492/jump-start,1,"Colorado > South Platte > Turkey Rocks > Turkey Rock",2.7,-1,TR,,Trad,,60,2400
2022-07-24,"Out of the Blue",5.8+,,https://www.mountainproject.com/route/108198428/out-of-the-blue,2,"Colorado > Golden > Clear Creek Canyon > Cats vs. Dogs Wall",2.4,-1,Lead,Onsight,Sport,,160,2200
2022-07-24,"Top Dawg",5.10b,,https://www.mountainproject.com/route/109590491/top-dawg,1,"Colorado > Golden > Clear Creek Canyon > Cats vs. Dogs Wall",2.1,-1,Lead,Onsight,Sport,,50,2900
2022-07-24,"Stray Cat",5.8,,https://www.mountainproject.com/route/108198411/stray-cat,1,"Colorado > Golden > Clear Creek Canyon > Cats vs. Dogs Wall",1.9,-1,TR,,Sport,,80,2100
2022-07-24,"New Tricks",5.7+,,https://www.mountainproject.com/route/120843262/new-tricks,1,"Colorado > Golden > Clear Creek Canyon > Cats vs. Dogs Wall",1.8,-1,TR,,Sport,,50,1900
2022-07-24,"Old Dogs",5.7,,https://www.mountainproject.com/route/120773659/old-dogs,1,"Colorado > Golden > Clear Creek Canyon > Cats vs. Dogs Wall",1.9,-1,TR,,Sport,,90,1800
2022-07-17,"Gneiss Roof (AKA: Nice Ride)",5.10b,,https://www.mountainproject.com/route/105758952/gneiss-roof-aka-nice-ride,4,"Colorado > Golden > Clear Creek Canyon > The Mission Wall",3.4,4,Lead,Redpoint,Trad,5.10a,250,2900
2022-07-16,Crackside,5.9+,"done as a sport route",https://www.mountainproject.com/route/105763788/crackside,1,"Colorado > Golden > Clear Creek Canyon > Creek Side",2.5,-1,Lead,Onsight,Trad,,,2500
2022-07-16,"Fish and Chips",5.9+,,https://www.mountainproject.com/route/105763797/fish-and-chips,1,"Colorado > Golden > Clear Creek Canyon > Creek Side",3.5,-1,Lead,Onsight,Sport,,115,2500
2022-07-16,Guppy,5.8,,https://www.mountainproject.com/route/105763794/guppy,1,"Colorado > Golden > Clear Creek Canyon > Creek Side",3.6,-1,Lead,Onsight,Sport,,115,2100
2022-07-03,"Bye, Bye Butterfly",5.11c,,https://www.mountainproject.com/route/105762228/bye-bye-butterfly,1,"Colorado > South Platte > Elevenmile Canyon > Pine Cone Dome",2.5,-1,Lead,Fell/Hung,Sport,,60,5200
2022-07-03,Curtlovesugly,5.11a/b,,https://www.mountainproject.com/route/105764307/curtlovesugly,1,"Colorado > South Platte > Elevenmile Canyon > Pine Cone Dome",2.4,-1,Lead,Fell/Hung,Sport,,70,4800
2022-07-03,"Kabuli (submitted as Talk to Your Toes)",5.10a,,https://www.mountainproject.com/route/106903170/kabuli-submitted-as-talk-to-your-toes,1,"Colorado > South Platte > Elevenmile Canyon > Pine Cone Dome",2.0,-1,Lead,Flash,Sport,,,2600
2022-07-03,"Ben Dover",5.10a,,https://www.mountainproject.com/route/105752020/ben-dover,1,"Colorado > South Platte > Elevenmile Canyon > Pine Cone Dome",2.6,-1,Lead,Redpoint,Sport,,,2600
2022-07-02,"Gneiss Roof (AKA: Nice Ride)",5.10b,,https://www.mountainproject.com/route/105758952/gneiss-roof-aka-nice-ride,4,"Colorado > Golden > Clear Creek Canyon > The Mission Wall",3.4,4,TR,,Trad,5.10a,250,2900
2022-07-02,"Gneiss Roof (AKA: Nice Ride)",5.10b,,https://www.mountainproject.com/route/105758952/gneiss-roof-aka-nice-ride,4,"Colorado > Golden > Clear Creek Canyon > The Mission Wall",3.4,4,Lead,Redpoint,Trad,5.10a,250,2900
2022-06-21,"Playin' Hooky",5.8,,https://www.mountainproject.com/route/106701638/playin-hooky,4,"Colorado > Golden > Clear Creek Canyon > Creek Side",3.3,3,Solo,,Sport,,400,2100
2022-06-21,"Black Gold",5.7,,https://www.mountainproject.com/route/109070301/black-gold,5,"Colorado > Golden > Clear Creek Canyon > Creek Side",3.0,-1,Solo,,Sport,,400,1800
2022-06-21,"Playin' Hooky",5.8,,https://www.mountainproject.com/route/106701638/playin-hooky,4,"Colorado > Golden > Clear Creek Canyon > Creek Side",3.3,3,TR,,Sport,,400,2100
2022-06-21,"Playin' Hooky",5.8,,https://www.mountainproject.com/route/106701638/playin-hooky,4,"Colorado > Golden > Clear Creek Canyon > Creek Side",3.3,3,Lead,Redpoint,Sport,,400,2100
2022-06-18,"The Staircase",5.5,,https://www.mountainproject.com/route/105752041/the-staircase,2,"Colorado > South Platte > Elevenmile Canyon > Arch Rock",3.1,-1,Solo,,Trad,,,1500
2022-06-18,"Hollow Flake",5.6,,https://www.mountainproject.com/route/105753064/hollow-flake,1,"Colorado > South Platte > Elevenmile Canyon > Arch Rock",2.9,-1,Solo,,Trad,,80,1600
2022-06-18,"Phantom Pinnacle","5.7 R",,https://www.mountainproject.com/route/105762462/phantom-pinnacle,1,"Colorado > South Platte > Elevenmile Canyon > Elevenmile Dome",2.3,-1,Solo,,Trad,,290,1800
2022-06-18,"Moby Grape",5.7,,https://www.mountainproject.com/route/105755719/moby-grape,1,"Colorado > South Platte > Elevenmile Canyon > Elevenmile Dome",2.8,-1,Solo,,Trad,,,1800
2022-06-12,"Creek Nation",5.8,,https://www.mountainproject.com/route/112142195/creek-nation,1,"Colorado > Golden > Clear Creek Canyon > Creek Side",2.3,-1,Lead,Onsight,Sport,,75,2100
2022-06-12,"The Oyster Bar",5.9-,,https://www.mountainproject.com/route/112179189/the-oyster-bar,1,"Colorado > Golden > Clear Creek Canyon > Creek Side",2.4,-1,Lead,Onsight,Sport,,80,2300
2022-06-12,PTO,5.8+,,https://www.mountainproject.com/route/112122030/pto,1,"Colorado > Golden > Clear Creek Canyon > Creek Side",2.4,-1,Lead,Onsight,Sport,,80,2200
2022-06-12,"Furlough Day",5.9,,https://www.mountainproject.com/route/109851160/furlough-day,1,"Colorado > Golden > Clear Creek Canyon > Creek Side",2.4,-1,Lead,Onsight,Sport,,230,2400
2022-06-12,"Black Gold",5.7,,https://www.mountainproject.com/route/109070301/black-gold,5,"Colorado > Golden > Clear Creek Canyon > Creek Side",3.0,-1,Lead,Onsight,Sport,,400,1800
2022-06-11,Levada,5.8+,,https://www.mountainproject.com/route/106273826/levada,1,"Colorado > Golden > Clear Creek Canyon > The Canal Zone",2.0,-1,Lead,Onsight,Sport,,80,2200
2022-06-11,"Made In The Shade",5.9-,,https://www.mountainproject.com/route/106210224/made-in-the-shade,1,"Colorado > Golden > Clear Creek Canyon > The Canal Zone",3.1,-1,Lead,Onsight,Sport,,125,2300
2022-06-11,Lambada,5.10a/b,,https://www.mountainproject.com/route/106281067/lambada,1,"Colorado > Golden > Clear Creek Canyon > The Canal Zone",2.5,-1,Lead,Onsight,Sport,,60,2800
2022-06-11,Berga,5.9,,https://www.mountainproject.com/route/113699177/berga,1,"Colorado > Golden > Clear Creek Canyon > The Canal Zone",2.5,-1,Lead,Onsight,Sport,,80,2400
2022-06-11,"Venice Beach",5.8,,https://www.mountainproject.com/route/106506935/venice-beach,1,"Colorado > Golden > Clear Creek Canyon > The Canal Zone",2.2,-1,Lead,Onsight,Sport,,75,2100
2022-06-11,"Dirt Trek",5.8,,https://www.mountainproject.com/route/112017117/dirt-trek,1,"Colorado > Golden > Clear Creek Canyon > The Canal Zone",2.4,-1,Lead,Onsight,Sport,,132,2100
2022-06-11,"Holiday Road",5.8,,https://www.mountainproject.com/route/106505012/holiday-road,1,"Colorado > Golden > Clear Creek Canyon > The Canal Zone",2.2,-1,Lead,Onsight,Sport,,70,2100
2022-06-11,Ripple,5.8,,https://www.mountainproject.com/route/106509465/ripple,1,"Colorado > Golden > Clear Creek Canyon > The Canal Zone",2.3,-1,Lead,Onsight,Sport,,75,2100
2022-06-11,"Bear's Choice",5.10b,,https://www.mountainproject.com/route/106518769/bears-choice,1,"Colorado > Golden > Clear Creek Canyon > The Canal Zone",2.3,-1,Lead,Onsight,Sport,,75,2900
2022-06-11,"Box of Rain",5.8,,https://www.mountainproject.com/route/106511980/box-of-rain,1,"Colorado > Golden > Clear Creek Canyon > The Canal Zone",2.1,-1,Lead,Onsight,Sport,,75,2100
2022-06-11,Beasto,5.10-,,https://www.mountainproject.com/route/106243288/beasto,1,"Colorado > Golden > Clear Creek Canyon > The Canal Zone",2.5,-1,Lead,Onsight,Sport,,70,2700
2022-06-11,"Panama Red",5.10-,,https://www.mountainproject.com/route/106210200/panama-red,1,"Colorado > Golden > Clear Creek Canyon > The Canal Zone",2.8,-1,Lead,Onsight,Sport,,50,2700
2022-06-11,"Turkey Jerky",5.10c,,https://www.mountainproject.com/route/106210059/turkey-jerky,1,"Colorado > Golden > Clear Creek Canyon > The Canal Zone",2.7,-1,Lead,Onsight,Sport,,80,3200
2022-06-11,"Ivy League",5.10a,,https://www.mountainproject.com/route/106210078/ivy-league,1,"Colorado > Golden > Clear Creek Canyon > The Canal Zone",2.5,-1,Lead,Onsight,Sport,,50,2600
2022-06-11,"Gondolier Arete",5.10a,,https://www.mountainproject.com/route/106210217/gondolier-arete,1,"Colorado > Golden > Clear Creek Canyon > The Canal Zone",2.5,-1,Lead,Onsight,Sport,,55,2600
2022-06-11,"Batso Canal",5.10c,,https://www.mountainproject.com/route/106220088/batso-canal,1,"Colorado > Golden > Clear Creek Canyon > The Canal Zone",2.7,-1,Lead,Onsight,Sport,,55,3200
2022-06-11,"The Whopper",5.9,,https://www.mountainproject.com/route/111097367/the-whopper,1,"Colorado > Golden > Clear Creek Canyon > The Canal Zone",2.3,-1,Lead,Onsight,Sport,,50,2400
2022-06-11,"Buckets of Rain",5.9,,https://www.mountainproject.com/route/108243323/buckets-of-rain,1,"Colorado > Golden > Clear Creek Canyon > The Canal Zone",2.3,-1,Lead,Onsight,Sport,,50,2400
2022-06-09,"Shadows of Crowes",5.10c,,https://www.mountainproject.com/route/107254991/shadows-of-crowes,1,"Wyoming > Ten Sleep Canyon > Circus Wall",2.4,-1,Lead,Onsight,Sport,,45,3200
2022-06-09,"You Gotta Play to Win",5.11a,,https://www.mountainproject.com/route/107311834/you-gotta-play-to-win,1,"Wyoming > Ten Sleep Canyon > Circus Wall",2.2,-1,Lead,Onsight,Sport,,,4600
2022-06-09,"I Love the Big Top",5.9,,https://www.mountainproject.com/route/106242038/i-love-the-big-top,1,"Wyoming > Ten Sleep Canyon > Circus Wall",2.7,-1,Lead,Onsight,Sport,,,2400
2022-06-09,"Shadows of Crowes",5.10c,,https://www.mountainproject.com/route/107254991/shadows-of-crowes,1,"Wyoming > Ten Sleep Canyon > Circus Wall",2.4,-1,Lead,Onsight,Sport,,45,3200
2022-06-09,"Lil Smokie Goes to the Circus",5.10d,,https://www.mountainproject.com/route/112021012/lil-smokie-goes-to-the-circus,1,"Wyoming > Ten Sleep Canyon > Circus Wall",2.5,-1,Lead,Onsight,Sport,,35,3500
2022-06-09,"You Gotta Play to Win",5.11a,,https://www.mountainproject.com/route/107311834/you-gotta-play-to-win,1,"Wyoming > Ten Sleep Canyon > Circus Wall",2.2,-1,Lead,Onsight,Sport,,,4600
2022-06-09,"I Love the Big Top",5.9,,https://www.mountainproject.com/route/106242038/i-love-the-big-top,1,"Wyoming > Ten Sleep Canyon > Circus Wall",2.7,-1,Lead,Onsight,Sport,,,2400
2022-06-09,"Circus in the Wind",5.11a/b,,https://www.mountainproject.com/route/105856757/circus-in-the-wind,1,"Wyoming > Ten Sleep Canyon > Circus Wall",3.7,-1,Lead,Redpoint,Sport,,70,4800
2022-06-08,"Who Dunnit?",5.10c,,https://www.mountainproject.com/route/109477177/who-dunnit,1,"Wyoming > Ten Sleep Canyon > Dry Wall > 03. Cheese Roof",3.4,4,Lead,Onsight,Sport,,95,3200
2022-06-08,"Sweet Cheeses",5.11-,"cheated mono on injured finger",https://www.mountainproject.com/route/107771977/sweet-cheeses,1,"Wyoming > Ten Sleep Canyon > Dry Wall > 03. Cheese Roof",1.6,-1,Lead,Fell/Hung,Sport,,65,4700
2022-06-08,Neufchatel,5.10b,,https://www.mountainproject.com/route/122500931/neufchatel,1,"Wyoming > Ten Sleep Canyon > Dry Wall > 05. The Weasel Corner",2.9,-1,Lead,Onsight,Sport,,70,2900
2022-06-08,"Pop Quiz",5.10b,,https://www.mountainproject.com/route/111003501/pop-quiz,1,"Wyoming > Ten Sleep Canyon > Dry Wall > 04. The Last Temptation Wall",2.7,-1,Lead,Onsight,Sport,,70,2900
2022-06-08,Gout,5.11-,soft,https://www.mountainproject.com/route/120996749/gout,1,"Wyoming > Ten Sleep Canyon > Dry Wall > 05. The Weasel Corner",3.2,4,TR,,Sport,5.11a,70,4700
2022-06-06,"House of Cards",5.10a,,https://www.mountainproject.com/route/117685486/house-of-cards,1,"Wyoming > Ten Sleep Canyon > Valhalla > 4. House Wall",2.3,-1,Lead,Onsight,Sport,,,2600
2022-06-06,"House Party",5.10b,"1 hung",https://www.mountainproject.com/route/117124191/house-party,1,"Wyoming > Ten Sleep Canyon > Valhalla > 4. House Wall",2.1,-1,Lead,Fell/Hung,Sport,,60,2900
2022-06-06,"Some Boys Never Learn",5.10c,,https://www.mountainproject.com/route/105856626/some-boys-never-learn,1,"Wyoming > Ten Sleep Canyon > Valhalla > 2. Munitions Roof",2.8,-1,Lead,Onsight,Sport,,,3200
2022-06-06,"Anarchy and an AK-47",5.9,,https://www.mountainproject.com/route/106239765/anarchy-and-an-ak-47,1,"Wyoming > Ten Sleep Canyon > Valhalla > 2. Munitions Roof",2.0,-1,Lead,Onsight,Sport,,50,2400
2022-06-06,"Bisquick Thunderdome",5.12,"just worked the slab",https://www.mountainproject.com/route/106159361/bisquick-thunderdome,1,"Wyoming > Ten Sleep Canyon > Mondo Beyondo > Downpour Wall",3.5,-1,Lead,Fell/Hung,Sport,,70,7000
2022-06-06,"School's Out",5.10d,"4 hung",https://www.mountainproject.com/route/105846613/schools-out,1,"Wyoming > Ten Sleep Canyon > Mondo Beyondo > Downpour Wall",3.3,-1,Lead,Fell/Hung,Sport,,75,3500
2022-06-05,"Big Bear Memorial",5.10b,,https://www.mountainproject.com/route/107199072/big-bear-memorial,1,"Wyoming > Ten Sleep Canyon > Hound Dog Crag",3.7,-1,Lead,Onsight,Sport,,100,2900
2022-06-05,"Circus in the Wind",5.11a/b,,https://www.mountainproject.com/route/105856757/circus-in-the-wind,1,"Wyoming > Ten Sleep Canyon > Circus Wall",3.7,-1,Lead,Onsight,Sport,,70,4800
2022-06-05,"Step Right This Way",5.10c,,https://www.mountainproject.com/route/106159394/step-right-this-way,1,"Wyoming > Ten Sleep Canyon > Circus Wall",2.8,-1,Lead,Onsight,Sport,,45,3200
2022-06-05,"Insane Hound Posse",5.10b,,https://www.mountainproject.com/route/106199504/insane-hound-posse,1,"Wyoming > Ten Sleep Canyon > Wall of Denial",3.2,-1,Lead,Onsight,Sport,,80,2900
2022-06-05,"Death Flake from HELL",5.10a,,https://www.mountainproject.com/route/106818379/death-flake-from-hell,1,"Wyoming > Ten Sleep Canyon > Wall of Denial",3.5,-1,Lead,Onsight,Sport,,90,2600
2022-05-28,"The Martyr",5.9+,,https://www.mountainproject.com/route/105756922/the-martyr,2,"Colorado > Colorado Springs > Old Stage Road > Saint Peter's Overlook",3.8,4,Lead,Redpoint,Trad,,300,2500
2022-05-08,"Fractured Fairytales",5.7,,https://www.mountainproject.com/route/106911087/fractured-fairytales,1,"Colorado > South Platte > Goose Creek/Molly Gulch Campground > Sheeprock > Helen's Dome",2.6,-1,Solo,,Sport,,800,1800
2022-05-08,"Fool's Gold",5.9+,,https://www.mountainproject.com/route/105750802/fools-gold,2,"Colorado > South Platte > Goose Creek/Molly Gulch Campground > Sheeprock > Helen's Dome",3.4,-1,Lead,Onsight,"Trad, Sport",,,2500
2022-05-07,"Gettin' the Groove",5.7,,https://www.mountainproject.com/route/109227687/gettin-the-groove,1,"Colorado > South Platte > Goose Creek/Molly Gulch Campground > Sheeprock > Helen's Dome",2.9,-1,Lead,Onsight,Sport,,110,1800
2022-05-07,"Fractured Fairytales",5.7,,https://www.mountainproject.com/route/106911087/fractured-fairytales,1,"Colorado > South Platte > Goose Creek/Molly Gulch Campground > Sheeprock > Helen's Dome",2.6,-1,Solo,,Sport,,800,1800
2022-05-01,"Left Handed Jew",5.7+,"roped solo ",https://www.mountainproject.com/route/105749284/left-handed-jew,1,"Colorado > South Platte > Turkey Rocks > Turkey Perch",3.2,-1,Lead,Redpoint,"Trad, TR",,70,1900
2022-05-01,"Reefer Madness",5.8,"roped solo",https://www.mountainproject.com/route/105748822/reefer-madness,1,"Colorado > South Platte > Turkey Rocks > Turkey Perch",2.9,-1,Solo,,Trad,,,2100
2022-05-01,"Honky Jam Ass Crack",5.7,"roped solo ",https://www.mountainproject.com/route/105750361/honky-jam-ass-crack,1,"Colorado > South Platte > Turkey Rocks > Turkey Perch",2.8,-1,Lead,Redpoint,"Trad, TR",,,1800
2022-04-30,"Left Handed Jew",5.7+,,https://www.mountainproject.com/route/105749284/left-handed-jew,1,"Colorado > South Platte > Turkey Rocks > Turkey Perch",3.2,-1,TR,,"Trad, TR",,70,1900
2022-04-30,"Reefer Madness",5.8,,https://www.mountainproject.com/route/105748822/reefer-madness,1,"Colorado > South Platte > Turkey Rocks > Turkey Perch",2.9,-1,TR,,Trad,,,2100
2022-04-30,"Honky Jam Ass Crack",5.7,,https://www.mountainproject.com/route/105750361/honky-jam-ass-crack,1,"Colorado > South Platte > Turkey Rocks > Turkey Perch",2.8,-1,TR,,"Trad, TR",,,1800
2022-04-30,"Honky Jam Ass Crack",5.7,,https://www.mountainproject.com/route/105750361/honky-jam-ass-crack,1,"Colorado > South Platte > Turkey Rocks > Turkey Perch",2.8,-1,Lead,Redpoint,"Trad, TR",,,1800
2022-01-17,"Access All Areas",5.10d,,https://www.mountainproject.com/route/106036927/access-all-areas,1,"Colorado > Canon City > Shelf Road > Spiney Ridge",2.6,-1,Lead,Onsight,Sport,,60,3500
2022-01-17,Keystone,5.12c,worked,https://www.mountainproject.com/route/108013337/keystone,1,"Colorado > Canon City > Shelf Road > Spiney Ridge",2.0,-1,TR,,Sport,,,7200
2022-01-17,Cornerstone,5.11a/b,,https://www.mountainproject.com/route/105862459/cornerstone,1,"Colorado > Canon City > Shelf Road > Spiney Ridge",2.9,-1,Lead,Onsight,Sport,,80,4800
2022-01-17,"Purple Toe Nails",5.11c,,https://www.mountainproject.com/route/105763212/purple-toe-nails,1,"Colorado > Canon City > Shelf Road > Spiney Ridge",3.6,-1,Lead,Redpoint,Sport,,80,5200
2022-01-17,"Early Bird",5.10b,,https://www.mountainproject.com/route/105802985/early-bird,1,"Colorado > Canon City > Shelf Road > Cactus Cliff > E. Cactus Cliff Far Right (Funkdemental and right)",2.5,-1,Lead,Redpoint,Sport,,80,2900
2022-01-17,"Chompin' at the Cholla",5.9,,https://www.mountainproject.com/route/105755956/chompin-at-the-cholla,1,"Colorado > Canon City > Shelf Road > Cactus Cliff > E. Cactus Cliff Far Right (Funkdemental and right)",2.3,-1,Lead,Redpoint,Sport,,55,2400
2022-01-16,"Early Bird",5.10b,,https://www.mountainproject.com/route/105802985/early-bird,1,"Colorado > Canon City > Shelf Road > Cactus Cliff > E. Cactus Cliff Far Right (Funkdemental and right)",2.5,-1,Lead,Onsight,Sport,,80,2900
2022-01-16,"Chompin' at the Cholla",5.9,,https://www.mountainproject.com/route/105755956/chompin-at-the-cholla,1,"Colorado > Canon City > Shelf Road > Cactus Cliff > E. Cactus Cliff Far Right (Funkdemental and right)",2.3,-1,Lead,Onsight,Sport,,55,2400
2022-01-16,"Don't Be Messin' With Ma Moves",5.10d,,https://www.mountainproject.com/route/105755932/dont-be-messin-with-ma-moves,1,"Colorado > Canon City > Shelf Road > Cactus Cliff > E. Cactus Cliff Far Right (Funkdemental and right)",2.0,-1,Lead,Onsight,Sport,,70,3500
2022-01-16,"Are You Experiential?",5.10d,"hard as a rope solo",https://www.mountainproject.com/route/105753547/are-you-experiential,1,"Colorado > Canon City > Shelf Road > Cactus Cliff > E. Cactus Cliff Far Right (Funkdemental and right)",2.2,-1,Lead,Onsight,Sport,,70,3500
2022-01-16,"Morning Joe",5.9,,https://www.mountainproject.com/route/107414229/morning-joe,1,"Colorado > Canon City > Shelf Road > Cactus Cliff > E. Cactus Cliff Far Right (Funkdemental and right)",2.4,-1,Lead,Onsight,Sport,,75,2400
2022-01-16,"Richard Simmons' Tanktop",5.10b/c,,https://www.mountainproject.com/route/105761649/richard-simmons-tanktop,1,"Colorado > Canon City > Shelf Road > Cactus Cliff > E. Cactus Cliff Far Right (Funkdemental and right)",1.9,-1,Lead,Onsight,Sport,,80,3100
2022-01-16,"LaCholla Jackson",5.8+,,https://www.mountainproject.com/route/105753220/lacholla-jackson,1,"Colorado > Canon City > Shelf Road > Cactus Cliff > E. Cactus Cliff Far Right (Funkdemental and right)",3.2,-1,Lead,Onsight,Sport,,75,2200
2022-01-01,"Keystone Slops",5.10b,,https://www.mountainproject.com/route/120295145/keystone-slops,1,"Nevada > Southern Nevada > La Madre Area > Lone Mountain > Cheap Beer Crag",2.8,-1,Lead,Onsight,Sport,,70,2900
2022-01-01,"King of Beers",5.10c,,https://www.mountainproject.com/route/120295046/king-of-beers,1,"Nevada > Southern Nevada > La Madre Area > Lone Mountain > Cheap Beer Crag",2.7,-1,Lead,Onsight,Sport,,70,3200
2022-01-01,"Easy Does It",5.7,,https://www.mountainproject.com/route/118784267/easy-does-it,1,"Nevada > Southern Nevada > La Madre Area > Lone Mountain > Cheap Beer Crag",2.1,-1,Lead,Onsight,Sport,,60,1800
2022-01-01,"Big Favor",5.10c,,https://www.mountainproject.com/route/114150541/big-favor,1,"Nevada > Southern Nevada > La Madre Area > Lone Mountain > Urban Crag",2.8,-1,Lead,Onsight,Sport,,50,3200
2022-01-01,Navajo,5.10b,,https://www.mountainproject.com/route/109850371/navajo,1,"Nevada > Southern Nevada > La Madre Area > Lone Mountain > Urban Crag",2.0,-1,Lead,Onsight,Sport,5.10b,,2900
2021-12-31,"One Flew Over a Cactus Nest",5.10b,,https://www.mountainproject.com/route/116697386/one-flew-over-a-cactus-nest,1,"Nevada > Southern Nevada > Red Rocks > First Pullout (Calico I) > Cactus Massacre",2.6,-1,Lead,Onsight,Sport,,70,2900
2021-12-31,"Cactus Head",5.9,,https://www.mountainproject.com/route/116697590/cactus-head,1,"Nevada > Southern Nevada > Red Rocks > First Pullout (Calico I) > Cactus Massacre",1.6,-1,Lead,Onsight,Trad,,90,2400
2021-12-29,"Packing Heat",5.10b/c,,https://www.mountainproject.com/route/118139958/packing-heat,1,"Nevada > Southern Nevada > La Madre Area > Cheyenne Mountain > The Gun Club > Right (North) Wall",2.6,-1,Lead,Onsight,Sport,,40,3100
2021-12-29,ATraverse,5.8,,https://www.mountainproject.com/route/106571034/atraverse,1,"Nevada > Southern Nevada > La Madre Area > Cheyenne Mountain > The Gun Club > Right (North) Wall",0.5,-1,Lead,Onsight,Sport,,40,2100
2021-12-29,"Under Cover",5.10c,,https://www.mountainproject.com/route/116212197/under-cover,1,"Nevada > Southern Nevada > La Madre Area > Cheyenne Mountain > The Gun Club > Right (North) Wall",2.6,-1,Lead,Onsight,Sport,,,3200
2021-12-25,"Unknown 5.11",5.11b,,https://www.mountainproject.com/route/118282639/unknown-511,1,"Colorado > Canon City > Shelf Road > The Bank > Quarry Wall at the Bank",2.0,-1,Lead,Onsight,Sport,,40,4900
2021-12-25,"Pitchfork Posse",5.10b/c,,https://www.mountainproject.com/route/116763028/pitchfork-posse,1,"Colorado > Canon City > Shelf Road > The Bank > Quarry Wall at the Bank",2.0,-1,Lead,Onsight,Sport,,40,3100
2021-12-25,"The Royal Scam",5.9+,,https://www.mountainproject.com/route/116762989/the-royal-scam,1,"Colorado > Canon City > Shelf Road > The Bank > Quarry Wall at the Bank",2.6,-1,Lead,Onsight,Sport,,40,2500
2021-12-25,"Anarchy X",5.11b,"done as a sport route",https://www.mountainproject.com/route/118282548/anarchy-x,1,"Colorado > Canon City > Shelf Road > The Bank > Quarry Wall at the Bank",2.2,-1,Lead,Onsight,Trad,,45,4900
2021-12-25,"The Sun Always Shines on TV",5.10a,,https://www.mountainproject.com/route/116762731/the-sun-always-shines-on-tv,1,"Colorado > Canon City > Shelf Road > The Bank > Quarry Wall at the Bank",2.8,-1,Lead,Onsight,Sport,,60,2600
2021-12-25,"Play a Volta",5.9,,https://www.mountainproject.com/route/116762825/play-a-volta,1,"Colorado > Canon City > Shelf Road > The Bank > Quarry Wall at the Bank",2.1,-1,Solo,,Sport,,40,2400
2021-12-25,"Genius Jackson",5.7,,https://www.mountainproject.com/route/116762964/genius-jackson,1,"Colorado > Canon City > Shelf Road > The Bank > Quarry Wall at the Bank",2.3,-1,Solo,,Sport,,40,1800
2021-12-25,"The Last in Line",5.7,,https://www.mountainproject.com/route/116762864/the-last-in-line,1,"Colorado > Canon City > Shelf Road > The Bank > Quarry Wall at the Bank",2.1,-1,Solo,,Sport,5.5,40,1800
2021-12-25,"Heart & Soul",5.7,,https://www.mountainproject.com/route/116762918/heart-soul,1,"Colorado > Canon City > Shelf Road > The Bank > Quarry Wall at the Bank",2.1,-1,Solo,,Sport,,40,1800
2021-12-25,"Pet Your Friends",5.7,,https://www.mountainproject.com/route/116762940/pet-your-friends,1,"Colorado > Canon City > Shelf Road > The Bank > Quarry Wall at the Bank",2.4,-1,Solo,,Sport,,,1800
2021-12-25,"Pear Shaped",5.7,,https://www.mountainproject.com/route/116763086/pear-shaped,1,"Colorado > Canon City > Shelf Road > The Bank > Quarry Wall at the Bank",2.5,-1,Solo,,Sport,,40,1800
2021-12-19,"Lick and a Promise",5.10c,,https://www.mountainproject.com/route/107454465/lick-and-a-promise,1,"Colorado > Canon City > Shelf Road > The Bank > 01. Piggy Bank",2.9,-1,Lead,Onsight,Sport,,60,3200
2021-12-19,"Gen X ation (aka Musso Route)",5.10d,,https://www.mountainproject.com/route/106963977/gen-x-ation-aka-musso-route,1,"Colorado > Canon City > Shelf Road > The Bank > 01. Piggy Bank",3.2,-1,Lead,Onsight,Sport,,,3500
2021-12-19,"Disciples of Hell",5.11b,,https://www.mountainproject.com/route/106621265/disciples-of-hell,1,"Colorado > Canon City > Shelf Road > The Bank > 01. Piggy Bank",2.2,-1,Lead,Onsight,Sport,,70,4900
2021-12-19,"Heaven is Waiting",5.10+,,https://www.mountainproject.com/route/106990704/heaven-is-waiting,1,"Colorado > Canon City > Shelf Road > The Bank > 01. Piggy Bank",3.1,-1,Lead,Onsight,Sport,,60,3300
2021-12-19,"Shady Character",5.10a,,https://www.mountainproject.com/route/106994617/shady-character,1,"Colorado > Canon City > Shelf Road > The Bank > 01. Piggy Bank",2.7,-1,Lead,Onsight,Sport,5.9+,,2600
2021-12-19,"Piñon Slalom",5.9,,https://www.mountainproject.com/route/106994597/pinon-slalom,1,"Colorado > Canon City > Shelf Road > The Bank > 01. Piggy Bank",2.1,3,Lead,Onsight,Sport,5.8,,2400
2021-12-12,Funkdemental,5.11a,,https://www.mountainproject.com/route/105754546/funkdemental,1,"Colorado > Canon City > Shelf Road > Cactus Cliff > E. Cactus Cliff Far Right (Funkdemental and right)",3.4,-1,Lead,Redpoint,Sport,,85,4600
2021-12-12,"The Raven",5.9+,,https://www.mountainproject.com/route/105755863/the-raven,1,"Colorado > Canon City > Shelf Road > Cactus Cliff > D. Cactus Cliff Right (left of Funkdemental)",2.7,-1,Lead,Onsight,Sport,,75,2500
2021-12-12,Relampago,5.10,,https://www.mountainproject.com/route/105759111/relampago,1,"Colorado > Canon City > Shelf Road > Cactus Cliff > E. Cactus Cliff Far Right (Funkdemental and right)",2.3,2,Lead,Onsight,Sport,,80,3000
2021-12-12,"Politically Incorrect",5.10c,,https://www.mountainproject.com/route/105754477/politically-incorrect,1,"Colorado > Canon City > Shelf Road > Cactus Cliff > E. Cactus Cliff Far Right (Funkdemental and right)",3.1,-1,Lead,Redpoint,Sport,,80,3200
2021-12-12,"Kalahari Sidewinder",5.8,,https://www.mountainproject.com/route/105758988/kalahari-sidewinder,1,"Colorado > Canon City > Shelf Road > Cactus Cliff > B. Cactus Cliff Left (Muscle Beach & right)",1.7,-1,Lead,Onsight,Sport,,40,2100
2021-12-12,Kodachrome,5.9,,https://www.mountainproject.com/route/106344281/kodachrome,1,"Colorado > Canon City > Shelf Road > Cactus Cliff > B. Cactus Cliff Left (Muscle Beach & right)",2.0,-1,Lead,Onsight,Sport,,75,2400
2021-12-12,Dihedrus,5.10b,,https://www.mountainproject.com/route/105752839/dihedrus,1,"Colorado > Canon City > Shelf Road > Cactus Cliff > B. Cactus Cliff Left (Muscle Beach & right)",3.0,1,Lead,Redpoint,Sport,,75,2900
2021-12-05,"Prarie Dog",5.10c/d,,https://www.mountainproject.com/route/105752965/prarie-dog,1,"Colorado > Denver South > Castlewood Canyon SP > Wendell Spire",1.9,-1,Lead,Fell/Hung,Sport,,,3400
2021-12-05,"Bag of Tricks aka Flake",5.10a,,https://www.mountainproject.com/route/105751948/bag-of-tricks-aka-flake,1,"Colorado > Denver South > Castlewood Canyon SP > Wendell Spire",1.7,-1,Lead,Onsight,Sport,,,2600
2021-12-05,"The Sub",5.12d,worked,https://www.mountainproject.com/route/105752959/the-sub,1,"Colorado > Denver South > Castlewood Canyon SP > Wendell Spire",3.5,-1,TR,,Sport,,,7500
2021-12-05,"Nob Job",5.10d,,https://www.mountainproject.com/route/105751987/nob-job,1,"Colorado > Denver South > Castlewood Canyon SP > Wendell Spire",2.9,-1,Lead,Redpoint,Sport,,,3500
2021-12-04,"Flakeus Maximus",5.11a,,https://www.mountainproject.com/route/110386865/flakeus-maximus,1,"Colorado > Canon City > Shelf Road > The Gallery > Far Side",3.6,-1,Lead,Onsight,Sport,,60,4600
2021-12-04,"Monkey Jungle",5.10a,,https://www.mountainproject.com/route/111726314/monkey-jungle,1,"Colorado > Canon City > Shelf Road > The Gallery > The Zoo at the Far Side",2.6,-1,Lead,Onsight,Sport,,70,2600
2021-12-04,Scorpions,5.10c/d,,https://www.mountainproject.com/route/111726326/scorpions,1,"Colorado > Canon City > Shelf Road > The Gallery > The Zoo at the Far Side",2.4,-1,Lead,Onsight,Sport,,70,3400
2021-12-04,"Zoo York Kitty",5.11-,,https://www.mountainproject.com/route/111726345/zoo-york-kitty,1,"Colorado > Canon City > Shelf Road > The Gallery > The Zoo at the Far Side",2.7,-1,Lead,Onsight,Sport,,70,4700
2021-12-04,"Jurassic Parking Lot",5.11a,,https://www.mountainproject.com/route/111726383/jurassic-parking-lot,1,"Colorado > Canon City > Shelf Road > The Gallery > The Zoo at the Far Side",2.6,-1,Lead,Onsight,Sport,,50,4600
2021-12-04,"Pet Peeves",5.10c,,https://www.mountainproject.com/route/111728475/pet-peeves,1,"Colorado > Canon City > Shelf Road > The Gallery > The Zoo at the Far Side",2.7,3,Lead,Onsight,Sport,5.10a,70,3200
2021-12-04,Catitude,5.11-,,https://www.mountainproject.com/route/111728490/catitude,1,"Colorado > Canon City > Shelf Road > The Gallery > The Zoo at the Far Side",3.1,-1,Lead,Onsight,Sport,,70,4700
2021-12-04,"Petting Zoo",5.10d,,https://www.mountainproject.com/route/111728505/petting-zoo,1,"Colorado > Canon City > Shelf Road > The Gallery > The Zoo at the Far Side",2.8,3,Lead,Onsight,Sport,5.10c,60,3500
2021-11-28,"Morning Stretch",5.11b,,https://www.mountainproject.com/route/105758482/morning-stretch,1,"Colorado > Canon City > Shelf Road > The Gym",2.9,-1,Lead,Redpoint,Sport,,80,4900
2021-11-28,"The Great Escape",5.11c,,https://www.mountainproject.com/route/105758497/the-great-escape,1,"Colorado > Canon City > Shelf Road > The Gym",2.5,-1,Lead,Redpoint,Sport,,70,5200
2021-11-28,Crystal,5.11b,,https://www.mountainproject.com/route/105758512/crystal,1,"Colorado > Canon City > Shelf Road > The Gym",3.5,-1,Lead,Redpoint,Sport,,60,4900
2021-11-28,"Shorty Bob",5.10c,,https://www.mountainproject.com/route/105827564/shorty-bob,1,"Colorado > Canon City > Shelf Road > The Gym",2.7,-1,Lead,,Sport,,70,3200
2021-11-28,"Third Stage",5.10b/c,,https://www.mountainproject.com/route/105752845/third-stage,1,"Colorado > Canon City > Shelf Road > Cactus Cliff > B. Cactus Cliff Left (Muscle Beach & right)",2.6,-1,Lead,Redpoint,Sport,,80,3100
2021-11-28,Dihedrus,5.10b,,https://www.mountainproject.com/route/105752839/dihedrus,1,"Colorado > Canon City > Shelf Road > Cactus Cliff > B. Cactus Cliff Left (Muscle Beach & right)",3.0,1,Lead,Redpoint,Sport,,75,2900
2021-11-28,"Illegal Smile",5.11b,,https://www.mountainproject.com/route/105929386/illegal-smile,1,"Colorado > Canon City > Shelf Road > Cactus Cliff > A. Cactus Cliff Far Left (left of Muscle Beach)",3.6,-1,Lead,Redpoint,Sport,,80,4900
2021-11-21,"The Sub",5.12d,worked,https://www.mountainproject.com/route/105752959/the-sub,1,"Colorado > Denver South > Castlewood Canyon SP > Wendell Spire",3.5,-1,TR,,Sport,,,7500
2021-11-21,"The Sub",5.12d,worked,https://www.mountainproject.com/route/105752959/the-sub,1,"Colorado > Denver South > Castlewood Canyon SP > Wendell Spire",3.5,-1,TR,,Sport,,,7500
2021-11-21,"Song from the Wood",5.12b,,https://www.mountainproject.com/route/105753883/song-from-the-wood,1,"Colorado > Denver South > Castlewood Canyon SP > Wendell Spire",3.6,-1,Lead,Fell/Hung,Sport,,,6900
2021-11-21,"Cobble Wobble",5.11a,,https://www.mountainproject.com/route/105749554/cobble-wobble,1,"Colorado > Denver South > Castlewood Canyon SP > Wendell Spire",2.9,-1,Lead,Onsight,Sport,,,4600
2021-11-21,"Nob Job",5.10d,,https://www.mountainproject.com/route/105751987/nob-job,1,"Colorado > Denver South > Castlewood Canyon SP > Wendell Spire",2.9,-1,Lead,Onsight,Sport,,,3500
2021-11-20,Funkdemental,5.11a,,https://www.mountainproject.com/route/105754546/funkdemental,1,"Colorado > Canon City > Shelf Road > Cactus Cliff > E. Cactus Cliff Far Right (Funkdemental and right)",3.4,-1,Lead,Redpoint,Sport,,85,4600
2021-11-20,Escalando,5.11b,,https://www.mountainproject.com/route/105754840/escalando,1,"Colorado > Canon City > Shelf Road > Cactus Cliff > E. Cactus Cliff Far Right (Funkdemental and right)",2.5,3,Lead,Redpoint,Sport,5.11a,80,4900
2021-11-20,"Et Tu, Brutus",5.10d,,https://www.mountainproject.com/route/105862579/et-tu-brutus,1,"Colorado > Canon City > Shelf Road > Cactus Cliff > E. Cactus Cliff Far Right (Funkdemental and right)",0.7,-1,TR,,Sport,,60,3500
2021-11-20,"I Claudius",5.11a,,https://www.mountainproject.com/route/105757618/i-claudius,1,"Colorado > Canon City > Shelf Road > Cactus Cliff > E. Cactus Cliff Far Right (Funkdemental and right)",3.5,4,Lead,Redpoint,Sport,,75,4600
2021-11-20,"I Lean",5.11a,,https://www.mountainproject.com/route/105830383/i-lean,1,"Colorado > Canon City > Shelf Road > Cactus Cliff > E. Cactus Cliff Far Right (Funkdemental and right)",3.2,-1,Lead,Redpoint,Sport,,80,4600
2021-11-20,"The Stand",5.10b/c,,https://www.mountainproject.com/route/105759684/the-stand,1,"Colorado > Canon City > Shelf Road > Cactus Cliff > D. Cactus Cliff Right (left of Funkdemental)",2.6,-1,Lead,Onsight,Sport,,75,3100
2021-11-20,"Cheeseburger In Paradise",5.10-,,https://www.mountainproject.com/route/106141750/cheeseburger-in-paradise,1,"Colorado > Canon City > Shelf Road > Cactus Cliff > D. Cactus Cliff Right (left of Funkdemental)",2.4,-1,Lead,Redpoint,Sport,,,2700
2021-11-14,Ergo,5.10c,,https://www.mountainproject.com/route/106049124/ergo,1,"New Mexico > Santa Fe Area > Diablo Canyon > Early Wall > Runway (Lower Tier)",2.9,-1,Lead,Onsight,Sport,,80,3200
2021-11-14,"The Mile-High Club",5.9,,https://www.mountainproject.com/route/116797534/the-mile-high-club,1,"New Mexico > Santa Fe Area > Diablo Canyon > Early Wall > Runway (Lower Tier)",2.5,-1,Lead,Onsight,Sport,,60,2400
2021-11-14,Suntoucher,5.11c,"5.10+ alt start P1",https://www.mountainproject.com/route/105803929/suntoucher,1,"New Mexico > Santa Fe Area > Diablo Canyon > Sun Devil Wall",2.5,-1,Lead,Onsight,Sport,,,5200
2021-11-14,Xibalba,5.10c/d,,https://www.mountainproject.com/route/107054438/xibalba,2,"New Mexico > Santa Fe Area > Diablo Canyon > Winter Wall",3.3,-1,Lead,Onsight,Sport,,150,3400
2021-11-13,"Heat Seeker",5.11-,,https://www.mountainproject.com/route/107514559/heat-seeker,1,"New Mexico > Santa Fe Area > Diablo Canyon > Sun Devil Wall",2.9,-1,Solo,,Sport,,300,4700
2021-11-13,Suntoucher,5.11c,"5.10+ alt start P1",https://www.mountainproject.com/route/105803929/suntoucher,1,"New Mexico > Santa Fe Area > Diablo Canyon > Sun Devil Wall",2.5,-1,Lead,Onsight,Sport,,,5200
2021-11-13,Suntoucher,5.11c,"original suntoucher start",https://www.mountainproject.com/route/105803929/suntoucher,1,"New Mexico > Santa Fe Area > Diablo Canyon > Sun Devil Wall",2.5,-1,Lead,Onsight,Sport,,,5200
2021-11-13,"Post Moderate",5.9,,https://www.mountainproject.com/route/105796992/post-moderate,1,"New Mexico > Santa Fe Area > Diablo Canyon > Winter Wall",3.6,-1,TR,,Sport,,150,2400
2021-11-13,"Blind Faith",5.11a,,https://www.mountainproject.com/route/106073247/blind-faith,1,"New Mexico > Santa Fe Area > Diablo Canyon > Winter Wall",3.5,-1,Lead,Onsight,Sport,,115,4600
2021-11-13,"Grape Ape",5.10c,,https://www.mountainproject.com/route/105796988/grape-ape,1,"New Mexico > Santa Fe Area > Diablo Canyon > Winter Wall",3.8,-1,Lead,Onsight,Sport,,130,3200
2021-11-12,"Traditionally Incorrect",5.10d,,https://www.mountainproject.com/route/105898770/traditionally-incorrect,1,"New Mexico > Taos Area > Vista Verde Crag > 3. Gold Rush Wall",2.9,-1,Lead,Onsight,Sport,,45,3500
2021-11-12,"Gold Rush",5.11c,,https://www.mountainproject.com/route/105898456/gold-rush,1,"New Mexico > Taos Area > Vista Verde Crag > 3. Gold Rush Wall",3.3,-1,Lead,Onsight,Sport,,90,5200
2021-11-12,"Raya Negra",5.10+,,https://www.mountainproject.com/route/105898197/raya-negra,1,"New Mexico > Taos Area > Vista Verde Crag > 3. Gold Rush Wall",2.9,-1,Lead,Onsight,Sport,,85,3300
2021-11-12,Gavilan,5.10,,https://www.mountainproject.com/route/105898241/gavilan,1,"New Mexico > Taos Area > Vista Verde Crag > 3. Gold Rush Wall",2.3,-1,Lead,Onsight,Sport,,90,3000
2021-11-12,"Jam Time",5.10b,,https://www.mountainproject.com/route/106107331/jam-time,1,"New Mexico > Taos Area > Dead Cholla Wall",3.3,-1,TR,,Trad,,50,2900
2021-11-12,"Blind Faith",5.10c,,https://www.mountainproject.com/route/106107327/blind-faith,1,"New Mexico > Taos Area > Dead Cholla Wall",2.2,-1,Lead,Onsight,Sport,,50,3200
2021-11-12,"Doc's Dangle",5.10c,,https://www.mountainproject.com/route/106108223/docs-dangle,1,"New Mexico > Taos Area > Dead Cholla Wall",2.2,-1,Lead,Onsight,Sport,,50,3200
2021-11-12,"Fun in the Sun",5.10a,,https://www.mountainproject.com/route/107749495/fun-in-the-sun,1,"New Mexico > Taos Area > Dead Cholla Wall",2.7,-1,Lead,Onsight,Sport,,60,2600
2021-11-07,"The New Vernacular",5.12a,,https://www.mountainproject.com/route/105862489/the-new-vernacular,1,"Colorado > Canon City > Shelf Road > The Gym",3.1,-1,Lead,Onsight,Sport,,80,6600
2021-11-07,Crystal,5.11b,,https://www.mountainproject.com/route/105758512/crystal,1,"Colorado > Canon City > Shelf Road > The Gym",3.5,-1,Lead,Onsight,Sport,,60,4900
2021-11-07,Tractatus,5.11a,,https://www.mountainproject.com/route/105759081/tractatus,1,"Colorado > Canon City > Shelf Road > Spiney Ridge",2.6,-1,Lead,Onsight,Sport,,50,4600
2021-11-07,"Toxxxic Entertainment",5.10a,,https://www.mountainproject.com/route/105759594/toxxxic-entertainment,1,"Colorado > Canon City > Shelf Road > Spiney Ridge",3.2,-1,TR,,Sport,,65,2600
2021-11-07,"Tree Trimmer",5.10a,,https://www.mountainproject.com/route/106980525/tree-trimmer,1,"Colorado > Canon City > Shelf Road > Spiney Ridge",2.0,-1,Lead,Onsight,Sport,,,2600
2021-11-06,"Time Warp",5.10d,,https://www.mountainproject.com/route/117619170/time-warp,10,"Colorado > South Platte > Devil's Head > Devil's Head Rock",3.5,4,Follow,,Sport,,680,3500
2021-11-02,"Static Cling",5.11-,clean,https://www.mountainproject.com/route/105939455/static-cling,1,"Utah > Southeast Utah > Grand County > Potash Road > Wall Street",3.5,-1,TR,,Trad,,70,4700
2021-11-02,"Fix Your Tips?",5.11+,fell/hung,https://www.mountainproject.com/route/110371951/fix-your-tips,1,"Utah > Southeast Utah > San Juan County > Indian Creek > Way Rambo",2.4,-1,TR,,"Trad, TR",,70,5300
2021-11-01,"Potash Bong Hit",5.9+,,https://www.mountainproject.com/route/106104201/potash-bong-hit,1,"Utah > Southeast Utah > Grand County > Potash Road > Wall Street",3.0,-1,Lead,Onsight,Trad,,70,2500
2021-10-31,"Black Uhuru",5.10+,,https://www.mountainproject.com/route/105718036/black-uhuru,1,"Utah > Southeast Utah > San Juan County > Indian Creek > Scarface",3.7,-1,Lead,Fell/Hung,Trad,,120,3300
2021-10-31,"Black Uhuru",5.10+,,https://www.mountainproject.com/route/105718036/black-uhuru,1,"Utah > Southeast Utah > San Juan County > Indian Creek > Scarface",3.7,-1,Lead,Redpoint,Trad,,120,3300
2021-10-31,"Italian Combo",5.9+,,https://www.mountainproject.com/route/108787826/italian-combo,1,"Utah > Southeast Utah > San Juan County > Indian Creek > Scarface",2.3,-1,Lead,Onsight,Trad,,50,2500
2021-10-31,"South Face","5.7 C0",,https://www.mountainproject.com/route/105717562/south-face,3,"Utah > Southeast Utah > San Juan County > Indian Creek > South Six-shooter Peak",2.8,-1,Lead,Onsight,"Trad, Aid",,,1800
2021-10-30,"Chest Full of Kind",5.10,,https://www.mountainproject.com/route/105718444/chest-full-of-kind,1,"Utah > Southeast Utah > San Juan County > Indian Creek > Bioturbation Wall",3.1,-1,Lead,Onsight,Trad,,50,3000
2021-10-30,Fuzz,"5.10 PG13",,https://www.mountainproject.com/route/105718768/fuzz,1,"Utah > Southeast Utah > San Juan County > Indian Creek > Way Rambo",3.4,-1,Lead,Fell/Hung,Trad,,115,3000
2021-10-30,"Blue Sun",5.10-,,https://www.mountainproject.com/route/105718435/blue-sun,1,"Utah > Southeast Utah > San Juan County > Indian Creek > Way Rambo",3.7,-1,Lead,Onsight,Trad,,70,2700
2021-10-30,"[Closed] Way Nutter",5.9,,https://www.mountainproject.com/route/105718567/closed-way-nutter,1,"Utah > Southeast Utah > San Juan County > Indian Creek > Way Rambo",2.6,-1,Lead,Onsight,Trad,,40,2400
2021-10-29,Hayutake,"5.10+ PG13","clean, direct start",https://www.mountainproject.com/route/105814371/hayutake,1,"Utah > Southeast Utah > San Juan County > Indian Creek > The Optimator",3.2,-1,TR,,Trad,,120,3300
2021-10-29,Neat,5.10,,https://www.mountainproject.com/route/105718657/neat,1,"Utah > Southeast Utah > San Juan County > Indian Creek > The Optimator",3.3,-1,Lead,Onsight,Trad,,100,3000
2021-10-29,"Kitchen Sink",5.11+,clean,https://www.mountainproject.com/route/107090599/kitchen-sink,1,"Utah > Southeast Utah > San Juan County > Indian Creek > The Optimator",3.4,-1,TR,,Trad,,110,5300
2021-10-29,"Also Charlie's Pillar (aka Brodie Machine)",5.9,,https://www.mountainproject.com/route/105891553/also-charlies-pillar-aka-brodie-machine,1,"Utah > Southeast Utah > San Juan County > Indian Creek > The Optimator",2.0,-1,Lead,Onsight,Trad,,60,2400
2021-10-29,"Charlie's Pillar Direct Start",5.8+,,https://www.mountainproject.com/route/111640525/charlies-pillar-direct-start,1,"Utah > Southeast Utah > San Juan County > Indian Creek > The Optimator",3.0,-1,Lead,Onsight,"Trad, TR",,60,2200
2021-10-29,"Charlie's Pillar",5.8,,https://www.mountainproject.com/route/105718693/charlies-pillar,1,"Utah > Southeast Utah > San Juan County > Indian Creek > The Optimator",2.4,-1,Lead,Onsight,Trad,,60,2100
2021-10-17,"Drumstick Direct",5.10d,,https://www.mountainproject.com/route/105750436/drumstick-direct,2,"Colorado > South Platte > Turkey Rocks > Turkey Tail",3.9,-1,TR,,Trad,,,3500
2021-10-16,"Drumstick Direct",5.10d,,https://www.mountainproject.com/route/105750436/drumstick-direct,1,"Colorado > South Platte > Turkey Rocks > Turkey Tail",3.9,-1,TR,,Trad,,,3500
2021-10-16,"Drumstick Direct",5.10d,,https://www.mountainproject.com/route/105750436/drumstick-direct,1,"Colorado > South Platte > Turkey Rocks > Turkey Tail",3.9,-1,Lead,Fell/Hung,Trad,,,3500
2021-10-16,"Turkey's Delight",5.7+,,https://www.mountainproject.com/route/105749287/turkeys-delight,1,"Colorado > South Platte > Turkey Rocks > Turkey Tail",2.5,-1,Lead,Onsight,Trad,,,1900
2021-10-16,"Hummingbird Way aka Snively's Crack",5.9,,https://www.mountainproject.com/route/105750175/hummingbird-way-aka-snivelys-crack,2,"Colorado > South Platte > Turkey Rocks > Turkey Tail",2.9,-1,Lead,Onsight,Trad,,,2400
2021-10-10,"The Politics of Dancing",5.10-,,https://www.mountainproject.com/route/116763631/the-politics-of-dancing,1,"Colorado > Canon City > Shelf Road > The Bank > Quarry Wall at the Bank",2.0,0,Lead,Onsight,Sport,,40,2700
2021-10-10,"Bambi Meets Godzilla",5.10c,,https://www.mountainproject.com/route/105748987/bambi-meets-godzilla,1,"Colorado > Canon City > Shelf Road > The Bank > Quarry Wall at the Bank",1.8,-1,Lead,Onsight,Sport,,,3200
2021-10-10,"Tendon Respite aka Who Done It?","5.10a R",,https://www.mountainproject.com/route/105763338/tendon-respite-aka-who-done-it,1,"Colorado > Canon City > Shelf Road > The Bank > Quarry Wall at the Bank",2.4,3,Lead,Onsight,Sport,"5.10a PG13",50,2600
2021-10-10,"Outlandos de Amour",5.10a,,https://www.mountainproject.com/route/116763241/outlandos-de-amour,1,"Colorado > Canon City > Shelf Road > The Bank > Quarry Wall at the Bank",2.6,-1,Lead,Onsight,Sport,,50,2600
2021-10-10,Scheißkopf,5.9+,,https://www.mountainproject.com/route/116763222/scheisskopf,1,"Colorado > Canon City > Shelf Road > The Bank > Quarry Wall at the Bank",2.2,-1,Lead,Onsight,Sport,,40,2500
2021-10-10,"Jiggly Bits & Muffin Tops",5.10a,,https://www.mountainproject.com/route/116763312/jiggly-bits-muffin-tops,1,"Colorado > Canon City > Shelf Road > The Bank > Quarry Wall at the Bank",2.3,-1,Lead,Onsight,Sport,,40,2600
2021-10-09,"Prime Rib",5.8,,https://www.mountainproject.com/route/105755275/prime-rib,1,"Colorado > South Platte > Turkey Rocks > Leftovers",2.9,-1,Lead,Onsight,Trad,,,2100
2021-10-03,"Brain Cramps",5.9+,,https://www.mountainproject.com/route/105751795/brain-cramps,1,"Colorado > South Platte > Turkey Rocks > Turkey Rock",2.7,-1,Lead,Redpoint,Trad,,,2500
2021-10-03,"Straw Turkey",5.10a,,https://www.mountainproject.com/route/105752734/straw-turkey,1,"Colorado > South Platte > Turkey Rocks > Turkey Rock",3.7,-1,Lead,Redpoint,Trad,,,2600
2021-10-03,"Chopping Block",5.8,,https://www.mountainproject.com/route/112831368/chopping-block,1,"Colorado > South Platte > Turkey Rocks > Turkey Rock",2.5,-1,Lead,Redpoint,Trad,,280,2100
2021-10-03,"Turkey Shoot",5.9,,https://www.mountainproject.com/route/105752737/turkey-shoot,3,"Colorado > South Platte > Turkey Rocks > Turkey Rock",3.6,-1,Lead,Onsight,Trad,,,2400
2021-09-26,"Three Bite Burrito",5.11a,,https://www.mountainproject.com/route/111971153/three-bite-burrito,1,"Colorado > South Platte > Staunton State Park > Staunton Rocks > Meadow Dome > Tan Corridor > Upper Tan Corridor",2.6,-1,Lead,Redpoint,Sport,,70,4600
2021-09-26,"Ddong Chim!",5.11b,,https://www.mountainproject.com/route/109210084/ddong-chim,1,"Colorado > South Platte > Staunton State Park > Staunton Rocks > Meadow Dome > Tan Corridor > Upper Tan Corridor",3.7,-1,Lead,Redpoint,Sport,,65,4900
2021-09-26,"Ginger Snap",5.10a,,https://www.mountainproject.com/route/108152226/ginger-snap,1,"Colorado > South Platte > Staunton State Park > Staunton Rocks > Meadow Dome > Tan Corridor > Upper Tan Corridor",2.8,-1,Lead,Redpoint,Sport,,60,2600
2021-09-25,"Revelation Route",5.11a/b,,https://www.mountainproject.com/route/112087135/revelation-route,7,"Colorado > South Platte > Devil's Head > Sin City",3.6,-1,Lead,Redpoint,Sport,,600,4800
2021-09-25,"DH-20 (an unknown 5.10 Crack)","5.10 PG13",,https://www.mountainproject.com/route/107302210/dh-20-an-unknown-510-crack,1,"Colorado > South Platte > Devil's Head > Devil's Head Rock",3.9,-1,Lead,Onsight,Trad,,140,3000
2021-09-19,"Face Value",5.8+,,https://www.mountainproject.com/route/105762834/face-value,1,"Colorado > South Platte > Elevenmile Canyon > Elevenmile Dome",2.8,-1,,,Sport,,80,2200
2021-09-19,"Phantom Pinnacle","5.7 R",,https://www.mountainproject.com/route/105762462/phantom-pinnacle,1,"Colorado > South Platte > Elevenmile Canyon > Elevenmile Dome",2.3,-1,Solo,,Trad,,290,1800
2021-09-19,"More Tea Vicar",5.8,,https://www.mountainproject.com/route/110863710/more-tea-vicar,1,"Colorado > South Platte > Elevenmile Canyon > Elevenmile Dome",1.7,-1,Lead,Onsight,Trad,,,2100
2021-09-12,"Time Warp",5.10d,,https://www.mountainproject.com/route/117619170/time-warp,10,"Colorado > South Platte > Devil's Head > Devil's Head Rock",3.5,4,TR,,Sport,,680,3500
2021-09-11,Unknown,5.7,,https://www.mountainproject.com/route/115314157/unknown,1,"Colorado > South Platte > South Park > Badger Mountain > Badger Flats > Valley of The Chickens > Chicken Rock",2.0,-1,Solo,,Trad,,75,1800
2021-09-11,"Missing Chickenheads",5.10b,,https://www.mountainproject.com/route/113186373/missing-chickenheads,1,"Colorado > South Platte > South Park > Badger Mountain > Badger Flats > Valley of The Chickens > Chicken Rock",2.9,-1,Lead,Onsight,Sport,,75,2900
2021-09-11,"Down on My Cluck",5.8,,https://www.mountainproject.com/route/113585005/down-on-my-cluck,2,"Colorado > South Platte > South Park > Badger Mountain > Badger Flats > Valley of The Chickens > Chicken Rock",3.4,-1,Lead,Onsight,Sport,,,2100
2021-09-11,"Unknown (10a sport with trad 10b second pitch)",5.10b,,https://www.mountainproject.com/route/113584963/unknown-10a-sport-with-trad-10b-second-pitch,1,"Colorado > South Platte > South Park > Badger Mountain > Badger Flats > Valley of The Chickens > Chicken Rock",2.6,-1,Lead,Onsight,Sport,,60,2900
2021-09-11,"Three Amigos",5.9+,,https://www.mountainproject.com/route/113584940/three-amigos,1,"Colorado > South Platte > South Park > Badger Mountain > Badger Flats > Valley of The Chickens > Chicken Rock",3.3,-1,Lead,Onsight,Sport,,100,2500
2021-09-05,"Planck Time",5.11,,https://www.mountainproject.com/route/117307864/planck-time,2,"Colorado > South Platte > Staunton State Park > Staunton Rocks > The Pooka > 2. Canyon Amphitheater",3.5,-1,Lead,Onsight,Sport,,170,5000
2021-09-05,"Captain Underpants",5.6,,https://www.mountainproject.com/route/113532188/captain-underpants,1,"Colorado > South Platte > Staunton State Park > Staunton Rocks > The Pooka > 2. Canyon Amphitheater",2.4,-1,Solo,,Sport,,100,1600
2021-09-05,Harvey,5.9,,https://www.mountainproject.com/route/109330568/harvey,1,"Colorado > South Platte > Staunton State Park > Staunton Rocks > Meadow Dome > Permission Wall",2.6,-1,Solo,,Sport,,60,2400
2021-09-05,Harvey,5.9,,https://www.mountainproject.com/route/109330568/harvey,1,"Colorado > South Platte > Staunton State Park > Staunton Rocks > Meadow Dome > Permission Wall",2.6,-1,Lead,Onsight,Sport,,60,2400
2021-09-04,Unknown,5.7,,https://www.mountainproject.com/route/121252111/unknown,1,"Colorado > Buena Vista > Turtle Rocks, Baby Turtle, and The Corridor > Turtle Rocks",2.3,2,Lead,Onsight,Sport,5.7,,1800
2021-09-04,"Dare to be Bold",5.10+,,https://www.mountainproject.com/route/119767753/dare-to-be-bold,1,"Colorado > Buena Vista > Turtle Rocks, Baby Turtle, and The Corridor > Turtle Rocks",3.1,-1,Lead,Onsight,Trad,,60,3300
2021-09-04,"Natural Mystic",5.6,,https://www.mountainproject.com/route/115354420/natural-mystic,1,"Colorado > Buena Vista > Turtle Rocks, Baby Turtle, and The Corridor > The Corridor",2.2,-1,Solo,,Trad,,45,1600
2021-09-04,"The Lorax",5.9-,,https://www.mountainproject.com/route/115354414/the-lorax,1,"Colorado > Buena Vista > Turtle Rocks, Baby Turtle, and The Corridor > The Corridor",2.5,-1,Lead,Onsight,Sport,,45,2300
2021-09-04,"You Call Yourself a Thief?",5.10a,,https://www.mountainproject.com/route/106438383/you-call-yourself-a-thief,1,"Colorado > Buena Vista > Turtle Rocks, Baby Turtle, and The Corridor > Turtle Rocks",2.7,-1,Lead,Onsight,"Trad, Sport",,,2600
2021-09-04,Scalsamine,5.9,,https://www.mountainproject.com/route/105932519/scalsamine,1,"Colorado > Buena Vista > Turtle Rocks, Baby Turtle, and The Corridor > Turtle Rocks",2.0,-1,Lead,Onsight,Sport,,,2400
2021-09-04,"The Slot",5.6,,https://www.mountainproject.com/route/105949190/the-slot,1,"Colorado > Buena Vista > Turtle Rocks, Baby Turtle, and The Corridor > Turtle Rocks",2.3,3,Lead,Onsight,Trad,5.6,120,1600
2021-08-28,Procrastinator,5.10b,,https://www.mountainproject.com/route/112159643/procrastinator,1,"Colorado > South Platte > Devil's Head > Recovery Wall",3.7,-1,Lead,Onsight,Sport,,80,2900
2021-08-28,"Sex Face",5.12a,,https://www.mountainproject.com/route/112159669/sex-face,1,"Colorado > South Platte > Devil's Head > Recovery Wall",3.9,-1,Lead,Onsight,Sport,,120,6600
2021-08-28,"Ya Lives",5.10d,,https://www.mountainproject.com/route/112174800/ya-lives,2,"Colorado > South Platte > Devil's Head > Recovery Wall",3.0,-1,Lead,Onsight,Sport,,190,3500
2021-08-28,"The Second Step",5.10d,,https://www.mountainproject.com/route/115776113/the-second-step,1,"Colorado > South Platte > Devil's Head > Recovery Wall",3.0,-1,Lead,Onsight,Sport,,100,3500
2021-08-28,"Can You Hear Me Now?",5.8,,https://www.mountainproject.com/route/114956447/can-you-hear-me-now,1,"Colorado > South Platte > Devil's Head > Recovery Wall",1.8,-1,Lead,Onsight,Sport,,70,2100
2021-08-28,"When It All Comes Crashing Down",5.9-,,https://www.mountainproject.com/route/114956407/when-it-all-comes-crashing-down,2,"Colorado > South Platte > Devil's Head > Recovery Wall",2.6,-1,Lead,Onsight,Sport,,150,2300
2021-08-27,"Sunny Side Up",5.10c,,https://www.mountainproject.com/route/112174756/sunny-side-up,5,"Colorado > South Platte > Devil's Head > Sin City",2.5,-1,TR,,Sport,,370,3200
2021-08-27,"Sunny Side Up",5.10c,,https://www.mountainproject.com/route/112174756/sunny-side-up,5,"Colorado > South Platte > Devil's Head > Sin City",2.5,-1,Lead,Onsight,Sport,,370,3200
2021-08-27,"Paradise in Purgatory",5.10b,,https://www.mountainproject.com/route/119487695/paradise-in-purgatory,6,"Colorado > South Platte > Devil's Head > Devil's Head Rock",2.8,1,TR,,Sport,,600,2900
2021-08-27,"Paradise in Purgatory",5.10b,,https://www.mountainproject.com/route/119487695/paradise-in-purgatory,6,"Colorado > South Platte > Devil's Head > Devil's Head Rock",2.8,1,Lead,Onsight,Sport,,600,2900
2021-08-21,"Revelation Route",5.11a/b,,https://www.mountainproject.com/route/112087135/revelation-route,5,"Colorado > South Platte > Devil's Head > Sin City",3.6,-1,Lead,Onsight,Sport,,600,4800
2021-08-15,"Ego Buster",5.11a,,https://www.mountainproject.com/route/105854121/ego-buster,1,"Colorado > Buena Vista > Bob's Rock",3.2,4,Lead,Redpoint,"Trad, Sport",,70,4600
2021-08-15,"Ego Buster",5.11a,,https://www.mountainproject.com/route/105854121/ego-buster,1,"Colorado > Buena Vista > Bob's Rock",3.2,4,TR,,"Trad, Sport",,70,4600
2021-08-15,"Ego Buster",5.11a,,https://www.mountainproject.com/route/105854121/ego-buster,1,"Colorado > Buena Vista > Bob's Rock",3.2,4,Lead,Fell/Hung,"Trad, Sport",,70,4600
2021-08-15,Flakes,5.10a,,https://www.mountainproject.com/route/105854239/flakes,1,"Colorado > Buena Vista > Bob's Rock",2.8,2,TR,,Trad,,70,2600
2021-08-15,Flakes,5.10a,,https://www.mountainproject.com/route/105854239/flakes,1,"Colorado > Buena Vista > Bob's Rock",2.8,2,Lead,Onsight,Trad,,70,2600
2021-08-14,"Time Warp",5.10d,,https://www.mountainproject.com/route/117619170/time-warp,10,"Colorado > South Platte > Devil's Head > Devil's Head Rock",3.5,4,TR,,Sport,,680,3500
2021-08-14,"Time Warp",5.10d,,https://www.mountainproject.com/route/117619170/time-warp,10,"Colorado > South Platte > Devil's Head > Devil's Head Rock",3.5,4,Lead,Onsight,Sport,,680,3500
2021-08-13,"Time Stands Still",5.10b,,https://www.mountainproject.com/route/115391614/time-stands-still,7,"Colorado > South Platte > Devil's Head > Devil's Head Rock",3.4,3,TR,,Sport,,,2900
2021-08-13,"Time Stands Still",5.10b,,https://www.mountainproject.com/route/115391614/time-stands-still,7,"Colorado > South Platte > Devil's Head > Devil's Head Rock",3.4,3,Lead,Onsight,Sport,,,2900
2021-08-08,"Bloody Englishman",5.8+,,https://www.mountainproject.com/route/105751480/bloody-englishman,1,"Colorado > South Platte > Turkey Rocks > Turkey Perch",2.3,-1,TR,,Trad,,,2200
2021-08-08,"Reefer Madness",5.8,,https://www.mountainproject.com/route/105748822/reefer-madness,1,"Colorado > South Platte > Turkey Rocks > Turkey Perch",2.9,-1,TR,,Trad,,,2100
2021-08-08,"Mark of Zorro",5.9,,https://www.mountainproject.com/route/105834653/mark-of-zorro,1,"Colorado > South Platte > Turkey Rocks > Turkey Perch",2.2,-1,TR,Redpoint,Trad,,40,2400
2021-08-08,"Ragger Bagger",5.8+,,https://www.mountainproject.com/route/105749689/ragger-bagger,1,"Colorado > South Platte > Turkey Rocks > Turkey Perch",3.0,-1,Lead,Redpoint,Trad,,,2200
2021-08-07,"Rasmussen Crack",5.10b,,https://www.mountainproject.com/route/105762987/rasmussen-crack,1,"Colorado > South Platte > Turkey Rocks > Turkey Tail",3.0,-1,TR,,Trad,,70,2900
2021-08-07,"Whimsical Dreams",5.11b,,https://www.mountainproject.com/route/105753136/whimsical-dreams,1,"Colorado > South Platte > Turkey Rocks > Turkey Tail",3.9,-1,TR,,Trad,,,4900
2021-08-07,"Gobble Up",5.8,,https://www.mountainproject.com/route/105750370/gobble-up,1,"Colorado > South Platte > Turkey Rocks > Turkey Perch",3.0,-1,Lead,Redpoint,Trad,,,2100
2021-08-07,Steppenwolf,5.9,,https://www.mountainproject.com/route/105749686/steppenwolf,1,"Colorado > South Platte > Turkey Rocks > Turkey Perch",3.2,-1,Lead,Redpoint,Trad,,,2400
2021-08-07,"Alligator Skin (aka Cold Turkey)",5.8+,,https://www.mountainproject.com/route/105834658/alligator-skin-aka-cold-turkey,1,"Colorado > South Platte > Turkey Rocks > Turkey Perch",2.4,-1,TR,,Trad,,100,2200
2021-08-07,"Honky Jam Ass Crack",5.7,,https://www.mountainproject.com/route/105750361/honky-jam-ass-crack,1,"Colorado > South Platte > Turkey Rocks > Turkey Perch",2.8,-1,Solo,,"Trad, TR",,,1800
2021-08-01,"Stories for Boys",5.11a,,https://www.mountainproject.com/route/105762783/stories-for-boys,1,"Colorado > South Platte > Elevenmile Canyon > Pine Cone Dome",3.0,-1,Lead,Redpoint,"Trad, Sport",,80,4600
2021-08-01,"Harder Than It Looks",5.9+,,https://www.mountainproject.com/route/106858593/harder-than-it-looks,1,"Colorado > South Platte > Elevenmile Canyon > Pine Cone Dome",2.4,-1,Lead,Redpoint,Sport,,80,2500
2021-08-01,Kashmir,5.10+,,https://www.mountainproject.com/route/106538566/kashmir,1,"Colorado > South Platte > Elevenmile Canyon > Pine Cone Dome",2.3,-1,Lead,Redpoint,Sport,,70,3300
2021-08-01,"Another Unknown Route",5.8,,https://www.mountainproject.com/route/106858579/another-unknown-route,1,"Colorado > South Platte > Elevenmile Canyon > Pine Cone Dome",2.2,-1,Solo,,Trad,,,2100
2021-08-01,"Don't Go",5.8,,https://www.mountainproject.com/route/105762414/dont-go,1,"Colorado > South Platte > Elevenmile Canyon > Pine Cone Dome",2.4,-1,Solo,,Trad,,70,2100
2021-08-01,"She's a Moaner",5.9,,https://www.mountainproject.com/route/105762411/shes-a-moaner,1,"Colorado > South Platte > Elevenmile Canyon > Pine Cone Dome",2.4,-1,Lead,Onsight,Sport,,70,2400
2021-08-01,"Punks and Old Men",5.8,,https://www.mountainproject.com/route/106858564/punks-and-old-men,1,"Colorado > South Platte > Elevenmile Canyon > Pine Cone Dome",2.4,3,Solo,,Sport,,,2100
2021-07-30,"Gneiss Roof (AKA: Nice Ride)",5.10b,,https://www.mountainproject.com/route/105758952/gneiss-roof-aka-nice-ride,4,"Colorado > Golden > Clear Creek Canyon > The Mission Wall",3.4,4,TR,,Trad,5.10a,250,2900
2021-07-24,"Rain Dance Crack","5.10b R",,https://www.mountainproject.com/route/105750256/rain-dance-crack,1,"Colorado > Denver South > Castlewood Canyon SP > The Grocery Store Walls",2.3,-1,TR,,"Trad, TR",,40,2900
2021-07-24,"Bozo No No",5.11-,,https://www.mountainproject.com/route/105751996/bozo-no-no,1,"Colorado > Denver South > Castlewood Canyon SP > The Grocery Store Walls",3.0,-1,Lead,Fell/Hung,"Sport, TR",,45,4700
2021-07-24,"Hot Fudge",5.8+,,https://www.mountainproject.com/route/105749020/hot-fudge,1,"Colorado > Denver South > Castlewood Canyon SP > The Grocery Store Walls",2.6,-1,TR,,Trad,,40,2200
2021-07-24,"Hot Fudge (variation)",5.10b,,https://www.mountainproject.com/route/106240960/hot-fudge-variation,1,"Colorado > Denver South > Castlewood Canyon SP > The Grocery Store Walls",2.7,-1,TR,,"Trad, TR",,40,2900
2021-07-24,Zucchini,5.4,,https://www.mountainproject.com/route/105750259/zucchini,1,"Colorado > Denver South > Castlewood Canyon SP > The Grocery Store Walls",1.3,-1,Solo,,Trad,,,1400
2021-07-24,"Pretzel Logic",5.11b,,https://www.mountainproject.com/route/106493465/pretzel-logic,1,"Colorado > Denver South > Castlewood Canyon SP > The Grocery Store Walls",2.0,-1,TR,,TR,,50,4900
2021-07-24,"Rat's Nest",5.8+,,https://www.mountainproject.com/route/105749884/rats-nest,1,"Colorado > Denver South > Castlewood Canyon SP > The Grocery Store Walls",2.2,-1,TR,,"Trad, TR",,,2200
2021-07-24,"Peaches and Scream",5.6,,https://www.mountainproject.com/route/105749437/peaches-and-scream,1,"Colorado > Denver South > Castlewood Canyon SP > The Grocery Store Walls",2.0,-1,Solo,,"Trad, TR",,40,1600
2021-07-18,"Scorpio Crack",5.10c,,https://www.mountainproject.com/route/106184048/scorpio-crack,1,"Colorado > South Platte > Rampart Range Road > Scorpio Dome",3.9,-1,Lead,Fell/Hung,Trad,,,3200
2021-07-18,"Scorpio Crack",5.10c,,https://www.mountainproject.com/route/106184048/scorpio-crack,1,"Colorado > South Platte > Rampart Range Road > Scorpio Dome",3.9,-1,TR,,Trad,,,3200
2021-07-17,"Fields of Gold",5.10a,,https://www.mountainproject.com/route/106028197/fields-of-gold,1,"Colorado > Boulder > Boulder Canyon > Tonnere Tower > Treasure Wall",2.6,-1,Lead,Onsight,"Trad, Sport",,370,2600
2021-07-17,"Buried Treasure",5.9-,,https://www.mountainproject.com/route/105988542/buried-treasure,2,"Colorado > Boulder > Boulder Canyon > Tonnere Tower > Treasure Wall",2.7,3,Lead,Onsight,Sport,5.8,170,2300
2021-07-17,"The Twilight Kid",5.10c,,https://www.mountainproject.com/route/106022527/the-twilight-kid,1,"Colorado > Boulder > Boulder Canyon > Tonnere Tower > Treasure Wall",2.6,4,Lead,Onsight,Sport,5.10b/c,90,3200
2021-07-11,"Lost in Space Direct",5.9,,https://www.mountainproject.com/route/105755386/lost-in-space-direct,4,"Colorado > South Platte > West Creek > Sheep's Nose",3.2,-1,Lead,Redpoint,Trad,,,2400
2021-07-10,"Hallucinogenic Blues",5.9,,https://www.mountainproject.com/route/117079302/hallucinogenic-blues,1,"Colorado > South Platte > Turkey Rocks > Turkey Rock",2.4,-1,Lead,Redpoint,Trad,,100,2400
2021-07-10,"Brain Cramps",5.9+,,https://www.mountainproject.com/route/105751795/brain-cramps,1,"Colorado > South Platte > Turkey Rocks > Turkey Rock",2.7,-1,Lead,Redpoint,Trad,,,2500
2021-07-10,"Jump Start",5.9,,https://www.mountainproject.com/route/106310492/jump-start,1,"Colorado > South Platte > Turkey Rocks > Turkey Rock",2.7,-1,Lead,Redpoint,Trad,,60,2400
2021-07-10,"Straw Turkey",5.10a,,https://www.mountainproject.com/route/105752734/straw-turkey,1,"Colorado > South Platte > Turkey Rocks > Turkey Rock",3.7,-1,TR,,Trad,,,2600
2021-07-10,"Straw Turkey",5.10a,,https://www.mountainproject.com/route/105752734/straw-turkey,1,"Colorado > South Platte > Turkey Rocks > Turkey Rock",3.7,-1,Lead,Redpoint,Trad,,,2600
2021-07-10,"Vanishing Point",5.10d,,https://www.mountainproject.com/route/105748825/vanishing-point,1,"Colorado > South Platte > Turkey Rocks > Turkey Rock",3.7,-1,TR,,Trad,,,3500
2021-06-20,"Snapping Station",5.12a,,https://www.mountainproject.com/route/107208554/snapping-station,1,"Colorado > South Platte > Devil's Head > Wipeyur Buttress",3.0,-1,TR,,Sport,,110,6600
2021-06-20,Tusk,5.11d,,https://www.mountainproject.com/route/107216090/tusk,1,"Colorado > South Platte > Devil's Head > Wipeyur Buttress",2.7,-1,Lead,Fell/Hung,Sport,,90,5500
2021-06-20,"Can You Spare a Square? (18)",5.10c,,https://www.mountainproject.com/route/111916452/can-you-spare-a-square-18,1,"Colorado > South Platte > Devil's Head > Wipeyur Buttress",2.9,-1,Lead,Redpoint,Sport,,80,3200
2021-06-20,"Turd Burglar",5.10a/b,,https://www.mountainproject.com/route/107335718/turd-burglar,1,"Colorado > South Platte > Devil's Head > Wipeyur Buttress",2.3,-1,Lead,Redpoint,Sport,,80,2800
2021-06-20,"Mr. Hanky",5.9,,https://www.mountainproject.com/route/107175525/mr-hanky,1,"Colorado > South Platte > Devil's Head > Wipeyur Buttress",2.7,-1,Lead,Redpoint,Sport,,80,2400
2021-06-06,Crimpfest,5.12a,,https://www.mountainproject.com/route/105754336/crimpfest,1,"Colorado > South Platte > Devil's Head > The Crimpfest Wall",3.9,-1,Lead,Fell/Hung,Sport,,,6600
2021-06-06,"Parallel Universe",5.11c,,https://www.mountainproject.com/route/114978827/parallel-universe,1,"Colorado > South Platte > Devil's Head > The Crimpfest Wall",4.0,-1,Lead,Fell/Hung,Sport,,150,5200
2021-06-06,"No Yellow Shirts",5.10b,,https://www.mountainproject.com/route/114579979/no-yellow-shirts,1,"Colorado > South Platte > Devil's Head > The Crimpfest Wall",2.5,-1,Lead,Onsight,Sport,,95,2900
2021-05-29,"Three Bite Burrito",5.11a,"way left for the bulge an chicken head foot",https://www.mountainproject.com/route/111971153/three-bite-burrito,1,"Colorado > South Platte > Staunton State Park > Staunton Rocks > Meadow Dome > Tan Corridor > Upper Tan Corridor",2.6,-1,Lead,Fell/Hung,Sport,,70,4600
2021-05-29,"Reef On It!",5.10-,,https://www.mountainproject.com/route/108152210/reef-on-it,1,"Colorado > South Platte > Staunton State Park > Staunton Rocks > Meadow Dome > Tan Corridor > Upper Tan Corridor",3.4,-1,Lead,Onsight,Sport,,60,2700
2021-05-29,"Ddong Chim!",5.11b,,https://www.mountainproject.com/route/109210084/ddong-chim,1,"Colorado > South Platte > Staunton State Park > Staunton Rocks > Meadow Dome > Tan Corridor > Upper Tan Corridor",3.7,-1,Lead,Onsight,Sport,,65,4900
2021-05-29,"Black and Tan",5.10d,,https://www.mountainproject.com/route/109209931/black-and-tan,1,"Colorado > South Platte > Staunton State Park > Staunton Rocks > Meadow Dome > Tan Corridor > Upper Tan Corridor",2.7,-1,Lead,Onsight,Sport,,85,3500
2021-05-29,"The Opportunist",5.11a,,https://www.mountainproject.com/route/108151365/the-opportunist,1,"Colorado > South Platte > Staunton State Park > Staunton Rocks > Meadow Dome > Tan Corridor > Upper Tan Corridor",3.6,-1,Lead,Onsight,Sport,,80,4600
2021-05-29,"Ginger Snap",5.10a,,https://www.mountainproject.com/route/108152226/ginger-snap,1,"Colorado > South Platte > Staunton State Park > Staunton Rocks > Meadow Dome > Tan Corridor > Upper Tan Corridor",2.8,-1,Lead,Onsight,Sport,,60,2600
2020-11-07,"The Baroque Period",5.8+,,https://www.mountainproject.com/route/106157707/the-baroque-period,1,"Colorado > Canon City > Shelf Road > The Gallery > Menses Prow",2.1,-1,Lead,Onsight,Sport,,80,2200
2020-11-07,"Scratch and Claw",5.12b/c,,https://www.mountainproject.com/route/105754021/scratch-and-claw,1,"Colorado > Canon City > Shelf Road > The Gallery > Menses Prow",2.6,-1,Lead,Fell/Hung,Sport,,,7100
2020-11-07,Sundogs,5.12b,,https://www.mountainproject.com/route/105752872/sundogs,1,"Colorado > Canon City > Shelf Road > The Gallery > Menses Prow",3.0,-1,Lead,Redpoint,Sport,,,6900
2020-11-07,Sundogs,5.12b,,https://www.mountainproject.com/route/105752872/sundogs,1,"Colorado > Canon City > Shelf Road > The Gallery > Menses Prow",3.0,-1,Lead,Fell/Hung,Sport,,,6900
2020-11-07,"Lunch at the Y",5.11b/c,,https://www.mountainproject.com/route/105762336/lunch-at-the-y,1,"Colorado > Canon City > Shelf Road > The Gallery > Menses Prow",3.1,-1,Lead,Redpoint,Sport,,60,5100
2020-11-07,"The Big Chill",5.10c,,https://www.mountainproject.com/route/105748978/the-big-chill,1,"Colorado > Canon City > Shelf Road > The Gallery > Menses Prow",2.8,2,Lead,Redpoint,Sport,5.10b,,3200
2020-10-17,"Curious George Goes Climbing",5.11a,,https://www.mountainproject.com/route/109949573/curious-george-goes-climbing,1,"Colorado > Golden > Clear Creek Canyon > Other Critters",2.5,-1,Lead,Onsight,Sport,,50,4600
2020-10-17,"Elephant's Child",5.7,,https://www.mountainproject.com/route/111677596/elephants-child,1,"Colorado > Golden > Clear Creek Canyon > Other Critters",2.6,-1,Solo,,Sport,,90,1800
2020-10-17,"Stumpy Tailed Kelpie",5.7,,https://www.mountainproject.com/route/116677804/stumpy-tailed-kelpie,1,"Colorado > Golden > Clear Creek Canyon > Other Critters",2.3,-1,Solo,,Sport,,65,1800
2020-10-17,Snoopy,5.9+,,https://www.mountainproject.com/route/105819372/snoopy,1,"Colorado > Golden > Clear Creek Canyon > The Dog House",2.3,-1,Solo,,Sport,,95,2500
2020-10-17,"Fiddler on the Woof",5.12a/b,,https://www.mountainproject.com/route/105749170/fiddler-on-the-woof,1,"Colorado > Golden > Clear Creek Canyon > The Dog House",2.5,-1,Lead,Fell/Hung,Sport,,,6800
2020-10-17,"Hot Dog",5.11b,,https://www.mountainproject.com/route/105749167/hot-dog,1,"Colorado > Golden > Clear Creek Canyon > The Dog House",3.1,-1,Lead,Onsight,Sport,,,4900
2020-10-17,"Dog Breath",5.10,,https://www.mountainproject.com/route/106118649/dog-breath,1,"Colorado > Golden > Clear Creek Canyon > The Dog House",2.4,-1,Lead,Onsight,Sport,,75,3000
2020-10-11,Freeform,5.12a,,https://www.mountainproject.com/route/105752917/freeform,1,"Colorado > Canon City > Shelf Road > Sand Gulch > Free Form Wall",3.9,-1,Lead,Fell/Hung,Sport,,,6600
2020-10-11,"Helter Skelter",5.12a,,https://www.mountainproject.com/route/105752923/helter-skelter,1,"Colorado > Canon City > Shelf Road > Sand Gulch > Free Form Wall",3.2,-1,Lead,Fell/Hung,Sport,,,6600
2020-10-11,"Partners in Crime",5.11c,,https://www.mountainproject.com/route/105749926/partners-in-crime,1,"Colorado > Canon City > Shelf Road > Sand Gulch > Free Form Wall",3.4,-1,Lead,Redpoint,Sport,,60,5200
2020-10-11,"Village Idiot",5.11b,,https://www.mountainproject.com/route/105753565/village-idiot,1,"Colorado > Canon City > Shelf Road > Sand Gulch > Free Form Wall",2.6,-1,Lead,Redpoint,Sport,,30,4900
2020-10-04,"Kiddo Climb",5.5,,https://www.mountainproject.com/route/105967972/kiddo-climb,1,"Colorado > South Platte > Elevenmile Canyon > Knome Dome aka Water Dome",1.9,-1,Solo,,Sport,,70,1500
2020-10-04,"Tourists and Fishermen",5.8+,,https://www.mountainproject.com/route/105967968/tourists-and-fishermen,1,"Colorado > South Platte > Elevenmile Canyon > Knome Dome aka Water Dome",2.4,-1,Lead,Onsight,Sport,,70,2200
2020-10-04,"Water Babies",5.11a,,https://www.mountainproject.com/route/105967965/water-babies,1,"Colorado > South Platte > Elevenmile Canyon > Knome Dome aka Water Dome",2.4,3,Lead,Onsight,Sport,,60,4600
2020-10-04,"River Madness",5.10b/c,,https://www.mountainproject.com/route/105970036/river-madness,1,"Colorado > South Platte > Elevenmile Canyon > Knome Dome aka Water Dome",2.5,3,Lead,Onsight,"Trad, Sport",5.11b/c,80,3100
2020-10-04,"Heels over Heads",5.10b,,https://www.mountainproject.com/route/105967962/heels-over-heads,2,"Colorado > South Platte > Elevenmile Canyon > Knome Dome aka Water Dome",2.4,-1,Lead,Onsight,Trad,,100,2900
2020-10-04,Waterslide,5.9-,,https://www.mountainproject.com/route/105967947/waterslide,1,"Colorado > South Platte > Elevenmile Canyon > Knome Dome aka Water Dome",2.0,-1,Lead,Onsight,Sport,,80,2300
2020-10-03,"Skyline Pig",5.10c,,https://www.mountainproject.com/route/105755740/skyline-pig,1,"Colorado > Colorado Springs > Garden of the Gods > Kindergarten Rock > East Face",3.0,3,Lead,Redpoint,Sport,,,3200
2020-10-03,"Diesel and Dust",5.11a,,https://www.mountainproject.com/route/105753946/diesel-and-dust,1,"Colorado > Colorado Springs > Garden of the Gods > Kindergarten Rock > East Face",3.1,-1,Lead,Redpoint,Sport,,,4600
2020-10-03,"End of an Era",5.8+,,https://www.mountainproject.com/route/105755542/end-of-an-era,1,"Colorado > Colorado Springs > Garden of the Gods > Kindergarten Rock > East Face",2.6,-1,Lead,Redpoint,Sport,,70,2200
2020-10-03,"End to End",5.10a,,https://www.mountainproject.com/route/105751687/end-to-end,1,"Colorado > Colorado Springs > Garden of the Gods > Kindergarten Rock > East Face",2.8,-1,Lead,Redpoint,Sport,,,2600
2020-10-03,"Bob's Buttress Crack",5.8+,,https://www.mountainproject.com/route/105751690/bobs-buttress-crack,1,"Colorado > Colorado Springs > Garden of the Gods > Kindergarten Rock > East Face",2.7,-1,Lead,Redpoint,Trad,,60,2200
2020-10-03,"Beginning of the End a/k/a Sandy Monster",5.9+,,https://www.mountainproject.com/route/105751693/beginning-of-the-end-aka-sandy-monster,1,"Colorado > Colorado Springs > Garden of the Gods > Kindergarten Rock > East Face",2.4,-1,Lead,Redpoint,Sport,,65,2500
2020-09-27,Snoopy,5.9+,,https://www.mountainproject.com/route/105819372/snoopy,1,"Colorado > Golden > Clear Creek Canyon > The Dog House",2.3,-1,Lead,Onsight,Sport,,95,2500
2020-09-27,"Black Dog",5.9+,,https://www.mountainproject.com/route/106119076/black-dog,1,"Colorado > Golden > Clear Creek Canyon > The Dog House",2.1,-1,Lead,Onsight,Sport,,75,2500
2020-09-27,"Li'l Snoopy",5.8+,chacos,https://www.mountainproject.com/route/106592870/lil-snoopy,1,"Colorado > Golden > Clear Creek Canyon > The Dog House",2.4,-1,Lead,Onsight,Sport,,95,2200
2020-09-27,"Li'l Dog",5.11a/b,,https://www.mountainproject.com/route/105761883/lil-dog,1,"Colorado > Golden > Clear Creek Canyon > The Dog House",2.5,-1,Lead,Onsight,Sport,,90,4800
2020-09-20,"River Dance",5.12b,,https://www.mountainproject.com/route/105748349/river-dance,1,"Colorado > Golden > Clear Creek Canyon > River Wall",3.3,-1,Lead,Onsight,Sport,,,6900
2020-09-20,"Adventure Kayak Trundle",5.12a,,https://www.mountainproject.com/route/105748346/adventure-kayak-trundle,1,"Colorado > Golden > Clear Creek Canyon > River Wall",3.5,-1,Lead,Redpoint,Sport,,,6600
2020-09-20,"Adventure Kayak Trundle",5.12a,,https://www.mountainproject.com/route/105748346/adventure-kayak-trundle,1,"Colorado > Golden > Clear Creek Canyon > River Wall",3.5,-1,Lead,Fell/Hung,Sport,,,6600
2020-09-20,"The Put In",5.8-,,https://www.mountainproject.com/route/105751879/the-put-in,1,"Colorado > Golden > Clear Creek Canyon > River Wall",2.0,-1,Solo,,Sport,,,2000
2020-09-20,"The Put In",5.8-,,https://www.mountainproject.com/route/105751879/the-put-in,1,"Colorado > Golden > Clear Creek Canyon > River Wall",2.0,-1,Lead,Redpoint,Sport,,,2000
2020-09-12,"Follow Me Tuolumne",5.11b,,https://www.mountainproject.com/route/105969747/follow-me-tuolumne,1,"Colorado > Canon City > Shelf Road > The Vault",2.0,-1,Lead,Onsight,Sport,,75,4900
2020-09-12,"Hot Beach",5.12a,,https://www.mountainproject.com/route/105761523/hot-beach,1,"Colorado > Canon City > Shelf Road > Cactus Cliff > B. Cactus Cliff Left (Muscle Beach & right)",3.5,-1,Lead,Redpoint,Sport,,80,6600
2020-09-12,"Hot Beach",5.12a,,https://www.mountainproject.com/route/105761523/hot-beach,1,"Colorado > Canon City > Shelf Road > Cactus Cliff > B. Cactus Cliff Left (Muscle Beach & right)",3.5,-1,Lead,Fell/Hung,Sport,,80,6600
2020-09-12,Confusiasm,5.11a/b,"12b variation",https://www.mountainproject.com/route/114094099/confusiasm,1,"Colorado > Canon City > Shelf Road > Cactus Cliff > B. Cactus Cliff Left (Muscle Beach & right)",1.8,-1,Lead,Fell/Hung,"Sport, TR",,80,4800
2020-09-12,Confusiasm,5.11a/b,,https://www.mountainproject.com/route/114094099/confusiasm,1,"Colorado > Canon City > Shelf Road > Cactus Cliff > B. Cactus Cliff Left (Muscle Beach & right)",1.8,-1,Lead,Onsight,"Sport, TR",,80,4800
2020-09-12,"Dereliction Affliction",5.11b,,https://www.mountainproject.com/route/105754837/dereliction-affliction,1,"Colorado > Canon City > Shelf Road > Cactus Cliff > B. Cactus Cliff Left (Muscle Beach & right)",3.0,-1,Lead,Onsight,Sport,,75,4900
2020-08-30,"Nameless Arête",5.10b,,https://www.mountainproject.com/route/106892083/nameless-arete,1,"Pennsylvania > Southeastern Lowlands > Ralph Stover State Park (High Rocks) > o. Chain Reaction Buttress",2.2,-1,Lead,Onsight,"Sport, TR",,35,2900
2020-08-30,"Noncensus Direct",5.10d,,https://www.mountainproject.com/route/107402053/noncensus-direct,1,"Pennsylvania > Southeastern Lowlands > Ralph Stover State Park (High Rocks) > m. Noncensus Area",3.4,-1,Lead,Onsight,"Sport, TR",,50,3500
2020-08-30,"Called on Account of Pain",5.11+,,https://www.mountainproject.com/route/106489004/called-on-account-of-pain,1,"Pennsylvania > Southeastern Lowlands > Ralph Stover State Park (High Rocks) > q. Phone Booth",3.1,4,TR,,TR,5.11+,,5300
2020-08-30,"Phone Booth",5.10a/b,,https://www.mountainproject.com/route/106489007/phone-booth,1,"Pennsylvania > Southeastern Lowlands > Ralph Stover State Park (High Rocks) > q. Phone Booth",3.0,4,TR,,TR,,45,2800
2020-08-22,Tradventure,5.7,,https://www.mountainproject.com/route/124574815/tradventure,3,"Colorado > South Platte > Devil's Head > The Jungle",2.0,-1,Lead,Onsight,Trad,,300,1800
2020-08-16,"Unknown 5.12c/d",5.12,,https://www.mountainproject.com/route/108180808/unknown-512cd,1,"Colorado > Colorado Springs > Old Stage Road > Hurricane Ridge > West Face of Hurricane Wall",1.3,-1,Lead,Fell/Hung,Sport,,60,7000
2020-08-16,"Eye of the Storm","5.10- PG13",,https://www.mountainproject.com/route/107690732/eye-of-the-storm,1,"Colorado > Colorado Springs > Old Stage Road > Hurricane Ridge > West Face of Hurricane Wall",2.5,-1,Lead,Onsight,Sport,,70,2700
2020-08-16,F.E.M.A,5.9+,,https://www.mountainproject.com/route/106437648/fema,1,"Colorado > Colorado Springs > Old Stage Road > Hurricane Ridge > West Face of Hurricane Wall",2.1,-1,Lead,Onsight,Sport,,70,2500
2020-08-16,"Balloon Boy",5.8-,,https://www.mountainproject.com/route/106437653/balloon-boy,1,"Colorado > Colorado Springs > Old Stage Road > Hurricane Ridge > West Face of Hurricane Wall",2.3,-1,Lead,Onsight,Sport,,60,2000
2020-08-16,"Broken Levy",5.8,,https://www.mountainproject.com/route/106437657/broken-levy,1,"Colorado > Colorado Springs > Old Stage Road > Hurricane Ridge > West Face of Hurricane Wall",1.5,-1,Lead,Onsight,Sport,,60,2100
2020-08-16,"Lost Dog",5.7,,https://www.mountainproject.com/route/106437661/lost-dog,1,"Colorado > Colorado Springs > Old Stage Road > Hurricane Ridge > West Face of Hurricane Wall",1.2,-1,Lead,Onsight,Sport,,50,1800
2020-08-16,Tsunami,5.12b,,https://www.mountainproject.com/route/118875704/tsunami,1,"Colorado > Colorado Springs > Old Stage Road > Hurricane Ridge > Typhoon Lagoon",3.9,4,Lead,Redpoint,Sport,5.12b,,6900
2020-08-16,Tsunami,5.12b,,https://www.mountainproject.com/route/118875704/tsunami,1,"Colorado > Colorado Springs > Old Stage Road > Hurricane Ridge > Typhoon Lagoon",3.9,4,Lead,Fell/Hung,Sport,5.12b,,6900
2020-08-15,"Snapping Station",5.12a,,https://www.mountainproject.com/route/107208554/snapping-station,1,"Colorado > South Platte > Devil's Head > Wipeyur Buttress",3.0,-1,Lead,Onsight,Sport,,110,6600
2020-08-15,"Holy Crap",5.12c,,https://www.mountainproject.com/route/109455426/holy-crap,1,"Colorado > South Platte > Devil's Head > Wipeyur Buttress",3.5,-1,Lead,Fell/Hung,Sport,,100,7200
2020-08-15,"Heinous Anus",5.11d,,https://www.mountainproject.com/route/107834659/heinous-anus,1,"Colorado > South Platte > Devil's Head > Wipeyur Buttress",2.5,-1,Lead,Redpoint,Sport,,50,5500
2020-08-15,Tusk,5.11d,,https://www.mountainproject.com/route/107216090/tusk,1,"Colorado > South Platte > Devil's Head > Wipeyur Buttress",2.7,-1,Lead,Onsight,Sport,,90,5500
2020-08-15,"Can You Spare a Square? (18)",5.10c,,https://www.mountainproject.com/route/111916452/can-you-spare-a-square-18,1,"Colorado > South Platte > Devil's Head > Wipeyur Buttress",2.9,-1,Lead,Onsight,Sport,,80,3200
2020-08-15,"Turd Burglar",5.10a/b,,https://www.mountainproject.com/route/107335718/turd-burglar,1,"Colorado > South Platte > Devil's Head > Wipeyur Buttress",2.3,-1,Lead,Onsight,Sport,,80,2800
2020-08-15,Upperdeck-n-spackle,5.10b,,https://www.mountainproject.com/route/107834948/upperdeck-n-spackle,1,"Colorado > South Platte > Devil's Head > Wipeyur Buttress",3.0,-1,Lead,Onsight,Sport,,75,2900
2020-08-08,"Royal Flush",5.9,,https://www.mountainproject.com/route/106811713/royal-flush,8,"Colorado > 10 Mile Canyon > Mount Royal (near Frisco)",3.0,-1,Lead,Onsight,Sport,,1500,2400
2020-07-19,Y2K,5.12c,"Worked the crux to get the sequence",https://www.mountainproject.com/route/105749797/y2k,1,"Colorado > Golden > Clear Creek Canyon > Wall of the '90s",3.1,-1,Lead,Fell/Hung,Sport,,,7200
2020-07-18,"Ride The Snake",5.9+,,https://www.mountainproject.com/route/105761889/ride-the-snake,2,"Colorado > Golden > Clear Creek Canyon > The Mission Wall",3.0,3,Lead,Redpoint,Trad,,140,2500
2020-07-18,"Wild Child",5.11a,,https://www.mountainproject.com/route/105758059/wild-child,4,"Colorado > Golden > Clear Creek Canyon > The Mission Wall",3.2,3,Lead,Onsight,Sport,5.10d,320,4600
2020-07-12,"Gneiss Roof (AKA: Nice Ride)",5.10b,,https://www.mountainproject.com/route/105758952/gneiss-roof-aka-nice-ride,4,"Colorado > Golden > Clear Creek Canyon > The Mission Wall",3.4,4,Lead,Onsight,Trad,5.10a,250,2900
2020-07-12,"Ride The Snake",5.9+,,https://www.mountainproject.com/route/105761889/ride-the-snake,4,"Colorado > Golden > Clear Creek Canyon > The Mission Wall",3.0,3,Lead,Onsight,Trad,,140,2500
2020-07-11,"Pony Up",5.8,,https://www.mountainproject.com/route/105748262/pony-up,1,"Colorado > Golden > Clear Creek Canyon > High Wire Crag",2.1,-1,Solo,,Sport,,80,2100
2020-07-11,"Poker Face",5.8+,,https://www.mountainproject.com/route/105752698/poker-face,1,"Colorado > Golden > Clear Creek Canyon > High Wire Crag",2.2,-1,Solo,,"Sport, TR",,80,2200
2020-07-11,"Stone Cold Moderate",5.7,,https://www.mountainproject.com/route/105748894/stone-cold-moderate,1,"Colorado > Golden > Clear Creek Canyon > High Wire Crag",2.0,-1,Solo,,Sport,,100,1800
2020-07-11,"Stone Cold Moderate",5.7,,https://www.mountainproject.com/route/105748894/stone-cold-moderate,1,"Colorado > Golden > Clear Creek Canyon > High Wire Crag",2.0,-1,Solo,,Sport,,100,1800
2020-07-09,"End of an Era",5.8+,,https://www.mountainproject.com/route/105755542/end-of-an-era,1,"Colorado > Colorado Springs > Garden of the Gods > Kindergarten Rock > East Face",2.6,-1,Lead,Redpoint,Sport,,70,2200
2020-07-09,"Diesel and Dust",5.11a,,https://www.mountainproject.com/route/105753946/diesel-and-dust,1,"Colorado > Colorado Springs > Garden of the Gods > Kindergarten Rock > East Face",3.1,-1,Lead,Redpoint,Sport,,,4600
2020-07-09,"Alligator Soup",5.9+,,https://www.mountainproject.com/route/105762465/alligator-soup,2,"Colorado > Colorado Springs > Garden of the Gods > Kindergarten Rock > East Face",3.0,-1,Lead,Redpoint,Sport,,140,2500
2020-07-09,"Beat Me Up, Scotty",5.11a,,https://www.mountainproject.com/route/105762810/beat-me-up-scotty,1,"Colorado > Colorado Springs > Garden of the Gods > Kindergarten Rock > East Face",3.0,3,Lead,Redpoint,Sport,,60,4600
2020-07-08,"End to End",5.10a,,https://www.mountainproject.com/route/105751687/end-to-end,1,"Colorado > Colorado Springs > Garden of the Gods > Kindergarten Rock > East Face",2.8,-1,Lead,Redpoint,Sport,,,2600
2020-07-05,"No Chute aka Rip Cord",5.10a,,https://www.mountainproject.com/route/105759072/no-chute-aka-rip-cord,1,"Colorado > South Platte > Rampart Range Road > Parachute Rock",3.0,-1,Lead,Onsight,Trad,,50,2600
2020-07-05,"True Religon",5.10c,,https://www.mountainproject.com/route/105759066/true-religon,2,"Colorado > South Platte > Rampart Range Road > Parachute Rock",2.9,-1,Lead,Onsight,Trad,,,3200
2020-07-05,"Not Quite Jake","5.10c R",,https://www.mountainproject.com/route/108284528/not-quite-jake,1,"Colorado > South Platte > Rampart Range Road > Parachute Rock",2.1,-1,Lead,Onsight,"Trad, TR",,90,3200
2020-07-05,"Slip Slidin' Away",5.10c,,https://www.mountainproject.com/route/105762297/slip-slidin-away,1,"Colorado > South Platte > Rampart Range Road > Parachute Rock",2.7,-1,Lead,Onsight,Trad,,90,3200
2020-07-05,"B'ing There",5.6,,https://www.mountainproject.com/route/111920071/bing-there,1,"Colorado > South Platte > Rampart Range Road > Parachute Rock",2.1,-1,Solo,,"Trad, TR",,100,1600
2020-07-05,"Benz Climb",5.6,,https://www.mountainproject.com/route/111920115/benz-climb,1,"Colorado > South Platte > Rampart Range Road > Parachute Rock",2.0,-1,Solo,,Trad,,80,1600
2020-07-04,"The Overleaf",5.8+,,https://www.mountainproject.com/route/105752008/the-overleaf,2,"Colorado > South Platte > Elevenmile Canyon > Elevenmile Dome",2.4,-1,Lead,Redpoint,Trad,,,2200
2020-07-04,"Counter Strike",5.5,,https://www.mountainproject.com/route/105824974/counter-strike,1,"Colorado > South Platte > Elevenmile Canyon > Elevenmile Dome",2.3,-1,Solo,,Sport,,90,1500
2020-07-04,"Moby Grape",5.7,,https://www.mountainproject.com/route/105755719/moby-grape,1,"Colorado > South Platte > Elevenmile Canyon > Elevenmile Dome",2.8,-1,Solo,,Trad,,,1800
2020-07-04,"Moby Grape",5.7,,https://www.mountainproject.com/route/105755719/moby-grape,1,"Colorado > South Platte > Elevenmile Canyon > Elevenmile Dome",2.8,-1,Solo,,Trad,,,1800
2020-07-04,"Happy Trails",5.7,,https://www.mountainproject.com/route/105752017/happy-trails,1,"Colorado > South Platte > Elevenmile Canyon > Elevenmile Dome",2.1,-1,Lead,Onsight,Sport,,,1800
2020-07-04,"Slab Happy",5.6,,https://www.mountainproject.com/route/115397261/slab-happy,1,"Colorado > South Platte > Elevenmile Canyon > Elevenmile Dome",2.0,-1,Solo,,Sport,,85,1600
2020-07-03,"Jet Setter",5.7+,,https://www.mountainproject.com/route/115353609/jet-setter,1,"Colorado > South Platte > Elevenmile Canyon > Elevenmile Dome",2.8,-1,Lead,Onsight,Trad,,250,1900
2020-06-21,"Death Star Compactor",5.8+,,https://www.mountainproject.com/route/107823505/death-star-compactor,1,"Colorado > South Platte > Elevenmile Canyon > Heaven's Gate > The Emerald Isle",2.6,-1,Lead,Onsight,Sport,,45,2200
2020-06-21,"Slack Attack",5.11d,,https://www.mountainproject.com/route/112561045/slack-attack,1,"Colorado > South Platte > Elevenmile Canyon > Heaven's Gate > The Emerald Isle",2.6,-1,Lead,Redpoint,Sport,,55,5500
2020-06-21,"The Photo Route",5.7,,https://www.mountainproject.com/route/112809259/the-photo-route,1,"Colorado > South Platte > Elevenmile Canyon > Heaven's Gate > The Emerald Isle",2.2,-1,Solo,,Sport,,,1800
2020-06-21,"Morass Supreme",5.12a,,https://www.mountainproject.com/route/111945699/morass-supreme,1,"Colorado > South Platte > Elevenmile Canyon > Heaven's Gate > The Emerald Isle",2.6,-1,Lead,Redpoint,Sport,,45,6600
2020-06-21,"Morass Supreme",5.12a,,https://www.mountainproject.com/route/111945699/morass-supreme,1,"Colorado > South Platte > Elevenmile Canyon > Heaven's Gate > The Emerald Isle",2.6,-1,Lead,Fell/Hung,Sport,,45,6600
2020-06-21,"Devil in the White City",5.10c,,https://www.mountainproject.com/route/112809308/devil-in-the-white-city,1,"Colorado > South Platte > Elevenmile Canyon > Heaven's Gate > The Emerald Isle",2.5,-1,Lead,Onsight,Sport,,,3200
2020-06-21,"Mustache Ride",5.7,,https://www.mountainproject.com/route/108113212/mustache-ride,1,"Colorado > South Platte > Elevenmile Canyon > Heaven's Gate > The Emerald Isle",1.8,-1,Solo,,Sport,,40,1800
2020-06-20,Jackpot,5.11c/d,,https://www.mountainproject.com/route/105758089/jackpot,1,"Colorado > Golden > Clear Creek Canyon > High Wire Crag",2.2,2,Lead,Fell/Hung,Sport,5.12b,,5400
2020-06-20,"Poker Face",5.8+,,https://www.mountainproject.com/route/105752698/poker-face,1,"Colorado > Golden > Clear Creek Canyon > High Wire Crag",2.2,-1,Solo,,"Sport, TR",,80,2200
2020-06-20,"Pony Up",5.8,,https://www.mountainproject.com/route/105748262/pony-up,1,"Colorado > Golden > Clear Creek Canyon > High Wire Crag",2.1,-1,Solo,,Sport,,80,2100
2020-06-20,"Everything Rhymes with Orange",5.9,,https://www.mountainproject.com/route/112535700/everything-rhymes-with-orange,1,"Colorado > Golden > Clear Creek Canyon > High Wire Crag",2.6,-1,Lead,Onsight,Sport,,85,2400
2020-06-20,"Reefer Madness",5.11a,,https://www.mountainproject.com/route/105748397/reefer-madness,1,"Colorado > Golden > Clear Creek Canyon > Wall of the '90s",3.1,-1,Lead,Redpoint,Sport,,60,4600
2020-06-20,"Wet Dream",5.12a,,https://www.mountainproject.com/route/105748415/wet-dream,1,"Colorado > Golden > Clear Creek Canyon > Wall of the '90s",3.7,-1,Lead,Redpoint,Sport,,105,6600
2020-06-20,"Pretty Woman",5.10a,,https://www.mountainproject.com/route/106274771/pretty-woman,1,"Colorado > Golden > Clear Creek Canyon > Wall of the '90s",2.8,-1,Lead,Onsight,Sport,,95,2600
2020-06-20,"Alone Time with my Banana",5.6,,https://www.mountainproject.com/route/105765012/alone-time-with-my-banana,1,"Colorado > Golden > Clear Creek Canyon > Wall of the '90s",2.2,-1,Solo,,Sport,,90,1600
2020-06-14,"Whiskey Sunrise",5.12c,,https://www.mountainproject.com/route/112809212/whiskey-sunrise,1,"Colorado > South Platte > Elevenmile Canyon > Heaven's Gate > The Emerald Isle",3.0,4,Lead,Redpoint,Sport,5.12a/b,,7200
2020-06-14,"Whiskey Sunrise",5.12c,,https://www.mountainproject.com/route/112809212/whiskey-sunrise,1,"Colorado > South Platte > Elevenmile Canyon > Heaven's Gate > The Emerald Isle",3.0,4,Lead,Fell/Hung,Sport,5.12a/b,,7200
2020-06-14,Quisling,5.12a,,https://www.mountainproject.com/route/112809248/quisling,1,"Colorado > South Platte > Elevenmile Canyon > Heaven's Gate > The Emerald Isle",3.1,3,Lead,Redpoint,Sport,5.11d,25,6600
2020-06-14,Quisling,5.12a,,https://www.mountainproject.com/route/112809248/quisling,1,"Colorado > South Platte > Elevenmile Canyon > Heaven's Gate > The Emerald Isle",3.1,3,Lead,Fell/Hung,Sport,5.11d,25,6600
2020-06-14,"Laura's Arete",5.9,,https://www.mountainproject.com/route/108178343/lauras-arete,1,"Colorado > South Platte > Elevenmile Canyon > Heaven's Gate > The Emerald Isle",2.3,-1,Lead,Onsight,Sport,,50,2400
2020-06-14,"The Microfridge",5.12b,,https://www.mountainproject.com/route/106543278/the-microfridge,1,"Colorado > South Platte > Elevenmile Canyon > The Icebox",3.0,-1,Lead,Fell/Hung,Sport,5.12+,70,6900
2020-06-14,"Darrelict of Dialect (submitted as Dan Speaks Darrly)",5.11b,,https://www.mountainproject.com/route/105912805/darrelict-of-dialect-submitted-as-dan-speaks-darrly,1,"Colorado > South Platte > Elevenmile Canyon > Spray Wall",2.3,-1,Lead,Fell/Hung,Sport,,50,4900
2020-06-14,"Randy Speaks Farsi",5.11a,,https://www.mountainproject.com/route/105912801/randy-speaks-farsi,1,"Colorado > South Platte > Elevenmile Canyon > Spray Wall",3.4,-1,Lead,Onsight,Sport,,50,4600
2020-06-14,"Dad Speaks Parley",5.10d,,https://www.mountainproject.com/route/106184232/dad-speaks-parley,1,"Colorado > South Platte > Elevenmile Canyon > Spray Wall",2.7,-1,Lead,Onsight,Sport,,35,3500
2020-06-14,Rapture,5.13a,,https://www.mountainproject.com/route/105816999/rapture,1,"Colorado > South Platte > Elevenmile Canyon > Spray Wall",3.5,-1,Lead,Fell/Hung,Sport,,55,8600
2020-05-30,"The Martyr",5.9+,,https://www.mountainproject.com/route/105756922/the-martyr,1,"Colorado > Colorado Springs > Old Stage Road > Saint Peter's Overlook",3.8,4,Lead,Onsight,Trad,,300,2500
2020-05-16,"Slender Fungus",5.11b,,https://www.mountainproject.com/route/105752905/slender-fungus,2,"Colorado > Canon City > Shelf Road > The Gallery > Menses Prow",2.4,3,Lead,Redpoint,Sport,,,4900
2020-05-16,"Caught in the Middle",5.8,,https://www.mountainproject.com/route/112270910/caught-in-the-middle,1,"Colorado > Canon City > Shelf Road > The Gallery > Menses Prow",2.1,-1,Lead,Onsight,Sport,,80,2100
2020-05-09,"Single Gun Theory",5.11c,,https://www.mountainproject.com/route/105755860/single-gun-theory,1,"Colorado > Canon City > Shelf Road > Sand Gulch > Contest Wall",3.2,-1,Lead,Redpoint,Sport,,,5200
2020-05-09,"The Apple Bites Back",5.11c,,https://www.mountainproject.com/route/105749119/the-apple-bites-back,1,"Colorado > Canon City > Shelf Road > Sand Gulch > Contest Wall",3.6,-1,Lead,Fell/Hung,Sport,,,5200
2020-05-09,"Spike aka BR 1",5.9,,https://www.mountainproject.com/route/107153195/spike-aka-br-1,1,"Colorado > Canon City > Shelf Road > Sand Gulch > Contest Wall",2.0,-1,Lead,Onsight,Sport,,,2400
2020-05-09,Suburbia,5.10b/c,,https://www.mountainproject.com/route/105749122/suburbia,1,"Colorado > Canon City > Shelf Road > Sand Gulch > Contest Wall",3.4,-1,Lead,Redpoint,Sport,,,3100
2020-05-09,Enterprise,5.9+,,https://www.mountainproject.com/route/105824687/enterprise,1,"Colorado > Canon City > Shelf Road > Sand Gulch > Contest Wall",3.0,-1,Lead,Flash,Sport,,70,2500
2020-05-09,"Cave Troll",5.7,,https://www.mountainproject.com/route/113201723/cave-troll,1,"Colorado > Canon City > Shelf Road > Sand Gulch > Contest Wall",2.0,4,Solo,,Sport,5.5,50,1800
2020-04-23,"The Sub",5.12d,worked,https://www.mountainproject.com/route/105752959/the-sub,1,"Colorado > Denver South > Castlewood Canyon SP > Wendell Spire",3.5,-1,TR,,Sport,,,7500
2020-02-29,Pinhead,5.10a/b,,https://www.mountainproject.com/route/105752785/pinhead,1,"Colorado > Canon City > Shelf Road > The Gym",2.1,-1,Lead,Redpoint,Sport,,,2800
2020-02-29,"The Ejection Seat",5.12b/c,,https://www.mountainproject.com/route/105753169/the-ejection-seat,1,"Colorado > Canon City > Shelf Road > The Gym",3.6,-1,Lead,Fell/Hung,Sport,,,7100
2020-02-29,"Paleolithic Tool Traditions",5.11d,,https://www.mountainproject.com/route/105754831/paleolithic-tool-traditions,1,"Colorado > Canon City > Shelf Road > Cactus Cliff > E. Cactus Cliff Far Right (Funkdemental and right)",2.7,3,Lead,Onsight,Sport,,70,5500
2020-01-26,"Laughing Lab",5.11a,,https://www.mountainproject.com/route/107882921/laughing-lab,1,"Colorado > Canon City > Shelf Road > Sand Gulch > Free Form Wall",1.4,-1,Lead,Redpoint,Sport,,,4600
2020-01-26,"River of Rabbits",5.11a/b,,https://www.mountainproject.com/route/105761895/river-of-rabbits,1,"Colorado > Canon City > Shelf Road > Sand Gulch > Contest Wall",2.5,-1,Lead,Onsight,Sport,,60,4800
2020-01-26,"Curious George",5.11-,,https://www.mountainproject.com/route/105761007/curious-george,1,"Colorado > Canon City > Shelf Road > Sand Gulch > Contest Wall",1.7,-1,Lead,Onsight,Sport,,50,4700
2020-01-26,"The List",5.10b/c,,https://www.mountainproject.com/route/105752878/the-list,1,"Colorado > Canon City > Shelf Road > Sand Gulch > Contest Wall",2.6,-1,Lead,Redpoint,Sport,,,3100
2020-01-26,"Slamdance Cosmopolis (aka It Takes a Village)",5.10a,,https://www.mountainproject.com/route/107227969/slamdance-cosmopolis-aka-it-takes-a-village,1,"Colorado > Canon City > Shelf Road > Sand Gulch > Contest Wall",2.3,-1,Lead,Onsight,Sport,,50,2600
2020-01-26,"Slamdance Cosmopolis (aka It Takes a Village)",5.10a,,https://www.mountainproject.com/route/107227969/slamdance-cosmopolis-aka-it-takes-a-village,1,"Colorado > Canon City > Shelf Road > Sand Gulch > Contest Wall",2.3,-1,Lead,Onsight,Sport,,50,2600
2019-11-09,"Cash in the Vault",5.13a,"Fell / hung",https://www.mountainproject.com/route/106106530/cash-in-the-vault,1,"Colorado > Canon City > Shelf Road > Cash Wall",3.1,-1,TR,,Sport,,60,8600
2019-11-09,"One Inch Short",5.11c,,https://www.mountainproject.com/route/106106537/one-inch-short,1,"Colorado > Canon City > Shelf Road > Cash Wall",1.7,-1,Lead,Onsight,Sport,,60,5200
2019-11-09,"Nickel & Dime",5.11a,,https://www.mountainproject.com/route/106312441/nickel-dime,1,"Colorado > Canon City > Shelf Road > Cash Wall",2.1,-1,TR,,Sport,,60,4600
2019-11-09,"Funny Money",5.10b/c,,https://www.mountainproject.com/route/105817042/funny-money,1,"Colorado > Canon City > Shelf Road > Cash Wall",2.4,-1,Lead,Onsight,Sport,,60,3100
2019-11-09,"Chump Change",5.11b,,https://www.mountainproject.com/route/105950007/chump-change,1,"Colorado > Canon City > Shelf Road > Cash Wall",2.9,-1,TR,,Sport,,60,4900
2019-11-09,"Forty Two and No Rinkhals",5.9+,,https://www.mountainproject.com/route/105950010/forty-two-and-no-rinkhals,1,"Colorado > Canon City > Shelf Road > Cash Wall",2.3,-1,Lead,Onsight,Sport,,80,2500
2019-09-07,"Walking With A Ghost",5.11b/c,,https://www.mountainproject.com/route/106210086/walking-with-a-ghost,1,"Colorado > Golden > Clear Creek Canyon > The Canal Zone",3.5,-1,Lead,Onsight,Sport,,55,5100
2019-08-24,Cheyenne,5.11a,,https://www.mountainproject.com/route/106179166/cheyenne,1,"Colorado > Colorado Springs > North Cheyenne Canyon > The Pinnacle",2.5,3,Lead,,Sport,,50,4600
2019-08-24,"Old Aid",5.9+,,https://www.mountainproject.com/route/105754540/old-aid,1,"Colorado > Colorado Springs > North Cheyenne Canyon > Creekside Wall",3.0,2,Lead,,"Trad, TR",,,2500
2019-07-13,"The Army Route",5.5,,https://www.mountainproject.com/route/105754525/the-army-route,4,"Colorado > Colorado Springs > North Cheyenne Canyon > The Pinnacle",2.5,-1,Solo,,Trad,,,1500
2018-10-28,"Flight Stimulator",5.10c,,https://www.mountainproject.com/route/105869357/flight-stimulator,1,"Colorado > Canon City > Shelf Road > The Vault",2.6,-1,Lead,Redpoint,Sport,,,3200
2018-10-28,"Fire It Up",5.10a,,https://www.mountainproject.com/route/105865038/fire-it-up,1,"Colorado > Canon City > Shelf Road > The Vault",2.5,-1,Lead,Onsight,Sport,,75,2600
2018-10-28,"Splitting the Stone",5.11c,,https://www.mountainproject.com/route/105761550/splitting-the-stone,1,"Colorado > Canon City > Shelf Road > The Vault",3.0,-1,Lead,Redpoint,Sport,,40,5200
2018-10-28,"14 Carats",5.12b,,https://www.mountainproject.com/route/105761547/14-carats,1,"Colorado > Canon City > Shelf Road > The Vault",3.9,-1,Lead,Redpoint,Sport,,60,6900
2018-09-30,"A Hard Rain's Gonna Fall",5.10c,,https://www.mountainproject.com/route/110863796/a-hard-rains-gonna-fall,1,"Colorado > South Platte > Elevenmile Canyon > The Icebox",2.1,-1,Lead,Onsight,Sport,,50,3200
2018-09-30,"Unknown Crack",5.10c,,https://www.mountainproject.com/route/106531097/unknown-crack,1,"Colorado > South Platte > Elevenmile Canyon > The Icebox",2.2,-1,Lead,Onsight,Sport,,50,3200
2018-09-30,"Frozen in Time",5.12a,,https://www.mountainproject.com/route/106530821/frozen-in-time,1,"Colorado > South Platte > Elevenmile Canyon > The Icebox",3.2,-1,Lead,Redpoint,Sport,,60,6600
2018-09-15,"Roof By-Pass",5.7,,https://www.mountainproject.com/route/105755992/roof-by-pass,2,"Colorado > South Platte > Elevenmile Canyon > Pine Cone Dome",2.7,4,Solo,,Trad,,,1800
2018-09-15,"Punks and Old Men",5.8,,https://www.mountainproject.com/route/106858564/punks-and-old-men,1,"Colorado > South Platte > Elevenmile Canyon > Pine Cone Dome",2.4,3,Solo,,Sport,,,2100
2018-09-15,"Jolly Jugular",5.6,,https://www.mountainproject.com/route/105760896/jolly-jugular,2,"Colorado > South Platte > Elevenmile Canyon > Pine Cone Dome",2.6,3,Solo,,Trad,,160,1600
2018-06-03,"Randall Force",5.11b/c,,https://www.mountainproject.com/route/110633042/randall-force,1,"Colorado > Dumont Vicinity > Lisa Randall Wall",2.7,-1,Lead,Onsight,Sport,,50,5100
2018-06-03,"Strong Force",5.11c,,https://www.mountainproject.com/route/110633037/strong-force,1,"Colorado > Dumont Vicinity > Lisa Randall Wall",2.9,-1,Lead,Onsight,Sport,,60,5200
2018-06-03,"Weak Force",5.11b,,https://www.mountainproject.com/route/110633024/weak-force,1,"Colorado > Dumont Vicinity > Lisa Randall Wall",2.4,-1,Lead,Onsight,Sport,,60,4900
2018-06-03,Braneworld,5.11a,,https://www.mountainproject.com/route/110650572/braneworld,1,"Colorado > Dumont Vicinity > Lisa Randall Wall",2.4,3,Lead,Onsight,Sport,,60,4600
2018-06-03,"The Strike",5.12b,,https://www.mountainproject.com/route/107720505/the-strike,1,"Colorado > Dumont Vicinity > Mill Creek Block",2.9,4,Lead,Redpoint,Sport,5.12a,70,6900
2018-06-03,Mufasa,5.12a,,https://www.mountainproject.com/route/111804869/mufasa,1,"Colorado > Dumont Vicinity > Mill Creek Block",2.7,3,Lead,Onsight,Sport,5.11d,40,6600
2018-06-03,"El Gato Monte",5.12a,,https://www.mountainproject.com/route/110674676/el-gato-monte,1,"Colorado > Dumont Vicinity > Mill Creek Block",2.5,4,Lead,Onsight,Sport,,40,6600
2018-06-03,"Watch Your Dog",5.11b,,https://www.mountainproject.com/route/107710047/watch-your-dog,1,"Colorado > Dumont Vicinity > Mill Creek Block",2.8,3,Lead,Onsight,Sport,,60,4900
2018-06-03,Prowler,5.10+,,https://www.mountainproject.com/route/107708577/prowler,1,"Colorado > Dumont Vicinity > Mill Creek Block",2.7,3,Lead,Onsight,Sport,,60,3300
2018-05-07,"Life on the Run",5.10a,,https://www.mountainproject.com/route/106252450/life-on-the-run,1,"Colorado > South Platte > Elevenmile Canyon > River Wall",3.3,4,Lead,Onsight,Trad,5.10a,50,2600
2018-05-07,"Getting Older",5.9,,https://www.mountainproject.com/route/106255357/getting-older,1,"Colorado > South Platte > Elevenmile Canyon > River Wall",2.1,2,Lead,Onsight,Trad,,40,2400
2018-05-07,"Midday Lightning",5.6,,https://www.mountainproject.com/route/107156098/midday-lightning,1,"Colorado > South Platte > Elevenmile Canyon > River Wall",1.9,3,Solo,,Sport,5.4,,1600
2018-05-07,"PBR Me",5.12a,,https://www.mountainproject.com/route/106256981/pbr-me,1,"Colorado > South Platte > Elevenmile Canyon > River Wall",2.5,3,Lead,Redpoint,Sport,5.12a,40,6600
2018-04-05,DNA,5.11d,,https://www.mountainproject.com/route/106804759/dna,1,"International > Europe > Greece > Kalymnos > Grande Grotta",3.8,4,Lead,Onsight,Sport,5.11d,80,5500
2018-04-05,Kaly-Nikhla,5.10d,,https://www.mountainproject.com/route/106924706/kaly-nikhla,1,"International > Europe > Greece > Kalymnos > Kalydna",3.3,3,Lead,Onsight,Sport,5.10d,70,3500
2018-04-05,"Late Evening Light",5.10+,,https://www.mountainproject.com/route/107805917/late-evening-light,1,"International > Europe > Greece > Kalymnos > Kalydna",1.4,-1,Lead,Onsight,Sport,,75,3300
2018-03-31,"Pedestrian Gene Pool",5.11a/b,,https://www.mountainproject.com/route/105753562/pedestrian-gene-pool,1,"Colorado > Canon City > Shelf Road > Sand Gulch > Free Form Wall",3.0,-1,Lead,Redpoint,Sport,,,4800
2018-03-31,"Partners in Crime",5.11c,,https://www.mountainproject.com/route/105749926/partners-in-crime,1,"Colorado > Canon City > Shelf Road > Sand Gulch > Free Form Wall",3.4,-1,Lead,Redpoint,Sport,,60,5200
2018-03-31,"Helter Skelter",5.12a,,https://www.mountainproject.com/route/105752923/helter-skelter,1,"Colorado > Canon City > Shelf Road > Sand Gulch > Free Form Wall",3.2,-1,Lead,Redpoint,Sport,,,6600
2018-03-31,"Little Mecca",5.12b,,https://www.mountainproject.com/route/105748687/little-mecca,1,"Colorado > Canon City > Shelf Road > Sand Gulch > Contest Wall",3.3,-1,Lead,Redpoint,Sport,,,6900
2018-03-31,"Little Mecca",5.12b,,https://www.mountainproject.com/route/105748687/little-mecca,1,"Colorado > Canon City > Shelf Road > Sand Gulch > Contest Wall",3.3,-1,Lead,Fell/Hung,Sport,,,6900
2018-03-31,Tortuga,5.11b,,https://www.mountainproject.com/route/108669060/tortuga,1,"Colorado > Canon City > Shelf Road > Sand Gulch > Contest Wall",2.2,-1,Lead,Onsight,Sport,5.11a,50,4900
2018-03-31,"Hide n' Seek",5.11b,,https://www.mountainproject.com/route/105762393/hide-n-seek,1,"Colorado > Canon City > Shelf Road > Sand Gulch > Contest Wall",2.2,-1,Lead,Onsight,Sport,,60,4900
2018-03-31,"Armistice (AKA The Armisist)",5.10,,https://www.mountainproject.com/route/105760929/armistice-aka-the-armisist,1,"Colorado > Canon City > Shelf Road > Sand Gulch > Contest Wall",2.8,-1,Lead,Flash,Sport,,,3000
2018-03-25,"The Expensive Route",5.11+,"Red pointed on preplaced gear.  Need to go back and get it proper.",https://www.mountainproject.com/route/106385046/the-expensive-route,1,"Colorado > South Platte > West Creek > Thunder Ridge > The Wasp Canyon",3.6,4,Lead,Fell/Hung,Trad,5.11d,90,5300
2018-03-24,"Powder Monkey",5.11a/b,,https://www.mountainproject.com/route/106148166/powder-monkey,1,"Colorado > South Platte > West Creek > Thunder Ridge > The Post Office",3.7,-1,Lead,Onsight,Trad,,75,4800
2018-03-24,"The G Route",5.12b,,https://www.mountainproject.com/route/106160794/the-g-route,1,"Colorado > South Platte > West Creek > Thunder Ridge > The Wasp Canyon",3.6,-1,Lead,Flash,Sport,,80,6900
2018-03-24,"Bee Positive",5.8+,,https://www.mountainproject.com/route/107077540/bee-positive,1,"Colorado > South Platte > West Creek > Thunder Ridge > The Wasp Canyon",2.9,4,Solo,,Trad,5.8+,70,2200
2018-03-24,"W.A.S.P. (What About Some Pesticide?)","5.7 PG13",,https://www.mountainproject.com/route/106133344/wasp-what-about-some-pesticide,1,"Colorado > South Platte > West Creek > Thunder Ridge > The Wasp Canyon",3.1,4,Solo,,Trad,5.5,70,1800
2018-03-17,"New Generation",5.10,,https://www.mountainproject.com/route/107334595/new-generation,1,"Colorado > Colorado Springs > Garden of the Gods > Kindergarten Rock > East Face",2.5,-1,Lead,Onsight,"Trad, Sport",,140,3000
2018-03-17,"Diesel and Dust",5.11a,,https://www.mountainproject.com/route/105753946/diesel-and-dust,1,"Colorado > Colorado Springs > Garden of the Gods > Kindergarten Rock > East Face",3.1,-1,Lead,Flash,Sport,,,4600
2018-03-17,"Alligator Soup",5.9+,,https://www.mountainproject.com/route/105762465/alligator-soup,1,"Colorado > Colorado Springs > Garden of the Gods > Kindergarten Rock > East Face",3.0,-1,Lead,,Sport,,140,2500
2018-03-17,"Beat Me Up, Scotty",5.11a,,https://www.mountainproject.com/route/105762810/beat-me-up-scotty,1,"Colorado > Colorado Springs > Garden of the Gods > Kindergarten Rock > East Face",3.0,3,Lead,Onsight,Sport,,60,4600
2018-03-17,"Skyline Pig",5.10c,,https://www.mountainproject.com/route/105755740/skyline-pig,2,"Colorado > Colorado Springs > Garden of the Gods > Kindergarten Rock > East Face",3.0,3,Lead,Onsight,Sport,,,3200
2018-02-17,Gravitations,5.11d,,https://www.mountainproject.com/route/105752389/gravitations,1,"Colorado > Canon City > Shelf Road > Cactus Cliff > B. Cactus Cliff Left (Muscle Beach & right)",3.8,-1,Lead,Onsight,Sport,,70,5500
2018-02-17,"Banana Split",5.10a,,https://www.mountainproject.com/route/105758982/banana-split,1,"Colorado > Canon City > Shelf Road > Cactus Cliff > A. Cactus Cliff Far Left (left of Muscle Beach)",1.8,-1,Lead,Onsight,Sport,,75,2600
2018-02-17,"The Alignment",5.10c/d,,https://www.mountainproject.com/route/105759021/the-alignment,1,"Colorado > Canon City > Shelf Road > Cactus Cliff > A. Cactus Cliff Far Left (left of Muscle Beach)",2.5,-1,Lead,Onsight,Sport,,60,3400
2018-02-17,"Christmas Tree",5.10b/c,,https://www.mountainproject.com/route/105758991/christmas-tree,1,"Colorado > Canon City > Shelf Road > Cactus Cliff > B. Cactus Cliff Left (Muscle Beach & right)",2.3,-1,Lead,Onsight,Sport,,80,3100
2018-02-17,"Too Much Beef and Not Enough Meat",5.9,,https://www.mountainproject.com/route/105755554/too-much-beef-and-not-enough-meat,1,"Colorado > Canon City > Shelf Road > Cactus Cliff > D. Cactus Cliff Right (left of Funkdemental)",2.4,-1,Lead,Onsight,Sport,,75,2400
2018-02-17,"Great Expectations",5.10d,,https://www.mountainproject.com/route/105753685/great-expectations,1,"Colorado > Canon City > Shelf Road > Cactus Cliff > E. Cactus Cliff Far Right (Funkdemental and right)",2.1,3,Lead,Fell/Hung,Sport,5.11+,75,3500
2018-02-17,Escalando,5.11b,,https://www.mountainproject.com/route/105754840/escalando,1,"Colorado > Canon City > Shelf Road > Cactus Cliff > E. Cactus Cliff Far Right (Funkdemental and right)",2.5,3,Lead,Onsight,Sport,5.11a,80,4900
2018-02-17,"Great Expectations",5.10d,,https://www.mountainproject.com/route/105753685/great-expectations,1,"Colorado > Canon City > Shelf Road > Cactus Cliff > E. Cactus Cliff Far Right (Funkdemental and right)",2.1,3,Lead,Redpoint,Sport,5.11+,75,3500
2018-02-17,"Cheeseburger In Paradise",5.10-,,https://www.mountainproject.com/route/106141750/cheeseburger-in-paradise,1,"Colorado > Canon City > Shelf Road > Cactus Cliff > D. Cactus Cliff Right (left of Funkdemental)",2.4,-1,Lead,Flash,Sport,,,2700
2018-01-06,"Concentrated Weirdness",5.8+,,https://www.mountainproject.com/route/105753448/concentrated-weirdness,1,"Colorado > Canon City > Shelf Road > The Bank > 07. Back To The Future",1.3,-1,Lead,Onsight,Sport,,,2200
2018-01-06,B/C,5.9+,,https://www.mountainproject.com/route/105753451/bc,1,"Colorado > Canon City > Shelf Road > The Bank > 07. Back To The Future",2.7,-1,Lead,Onsight,Sport,,,2500
2018-01-06,"Lesser of Two Evils",5.11b,,https://www.mountainproject.com/route/105760824/lesser-of-two-evils,1,"Colorado > Canon City > Shelf Road > The Bank > 08. Lesser Of Two Evils",2.2,-1,Lead,Onsight,Sport,,60,4900
2018-01-06,"The Rack",5.11b,,https://www.mountainproject.com/route/109683492/the-rack,1,"Colorado > Canon City > Shelf Road > The Bank > 08. Lesser Of Two Evils",2.4,-1,Lead,Onsight,Sport,,40,4900
2018-01-06,"Mismatched Partners",5.10b/c,,https://www.mountainproject.com/route/106029865/mismatched-partners,1,"Colorado > Canon City > Shelf Road > The Bank > 08. Lesser Of Two Evils",0.8,-1,Lead,Onsight,Sport,,40,3100
2018-01-06,"Scavenger's Daughter",5.10c,,https://www.mountainproject.com/route/109683567/scavengers-daughter,1,"Colorado > Canon City > Shelf Road > The Bank > 08. Lesser Of Two Evils",2.4,-1,Lead,Onsight,Sport,,60,3200
2018-01-06,"Under The Gun",5.11a,,https://www.mountainproject.com/route/112883126/under-the-gun,1,"Colorado > Canon City > Shelf Road > The Bank > 08. Lesser Of Two Evils",1.9,-1,Lead,Onsight,Sport,,60,4600
2017-04-24,"Trick or Treat?",5.10+,,https://www.mountainproject.com/route/105907156/trick-or-treat,1,"New Mexico > El Rito > El Rito Sport Area > Pirate's Wall",2.9,-1,Lead,Onsight,Sport,,80,3300
2017-04-24,Resurrection,5.10c,,https://www.mountainproject.com/route/105818760/resurrection,1,"New Mexico > El Rito > El Rito Sport Area > Rad Wall",2.2,-1,Lead,Onsight,Sport,,,3200
2017-04-24,"The Matrix",5.11c,,https://www.mountainproject.com/route/106031154/the-matrix,1,"New Mexico > El Rito > El Rito Sport Area > Rad Wall",2.5,-1,Lead,Onsight,Sport,,45,5200
2017-04-24,Stoker,5.12b,,https://www.mountainproject.com/route/105819884/stoker,1,"New Mexico > El Rito > El Rito Sport Area > Rad Wall",3.5,-1,Lead,Redpoint,Sport,,65,6900
2017-04-24,Stoker,5.12b,,https://www.mountainproject.com/route/105819884/stoker,1,"New Mexico > El Rito > El Rito Sport Area > Rad Wall",3.5,-1,Lead,Fell/Hung,Sport,,65,6900
2017-04-24,"Crack Attack",5.12a,,https://www.mountainproject.com/route/105819879/crack-attack,1,"New Mexico > El Rito > El Rito Sport Area > Rad Wall",3.9,-1,Lead,Onsight,Sport,,65,6600
2017-04-24,"Stroke Me",5.12a,,https://www.mountainproject.com/route/105819871/stroke-me,1,"New Mexico > El Rito > El Rito Sport Area > Rad Wall",3.6,-1,Lead,Fell/Hung,Sport,,50,6600
2017-04-24,Procrastination,5.11d,,https://www.mountainproject.com/route/105818767/procrastination,1,"New Mexico > El Rito > El Rito Sport Area > Rad Wall",2.6,-1,Lead,Onsight,Sport,,50,5500
2017-04-24,"To Beer or Not to Beer",5.12b,,https://www.mountainproject.com/route/105819233/to-beer-or-not-to-beer,1,"New Mexico > El Rito > El Rito Sport Area > Beer Block",2.7,-1,Lead,Redpoint,Sport,,40,6900
2017-04-24,"To Beer or Not to Beer",5.12b,,https://www.mountainproject.com/route/105819233/to-beer-or-not-to-beer,1,"New Mexico > El Rito > El Rito Sport Area > Beer Block",2.7,-1,Lead,Fell/Hung,Sport,,40,6900
2017-04-24,"Little Kings",5.12b,,https://www.mountainproject.com/route/105819241/little-kings,1,"New Mexico > El Rito > El Rito Sport Area > Beer Block",2.6,-1,Lead,Redpoint,Sport,,,6900
2017-04-24,"Little Kings",5.12b,,https://www.mountainproject.com/route/105819241/little-kings,1,"New Mexico > El Rito > El Rito Sport Area > Beer Block",2.6,-1,Lead,Fell/Hung,Sport,,,6900
2017-04-24,"Nine Lives",5.11b,,https://www.mountainproject.com/route/107061553/nine-lives,1,"New Mexico > El Rito > El Rito Sport Area > The Balcony",2.7,-1,Lead,Onsight,Sport,,50,4900
2017-04-24,Jug-or-Naut,5.11b,,https://www.mountainproject.com/route/105818733/jug-or-naut,1,"New Mexico > El Rito > El Rito Sport Area > The Balcony",3.2,-1,Lead,Onsight,Sport,,40,4900
2017-04-24,"Rodent Outhouse",5.11a,,https://www.mountainproject.com/route/105957056/rodent-outhouse,1,"New Mexico > El Rito > El Rito Sport Area > The Balcony",2.6,-1,Lead,Onsight,Sport,,35,4600
2017-04-16,"Brain Cramps",5.9+,,https://www.mountainproject.com/route/105751795/brain-cramps,1,"Colorado > South Platte > Turkey Rocks > Turkey Rock",2.7,-1,Follow,,Trad,,,2500
2017-04-16,"Straw Turkey",5.10a,,https://www.mountainproject.com/route/105752734/straw-turkey,1,"Colorado > South Platte > Turkey Rocks > Turkey Rock",3.7,-1,Lead,Onsight,Trad,,,2600
2017-04-16,"Satyr's Asshole",5.10-,,https://www.mountainproject.com/route/105754924/satyrs-asshole,1,"Colorado > South Platte > Turkey Rocks > Turkey Rock",2.9,-1,Lead,Onsight,Trad,,,2700
2017-04-16,"Great White Crime",5.11a,,https://www.mountainproject.com/route/105760017/great-white-crime,1,"Colorado > South Platte > Turkey Rocks > Turkey Rock",3.4,-1,Lead,Redpoint,Trad,,70,4600
2017-04-16,"Great White Crime",5.11a,,https://www.mountainproject.com/route/105760017/great-white-crime,1,"Colorado > South Platte > Turkey Rocks > Turkey Rock",3.4,-1,Lead,Fell/Hung,Trad,,70,4600
2017-04-16,"In Style, Out of Fashion","5.11 X",,https://www.mountainproject.com/route/105764055/in-style-out-of-fashion,1,"Colorado > South Platte > Turkey Rocks > Turkey Rock",2.6,-1,Lead,Fell/Hung,"Trad, Sport, TR",,70,5000
2017-04-16,"Vanishing Point",5.10d,,https://www.mountainproject.com/route/105748825/vanishing-point,1,"Colorado > South Platte > Turkey Rocks > Turkey Rock",3.7,-1,Lead,Onsight,Trad,,,3500
2017-04-09,Dragnet,5.11a,,https://www.mountainproject.com/route/106419517/dragnet,1,"Colorado > Colorado Springs > North Cheyenne Canyon > The Pinnacle",2.7,2,,,Sport,,150,4600
2017-04-09,"Tiger Snap?","5.10d R",,https://www.mountainproject.com/route/105757765/tiger-snap,1,"Colorado > Colorado Springs > North Cheyenne Canyon > The Pinnacle",2.8,3,,,Sport,,,3500
2017-04-09,Balance,5.9-,,https://www.mountainproject.com/route/105757762/balance,1,"Colorado > Colorado Springs > North Cheyenne Canyon > The Pinnacle",2.4,4,,,Sport,,100,2300
2017-03-12,Shelfish,5.9+,,https://www.mountainproject.com/route/106276346/shelfish,1,"Colorado > Canon City > Shelf Road > The Bank > 02. Bank Rob",2.4,2,,,Sport,,65,2500
2017-03-12,"Poncho and the Three Perverts",5.8-,"Onsight solo",https://www.mountainproject.com/route/107018044/poncho-and-the-three-perverts,1,"Colorado > Canon City > Shelf Road > The Bank > 02. Bank Rob",2.5,4,Solo,,Sport,,60,2000
2017-03-12,"Ma Barker",5.7+,,https://www.mountainproject.com/route/106978872/ma-barker,1,"Colorado > Canon City > Shelf Road > The Bank > 02. Bank Rob",1.5,-1,,,Sport,,60,1900
2017-03-12,"Pretty Boy Floyd",5.8,"Onsight solo",https://www.mountainproject.com/route/106316700/pretty-boy-floyd,1,"Colorado > Canon City > Shelf Road > The Bank > 02. Bank Rob",2.4,2,Solo,,Sport,,70,2100
2017-03-12,R.A.M.M.,5.10+,,https://www.mountainproject.com/route/105867674/ramm,1,"Colorado > Canon City > Shelf Road > The Bank > 02. Bank Rob",2.5,2,,,Sport,,80,3300
2017-03-12,"Richter Scale",5.10c,,https://www.mountainproject.com/route/105750016/richter-scale,1,"Colorado > Canon City > Shelf Road > The Bank > 02. Bank Rob",2.5,4,,,Sport,,,3200
2016-04-05,"Observe God's Mistake",5.10c,,https://www.mountainproject.com/route/107067313/observe-gods-mistake,1,"Colorado > Canon City > Shelf Road > The North Gym",1.4,2,Lead,Redpoint,Sport,,60,3200
2016-04-02,"Scorcher VI: Global Meltdown",5.11a,,https://www.mountainproject.com/route/107067356/scorcher-vi-global-meltdown,1,"Colorado > Canon City > Shelf Road > The North Gym",1.7,0,Lead,Redpoint,Sport,5.11a,50,4600
2016-04-02,"The North Gym | 5701",5.12a,,https://www.mountainproject.com/route/107375701/the-north-gym-5701,1,"Colorado > Canon City > Shelf Road > The North Gym",3.4,4,Lead,Redpoint,Sport,5.12a,60,6600
2016-04-02,"Who Left the Fridge Open?",5.12a,"3rd clip is hard to hang because you can't see the bomber pocket just above it.",https://www.mountainproject.com/route/107067370/who-left-the-fridge-open,1,"Colorado > Canon City > Shelf Road > The North Gym",2.8,4,Lead,,Sport,5.12a,60,6600
2016-03-07,"Sty in the Sky",5.9,,https://www.mountainproject.com/route/107930809/sty-in-the-sky,1,"Colorado > Canon City > Shelf Road > The Bank > 01. Piggy Bank",2.6,3,Solo,,Sport,5.9-,50,2400
2015-07-27,"River Grill",5.10d,,https://www.mountainproject.com/route/105751909/river-grill,1,"Colorado > Golden > Clear Creek Canyon > River Wall",2.9,-1,Lead,Redpoint,Sport,,,3500
2015-07-27,Overflow,5.11b,,https://www.mountainproject.com/route/105751927/overflow,1,"Colorado > Golden > Clear Creek Canyon > River Wall",2.2,-1,Lead,Redpoint,Sport,,,4900
2015-07-27,Bypass,5.10b/c,,https://www.mountainproject.com/route/105755143/bypass,1,"Colorado > Golden > Clear Creek Canyon > High Wire Crag",2.0,-1,Lead,Redpoint,Sport,,80,3100
2015-07-27,"Road Kill",5.11c/d,,https://www.mountainproject.com/route/105748298/road-kill,3,"Colorado > Golden > Clear Creek Canyon > High Wire Crag",2.9,-1,Lead,Fell/Hung,Sport,,,5400
2015-07-26,"Tsunami Of Charisma",5.11b,,https://www.mountainproject.com/route/105829983/tsunami-of-charisma,1,"Colorado > Golden > Clear Creek Canyon > Little Eiger",3.0,-1,Lead,Fell/Hung,Sport,,115,4900
2015-07-26,Misunderestimate,5.10b/c,,https://www.mountainproject.com/route/105827433/misunderestimate,1,"Colorado > Golden > Clear Creek Canyon > Little Eiger",2.5,-1,Lead,Redpoint,Sport,,104,3100
2015-07-26,"The Decider",5.10b,,https://www.mountainproject.com/route/105822639/the-decider,1,"Colorado > Golden > Clear Creek Canyon > Little Eiger",2.2,-1,Lead,Redpoint,Sport,,100,2900
2015-07-26,"Persistent Vegetative State",5.10a/b,,https://www.mountainproject.com/route/105764160/persistent-vegetative-state,1,"Colorado > Golden > Clear Creek Canyon > Little Eiger",3.1,-1,Lead,Redpoint,Sport,,115,2800
2015-07-26,"The Green Zone",5.11a,,https://www.mountainproject.com/route/105764079/the-green-zone,1,"Colorado > Golden > Clear Creek Canyon > Little Eiger",2.8,-1,Lead,Redpoint,Sport,,100,4600
2015-07-26,"Busch Gardens",5.10,,https://www.mountainproject.com/route/105762975/busch-gardens,1,"Colorado > Golden > Clear Creek Canyon > Little Eiger",2.9,-1,Lead,Redpoint,Sport,,100,3000
2015-07-26,"Bush Administration",5.10b/c,,https://www.mountainproject.com/route/105762957/bush-administration,1,"Colorado > Golden > Clear Creek Canyon > Little Eiger",3.0,-1,Lead,Redpoint,Sport,,110,3100
2015-07-26,"Tierra Del Fuego (extension)",5.12a,,https://www.mountainproject.com/route/113073894/tierra-del-fuego-extension,1,"Colorado > Golden > Clear Creek Canyon > Little Eiger",2.5,-1,Lead,Redpoint,Sport,,105,6600
2015-07-26,"Tierra Del Fuego",5.11b,,https://www.mountainproject.com/route/105763815/tierra-del-fuego,1,"Colorado > Golden > Clear Creek Canyon > Little Eiger",2.6,-1,Lead,Redpoint,Sport,,100,4900
2015-07-26,"Natural Selection",5.11b,,https://www.mountainproject.com/route/105748235/natural-selection,1,"Colorado > Golden > Clear Creek Canyon > Little Eiger",2.5,-1,Lead,Fell/Hung,Sport,,150,4900
2015-07-26,"Eiger Direct",5.11d,,https://www.mountainproject.com/route/105751756/eiger-direct,1,"Colorado > Golden > Clear Creek Canyon > Little Eiger",3.3,-1,Lead,Fell/Hung,Sport,,85,5500
2015-07-26,Footloose,5.10a,,https://www.mountainproject.com/route/105752602/footloose,1,"Colorado > Golden > Clear Creek Canyon > Little Eiger",2.1,-1,Lead,Redpoint,Sport,,,2600
2015-07-26,"Herbal Essence",5.9,,https://www.mountainproject.com/route/105867446/herbal-essence,1,"Colorado > Golden > Clear Creek Canyon > Little Eiger",2.5,-1,Lead,Onsight,Sport,,80,2400
2013-08-05,"Primal Urge",5.11d,,https://www.mountainproject.com/route/106767196/primal-urge,1,"Colorado > Canon City > Shelf Road > Sand Gulch > Contest Wall",3.1,4,,,Sport,5.11c/d,,5500
2013-05-12,"Block Party",5.10a,,https://www.mountainproject.com/route/105755851/block-party,1,"Colorado > Canon City > Shelf Road > The Gallery > Mural Wall",2.9,2,,,Sport,5.9+,,2600
2013-05-12,"The Big Chill",5.10c,,https://www.mountainproject.com/route/105748978/the-big-chill,1,"Colorado > Canon City > Shelf Road > The Gallery > Menses Prow",2.8,2,,,Sport,5.10b,,3200
2013-05-12,"Mother of Invention",5.10c,,https://www.mountainproject.com/route/105761049/mother-of-invention,1,"Colorado > Canon City > Shelf Road > The Gallery > Mural Wall",2.5,2,,,Sport,,70,3200
2013-05-12,Menses,5.10d,,https://www.mountainproject.com/route/105748993/menses,1,"Colorado > Canon City > Shelf Road > The Gallery > Menses Prow",2.9,3,,,Sport,,70,3500
2013-05-12,"No Passion for Fashion",5.11b/c,,https://www.mountainproject.com/route/105748990/no-passion-for-fashion,1,"Colorado > Canon City > Shelf Road > The Gallery > Menses Prow",3.7,4,,,Sport,,,5100
2012-10-14,Wonderama,5.12a,,https://www.mountainproject.com/route/107375054/wonderama,1,"Pennsylvania > South Central PA > Safe Harbor > Safe Harbor South > g. Autumn Arch Sector",3.5,4,,,Sport,5.12a/b,80,6600
2012-10-14,"Autumn Arch",5.10b,,https://www.mountainproject.com/route/107379077/autumn-arch,1,"Pennsylvania > South Central PA > Safe Harbor > Safe Harbor South > g. Autumn Arch Sector",3.5,3,,,Sport,,85,2900
2012-07-21,"The Blackout",5.9-,,https://www.mountainproject.com/route/106134077/the-blackout,3,"New York > The Gunks > The Trapps > b. Jackie and friends",2.7,2,,,Trad,,160,2300
2012-07-21,Matinee,5.10d,,https://www.mountainproject.com/route/105799057/matinee,2,"New York > The Gunks > The Trapps > b. Jackie and friends",3.5,4,,,Trad,,150,3500
2012-07-04,"Opposing Gravity/the Streak (1st pitch)",5.10a,,https://www.mountainproject.com/route/106381333/opposing-gravitythe-streak-1st-pitch,1,"Pennsylvania > Southeastern Lowlands > Birdsboro Quarry > f. Big Wall",2.3,2,,,Sport,5.10a,,2600
2012-07-04,"Twisted Sister",5.11c/d,,https://www.mountainproject.com/route/107097666/twisted-sister,1,"Pennsylvania > Southeastern Lowlands > Birdsboro Quarry > f. Big Wall",3.1,3,,,Sport,5.11c,70,5400
2012-07-04,"Laid Back and Well Hung",5.11c,,https://www.mountainproject.com/route/106381287/laid-back-and-well-hung,1,"Pennsylvania > Southeastern Lowlands > Birdsboro Quarry > f. Big Wall",3.1,2,,,Sport,5.11c,,5200
2012-05-19,"There Goes the Hood",5.7,,https://www.mountainproject.com/route/107375214/there-goes-the-hood,1,"Pennsylvania > South Central PA > Safe Harbor > Safe Harbor South > k. Hydroman Sector",1.8,2,,,Sport,5.7,,1800
2012-05-19,Econoline,5.8+,,https://www.mountainproject.com/route/107394470/econoline,1,"Pennsylvania > South Central PA > Safe Harbor > Safe Harbor South > j. Train in Vain Sector",1.3,1,,,Sport,5.8,50,2200
2012-05-19,"Crips & Bloods",5.11b,,https://www.mountainproject.com/route/107441509/crips-bloods,1,"Pennsylvania > South Central PA > Safe Harbor > Safe Harbor South > i. Numero Uno Sector",1.8,2,,,Sport,5.11d,,4900
2012-05-19,"Le Eaglet",5.7,,https://www.mountainproject.com/route/107375211/le-eaglet,1,"Pennsylvania > South Central PA > Safe Harbor > Safe Harbor South > k. Hydroman Sector",2.5,3,,,Sport,5.7,50,1800
2012-05-17,"The Problem",5.12a,,https://www.mountainproject.com/route/107280129/the-problem,1,"Pennsylvania > Southeastern Lowlands > Ralph Stover State Park (High Rocks) > j. The Great Zawn",3.0,3,,,"Sport, TR",5.11d,30,6600
2012-05-13,"The Problem",5.12a,,https://www.mountainproject.com/route/107280129/the-problem,1,"Pennsylvania > Southeastern Lowlands > Ralph Stover State Park (High Rocks) > j. The Great Zawn",3.0,3,,,"Sport, TR",5.11d,30,6600
2012-05-06,"Route 1","5.4 PG13","free solo, but shitty route",https://www.mountainproject.com/route/106135053/route-1,2,"Pennsylvania > Southeastern Lowlands > Ralph Stover State Park (High Rocks) > c. Neolithic Wall",1.2,0,,,Trad,,95,1400
2012-05-06,"Orvie Direct",5.10-,,https://www.mountainproject.com/route/106134576/orvie-direct,1,"Pennsylvania > Southeastern Lowlands > Ralph Stover State Park (High Rocks) > a. Descent Trail Area",2.3,-1,,,"Trad, TR",,30,2700
2012-05-06,"The End Climb (aka Orvie)",5.8+,,https://www.mountainproject.com/route/106134580/the-end-climb-aka-orvie,1,"Pennsylvania > Southeastern Lowlands > Ralph Stover State Park (High Rocks) > a. Descent Trail Area",2.2,-1,,,TR,,40,2200
2012-05-06,"Shit Face",5.10b,,https://www.mountainproject.com/route/106135029/shit-face,1,"Pennsylvania > Southeastern Lowlands > Ralph Stover State Park (High Rocks) > b. Practice Face",1.9,1,,,"Sport, TR",,50,2900
2012-05-06,Gorilla,"5.11d PG13",,https://www.mountainproject.com/route/106164191/gorilla,1,"Pennsylvania > Southeastern Lowlands > Ralph Stover State Park (High Rocks) > d. Tango Wall",2.4,2,,,Trad,,90,5500
2012-05-06,"Called on Account of Pain",5.11+,,https://www.mountainproject.com/route/106489004/called-on-account-of-pain,1,"Pennsylvania > Southeastern Lowlands > Ralph Stover State Park (High Rocks) > q. Phone Booth",3.1,4,,,TR,5.11+,,5300
2012-05-06,"Phone Booth",5.10a/b,,https://www.mountainproject.com/route/106489007/phone-booth,1,"Pennsylvania > Southeastern Lowlands > Ralph Stover State Park (High Rocks) > q. Phone Booth",3.0,4,,,TR,,45,2800
2012-05-06,Neanderthal,5.9,,https://www.mountainproject.com/route/106135073/neanderthal,2,"Pennsylvania > Southeastern Lowlands > Ralph Stover State Park (High Rocks) > c. Neolithic Wall",2.9,3,,,Trad,,105,2400
2012-05-06,"Stopper Ceiling",5.10d,,https://www.mountainproject.com/route/106135068/stopper-ceiling,1,"Pennsylvania > Southeastern Lowlands > Ralph Stover State Park (High Rocks) > c. Neolithic Wall",2.8,4,,,TR,,55,3500
2012-05-06,"Obnoxious Partner Crack",5.8+,,https://www.mountainproject.com/route/106856766/obnoxious-partner-crack,1,"Pennsylvania > Southeastern Lowlands > Ralph Stover State Park (High Rocks) > p. Obnoxious Partner",2.6,3,,,"Trad, TR",,45,2200
2012-05-05,"Far Face Direct",5.8,,https://www.mountainproject.com/route/106488988/far-face-direct,1,"Pennsylvania > Southeastern Lowlands > Ralph Stover State Park (High Rocks) > r. Far Face",2.3,-1,,,TR,,45,2100
2012-04-07,"Tales from the Crypt","5.10a R",,https://www.mountainproject.com/route/107226580/tales-from-the-crypt,2,"Pennsylvania > Southeastern Lowlands > Ralph Stover State Park (High Rocks) > g. The Great Buttress",2.7,2,,,"Trad, Sport, TR",,120,2600
2012-04-07,"Dean's List",5.11b,,https://www.mountainproject.com/route/106892065/deans-list,1,"Pennsylvania > Southeastern Lowlands > Ralph Stover State Park (High Rocks) > g. The Great Buttress",2.4,2,,,Sport,,60,4900
2011-07-04,"Spaghetti Sauce",5.8,"deserves more stars than the book has",https://www.mountainproject.com/route/106582078/spaghetti-sauce,1,"Washington > Central-East Cascades, Wenatchee, & Leavenworth > Leavenworth > Icicle Creek > Icicle Buttress and Bob's Wall > Icicle Buttress",2.7,3,,,Trad,,70,2100
2011-07-04,"Roger's Corner",5.9,,https://www.mountainproject.com/route/105838643/rogers-corner,1,"Washington > Central-West Cascades & Seattle > Skykomish Valley > Index > Lower Town Wall > Roger's Corner Area",2.7,-1,,,Trad,,120,2400
2011-07-04,"Cunning Stunt",5.10c/d,,https://www.mountainproject.com/route/105800865/cunning-stunt,1,"Washington > Central-West Cascades & Seattle > Skykomish Valley > Index > The Country Area > (c) The Country",3.6,4,,,Sport,,80,3400
2011-07-04,"Great Northern Slab",5.7,"free solo'd the first two pitches",https://www.mountainproject.com/route/105790657/great-northern-slab,3,"Washington > Central-West Cascades & Seattle > Skykomish Valley > Index > Lower Town Wall > Great Northern Slab",3.0,4,,,Trad,,250,1800
2011-07-04,"Hind Quarters",5.10b,,https://www.mountainproject.com/route/106228490/hind-quarters,1,"Washington > Central-East Cascades, Wenatchee, & Leavenworth > Leavenworth > Icicle Creek > Alphabet Rock",2.6,-1,,,Sport,,60,2900
2011-07-04,"Dogleg Crack",5.8+,,https://www.mountainproject.com/route/105825054/dogleg-crack,1,"Washington > Central-East Cascades, Wenatchee, & Leavenworth > Leavenworth > Icicle Creek > Alphabet Rock",2.8,3,,,Trad,,60,2200
2011-07-04,"Meat Grinder",5.10a,,https://www.mountainproject.com/route/105825060/meat-grinder,1,"Washington > Central-East Cascades, Wenatchee, & Leavenworth > Leavenworth > Icicle Creek > Alphabet Rock",2.9,3,,,Trad,,70,2600
2011-07-04,"The Arch",5.8,"absolute classic, not sure why the book has only 1 star",https://www.mountainproject.com/route/106589156/the-arch,1,"Washington > Central-East Cascades, Wenatchee, & Leavenworth > Leavenworth > Icicle Creek > Icicle Buttress and Bob's Wall > Icicle Buttress",2.7,4,,,Trad,,80,2100
2011-07-01,"Cunning Stunt",5.10c/d,,https://www.mountainproject.com/route/105800865/cunning-stunt,1,"Washington > Central-West Cascades & Seattle > Skykomish Valley > Index > The Country Area > (c) The Country",3.6,4,,,Sport,,80,3400
2011-07-01,"Climax Control",5.11,,https://www.mountainproject.com/route/105805759/climax-control,1,"Washington > Central-West Cascades & Seattle > Skykomish Valley > Index > The Country Area > (c) The Country",3.5,3,,,Sport,,70,5000
2011-06-18,"Princely Ambitions",5.9,,https://www.mountainproject.com/route/105790710/princely-ambitions,2,"Washington > Central-West Cascades & Seattle > Skykomish Valley > Index > Lower Town Wall > Dwarf Tossing to Narrow Arrow",3.7,-1,,,Trad,,,2400
2011-06-11,Zoom,5.10d,,https://www.mountainproject.com/route/106054444/zoom,1,"Washington > Central-West Cascades & Seattle > Skykomish Valley > Index > The Country Area > (c) The Country",3.7,3,,,Trad,,80,3500
